group,name_of_1,name_of_2,R,CIL,CIU,n,R_type
ACB,P1.anc.YRI.2way,P2.anc.YRI.2way,-0.196774502499613,-0.575064647157793,0.250838550443135,20,corsym
ACB,P1.anc.YRI.2way,P2.anc.YRI.2way,-0.020008215143454,-0.458469683330039,0.426286933262063,20,pearson
ACB,P1.adm.YRI,P2.adm.YRI,0.230652078250789,-0.217284517107233,0.598341920338989,20,corsym
ACB,P1.adm.YRI,P2.adm.YRI,0.215361837408393,-0.251088171990601,0.60064034052868,20,pearson
ACB,P1.anc.YRI.2way.rand.1,P2.anc.YRI.2way.rand.1,-0.196774502499613,-0.575064647157793,0.250838550443135,20,corsym
ACB,P1.anc.YRI.2way.rand.1,P2.anc.YRI.2way.rand.1,-0.170033158269872,-0.569688733577122,0.294658688322541,20,pearson
ACB,P1.anc.YRI.2way.rand.2,P2.anc.YRI.2way.rand.2,-0.196774502499613,-0.575064647157793,0.250838550443135,20,corsym
ACB,P1.anc.YRI.2way.rand.2,P2.anc.YRI.2way.rand.2,-0.211470208024102,-0.598027591018881,0.254904530355092,20,pearson
ACB,P1.anc.YRI.2way.rand.3,P2.anc.YRI.2way.rand.3,-0.196774502499613,-0.575064647157793,0.250838550443135,20,corsym
ACB,P1.anc.YRI.2way.rand.3,P2.anc.YRI.2way.rand.3,-0.215440223234256,-0.600692882542438,0.251011153008322,20,pearson
ACB,P1.anc.YRI.2way.rand.4,P2.anc.YRI.2way.rand.4,-0.196774502499613,-0.575064647157793,0.250838550443135,20,corsym
ACB,P1.anc.YRI.2way.rand.4,P2.anc.YRI.2way.rand.4,-0.209624540017595,-0.596785573466033,0.256709434724163,20,pearson
ACB,P1.anc.YRI.2way.rand.5,P2.anc.YRI.2way.rand.5,-0.196774502499613,-0.575064647157793,0.250838550443135,20,corsym
ACB,P1.anc.YRI.2way.rand.5,P2.anc.YRI.2way.rand.5,-0.213995476551413,-0.599723934047225,0.252429758984602,20,pearson
ACB,P1.anc.YRI.2way.rand.6,P2.anc.YRI.2way.rand.6,-0.196774502499613,-0.575064647157793,0.250838550443135,20,corsym
ACB,P1.anc.YRI.2way.rand.6,P2.anc.YRI.2way.rand.6,-0.21881311586651,-0.602950584161137,0.247691470683678,20,pearson
ACB,P1.anc.YRI.2way.rand.7,P2.anc.YRI.2way.rand.7,-0.196774502499613,-0.575064647157793,0.250838550443135,20,corsym
ACB,P1.anc.YRI.2way.rand.7,P2.anc.YRI.2way.rand.7,-0.182802632765995,-0.578524291675647,0.282576916287658,20,pearson
ACB,P1.anc.YRI.2way.rand.8,P2.anc.YRI.2way.rand.8,-0.196774502499613,-0.575064647157793,0.250838550443135,20,corsym
ACB,P1.anc.YRI.2way.rand.8,P2.anc.YRI.2way.rand.8,-0.128254369070833,-0.540120491872731,0.333175884968698,20,pearson
ACB,P1.anc.YRI.2way.rand.9,P2.anc.YRI.2way.rand.9,-0.196774502499613,-0.575064647157793,0.250838550443135,20,corsym
ACB,P1.anc.YRI.2way.rand.9,P2.anc.YRI.2way.rand.9,-0.165165147320833,-0.566295921129911,0.299225748616385,20,pearson
ACB,P1.anc.YRI.2way.rand.10,P2.anc.YRI.2way.rand.10,-0.196774502499613,-0.575064647157793,0.250838550443135,20,corsym
ACB,P1.anc.YRI.2way.rand.10,P2.anc.YRI.2way.rand.10,-0.209680044744551,-0.5968229517049,0.256655203277726,20,pearson
ACB,P1.anc.YRI.2way.rand.11,P2.anc.YRI.2way.rand.11,-0.196774502499613,-0.575064647157793,0.250838550443135,20,corsym
ACB,P1.anc.YRI.2way.rand.11,P2.anc.YRI.2way.rand.11,-0.225516608729267,-0.607419485812008,0.241061050445435,20,pearson
ACB,P1.anc.YRI.2way.rand.12,P2.anc.YRI.2way.rand.12,-0.196774502499613,-0.575064647157793,0.250838550443135,20,corsym
ACB,P1.anc.YRI.2way.rand.12,P2.anc.YRI.2way.rand.12,-0.210162571026664,-0.597147825906057,0.256183622407717,20,pearson
ACB,P1.anc.YRI.2way.rand.13,P2.anc.YRI.2way.rand.13,-0.196774502499613,-0.575064647157793,0.250838550443135,20,corsym
ACB,P1.anc.YRI.2way.rand.13,P2.anc.YRI.2way.rand.13,-0.257360020079265,-0.628322893924883,0.208958445433161,20,pearson
ACB,P1.anc.YRI.2way.rand.14,P2.anc.YRI.2way.rand.14,-0.196774502499613,-0.575064647157793,0.250838550443135,20,corsym
ACB,P1.anc.YRI.2way.rand.14,P2.anc.YRI.2way.rand.14,-0.24592917685418,-0.620880316762567,0.220599138586779,20,pearson
ACB,P1.anc.YRI.2way.rand.15,P2.anc.YRI.2way.rand.15,-0.196774502499613,-0.575064647157793,0.250838550443135,20,corsym
ACB,P1.anc.YRI.2way.rand.15,P2.anc.YRI.2way.rand.15,-0.254375539294287,-0.62638623836613,0.212010516765332,20,pearson
ACB,P1.anc.YRI.2way.rand.16,P2.anc.YRI.2way.rand.16,-0.196774502499613,-0.575064647157793,0.250838550443135,20,corsym
ACB,P1.anc.YRI.2way.rand.16,P2.anc.YRI.2way.rand.16,-0.225733642549784,-0.607563769139499,0.240845652066733,20,pearson
ACB,P1.anc.YRI.2way.rand.17,P2.anc.YRI.2way.rand.17,-0.196774502499613,-0.575064647157793,0.250838550443135,20,corsym
ACB,P1.anc.YRI.2way.rand.17,P2.anc.YRI.2way.rand.17,-0.251402065407918,-0.624452147376853,0.215042311193977,20,pearson
ACB,P1.anc.YRI.2way.rand.18,P2.anc.YRI.2way.rand.18,-0.196774502499613,-0.575064647157793,0.250838550443135,20,corsym
ACB,P1.anc.YRI.2way.rand.18,P2.anc.YRI.2way.rand.18,-0.276074715573323,-0.640363106086887,0.189610561120878,20,pearson
ACB,P1.anc.YRI.2way.rand.19,P2.anc.YRI.2way.rand.19,-0.196774502499613,-0.575064647157793,0.250838550443135,20,corsym
ACB,P1.anc.YRI.2way.rand.19,P2.anc.YRI.2way.rand.19,-0.218447365153714,-0.602706059928075,0.248051981658629,20,pearson
ACB,P1.anc.YRI.2way.rand.20,P2.anc.YRI.2way.rand.20,-0.196774502499613,-0.575064647157793,0.250838550443135,20,corsym
ACB,P1.anc.YRI.2way.rand.20,P2.anc.YRI.2way.rand.20,-0.174272022088471,-0.572632001751811,0.29066451427507,20,pearson
ACB,P1.anc.YRI.2way.rand.21,P2.anc.YRI.2way.rand.21,-0.196774502499613,-0.575064647157793,0.250838550443135,20,corsym
ACB,P1.anc.YRI.2way.rand.21,P2.anc.YRI.2way.rand.21,-0.218607540953809,-0.602813155039793,0.247894116434892,20,pearson
ACB,P1.anc.YRI.2way.rand.22,P2.anc.YRI.2way.rand.22,-0.196774502499613,-0.575064647157793,0.250838550443135,20,corsym
ACB,P1.anc.YRI.2way.rand.22,P2.anc.YRI.2way.rand.22,-0.196993810455854,-0.588235809404339,0.268974517286292,20,pearson
ACB,P1.anc.YRI.2way.rand.23,P2.anc.YRI.2way.rand.23,-0.196774502499613,-0.575064647157793,0.250838550443135,20,corsym
ACB,P1.anc.YRI.2way.rand.23,P2.anc.YRI.2way.rand.23,-0.184939302101256,-0.579993698857498,0.280540794049098,20,pearson
ACB,P1.anc.YRI.2way.rand.24,P2.anc.YRI.2way.rand.24,-0.196774502499613,-0.575064647157793,0.250838550443135,20,corsym
ACB,P1.anc.YRI.2way.rand.24,P2.anc.YRI.2way.rand.24,-0.195902135163311,-0.587492723085502,0.270027541415559,20,pearson
ACB,P1.anc.YRI.2way.rand.25,P2.anc.YRI.2way.rand.25,-0.196774502499613,-0.575064647157793,0.250838550443135,20,corsym
ACB,P1.anc.YRI.2way.rand.25,P2.anc.YRI.2way.rand.25,-0.171922485996681,-0.571001861647956,0.292880426035531,20,pearson
ACB,P1.anc.YRI.2way.rand.26,P2.anc.YRI.2way.rand.26,-0.196774502499613,-0.575064647157793,0.250838550443135,20,corsym
ACB,P1.anc.YRI.2way.rand.26,P2.anc.YRI.2way.rand.26,-0.211576700617334,-0.598099197175045,0.254800290512347,20,pearson
ACB,P1.anc.YRI.2way.rand.27,P2.anc.YRI.2way.rand.27,-0.196774502499613,-0.575064647157793,0.250838550443135,20,corsym
ACB,P1.anc.YRI.2way.rand.27,P2.anc.YRI.2way.rand.27,-0.23238434076226,-0.611972946059863,0.234222710450973,20,pearson
ACB,P1.anc.YRI.2way.rand.28,P2.anc.YRI.2way.rand.28,-0.196774502499613,-0.575064647157793,0.250838550443135,20,corsym
ACB,P1.anc.YRI.2way.rand.28,P2.anc.YRI.2way.rand.28,-0.253027700542328,-0.625510106133214,0.213385904769741,20,pearson
ACB,P1.anc.YRI.2way.rand.29,P2.anc.YRI.2way.rand.29,-0.196774502499613,-0.575064647157793,0.250838550443135,20,corsym
ACB,P1.anc.YRI.2way.rand.29,P2.anc.YRI.2way.rand.29,-0.16770505859833,-0.568067837280921,0.296845511706943,20,pearson
ACB,P1.anc.YRI.2way.rand.30,P2.anc.YRI.2way.rand.30,-0.196774502499613,-0.575064647157793,0.250838550443135,20,corsym
ACB,P1.anc.YRI.2way.rand.30,P2.anc.YRI.2way.rand.30,-0.249783466105977,-0.623397405765633,0.216688886655916,20,pearson
ACB,P1.anc.YRI.2way.rand.31,P2.anc.YRI.2way.rand.31,-0.196774502499613,-0.575064647157793,0.250838550443135,20,corsym
ACB,P1.anc.YRI.2way.rand.31,P2.anc.YRI.2way.rand.31,-0.259583381691761,-0.629762670264237,0.206678810607482,20,pearson
ACB,P1.anc.YRI.2way.rand.32,P2.anc.YRI.2way.rand.32,-0.196774502499613,-0.575064647157793,0.250838550443135,20,corsym
ACB,P1.anc.YRI.2way.rand.32,P2.anc.YRI.2way.rand.32,-0.179291709117417,-0.576104206461526,0.285913541274909,20,pearson
ACB,P1.anc.YRI.2way.rand.33,P2.anc.YRI.2way.rand.33,-0.196774502499613,-0.575064647157793,0.250838550443135,20,corsym
ACB,P1.anc.YRI.2way.rand.33,P2.anc.YRI.2way.rand.33,-0.204842001916123,-0.593558573317002,0.261371259758711,20,pearson
ACB,P1.anc.YRI.2way.rand.34,P2.anc.YRI.2way.rand.34,-0.196774502499613,-0.575064647157793,0.250838550443135,20,corsym
ACB,P1.anc.YRI.2way.rand.34,P2.anc.YRI.2way.rand.34,-0.216427010843479,-0.601354041681261,0.250041066961943,20,pearson
ACB,P1.anc.YRI.2way.rand.35,P2.anc.YRI.2way.rand.35,-0.196774502499613,-0.575064647157793,0.250838550443135,20,corsym
ACB,P1.anc.YRI.2way.rand.35,P2.anc.YRI.2way.rand.35,-0.223048796846858,-0.605777118993229,0.243507037732479,20,pearson
ACB,P1.anc.YRI.2way.rand.36,P2.anc.YRI.2way.rand.36,-0.196774502499613,-0.575064647157793,0.250838550443135,20,corsym
ACB,P1.anc.YRI.2way.rand.36,P2.anc.YRI.2way.rand.36,-0.245366206580339,-0.620512014117695,0.221169030535324,20,pearson
ACB,P1.anc.YRI.2way.rand.37,P2.anc.YRI.2way.rand.37,-0.196774502499613,-0.575064647157793,0.250838550443135,20,corsym
ACB,P1.anc.YRI.2way.rand.37,P2.anc.YRI.2way.rand.37,-0.224236952900341,-0.606568262499868,0.242330129713343,20,pearson
ACB,P1.anc.YRI.2way.rand.38,P2.anc.YRI.2way.rand.38,-0.196774502499613,-0.575064647157793,0.250838550443135,20,corsym
ACB,P1.anc.YRI.2way.rand.38,P2.anc.YRI.2way.rand.38,-0.209021943888287,-0.596379662340218,0.257298018334999,20,pearson
ACB,P1.anc.YRI.2way.rand.39,P2.anc.YRI.2way.rand.39,-0.196774502499613,-0.575064647157793,0.250838550443135,20,corsym
ACB,P1.anc.YRI.2way.rand.39,P2.anc.YRI.2way.rand.39,-0.223809861021368,-0.606283966995508,0.242753336538795,20,pearson
ACB,P1.anc.YRI.2way.rand.40,P2.anc.YRI.2way.rand.40,-0.196774502499613,-0.575064647157793,0.250838550443135,20,corsym
ACB,P1.anc.YRI.2way.rand.40,P2.anc.YRI.2way.rand.40,-0.228860611059642,-0.609639773614114,0.237737136691887,20,pearson
ACB,P1.anc.YRI.2way.rand.41,P2.anc.YRI.2way.rand.41,-0.196774502499613,-0.575064647157793,0.250838550443135,20,corsym
ACB,P1.anc.YRI.2way.rand.41,P2.anc.YRI.2way.rand.41,-0.215414825695647,-0.600675858938476,0.251036108327154,20,pearson
ACB,P1.anc.YRI.2way.rand.42,P2.anc.YRI.2way.rand.42,-0.196774502499613,-0.575064647157793,0.250838550443135,20,corsym
ACB,P1.anc.YRI.2way.rand.42,P2.anc.YRI.2way.rand.42,-0.238555229943094,-0.616043030985291,0.228038593901026,20,pearson
ACB,P1.anc.YRI.2way.rand.43,P2.anc.YRI.2way.rand.43,-0.196774502499613,-0.575064647157793,0.250838550443135,20,corsym
ACB,P1.anc.YRI.2way.rand.43,P2.anc.YRI.2way.rand.43,-0.222531309707795,-0.605432309151481,0.244019196771502,20,pearson
ACB,P1.anc.YRI.2way.rand.44,P2.anc.YRI.2way.rand.44,-0.196774502499613,-0.575064647157793,0.250838550443135,20,corsym
ACB,P1.anc.YRI.2way.rand.44,P2.anc.YRI.2way.rand.44,-0.226188143970771,-0.607865838480091,0.240394426551564,20,pearson
ACB,P1.anc.YRI.2way.rand.45,P2.anc.YRI.2way.rand.45,-0.196774502499613,-0.575064647157793,0.250838550443135,20,corsym
ACB,P1.anc.YRI.2way.rand.45,P2.anc.YRI.2way.rand.45,-0.253144370986236,-0.625585982284463,0.213266922677513,20,pearson
ACB,P1.anc.YRI.2way.rand.46,P2.anc.YRI.2way.rand.46,-0.196774502499613,-0.575064647157793,0.250838550443135,20,corsym
ACB,P1.anc.YRI.2way.rand.46,P2.anc.YRI.2way.rand.46,-0.225725634728995,-0.607558446015849,0.240853600361907,20,pearson
ACB,P1.anc.YRI.2way.rand.47,P2.anc.YRI.2way.rand.47,-0.196774502499613,-0.575064647157793,0.250838550443135,20,corsym
ACB,P1.anc.YRI.2way.rand.47,P2.anc.YRI.2way.rand.47,-0.219513194936282,-0.60341842386708,0.247001060453574,20,pearson
ACB,P1.anc.YRI.2way.rand.48,P2.anc.YRI.2way.rand.48,-0.196774502499613,-0.575064647157793,0.250838550443135,20,corsym
ACB,P1.anc.YRI.2way.rand.48,P2.anc.YRI.2way.rand.48,-0.227231341750897,-0.608558747862366,0.23935798467117,20,pearson
ACB,P1.anc.YRI.2way.rand.49,P2.anc.YRI.2way.rand.49,-0.196774502499613,-0.575064647157793,0.250838550443135,20,corsym
ACB,P1.anc.YRI.2way.rand.49,P2.anc.YRI.2way.rand.49,-0.221023521688502,-0.604426826030637,0.24550997805709,20,pearson
ACB,P1.anc.YRI.2way.rand.50,P2.anc.YRI.2way.rand.50,-0.196774502499613,-0.575064647157793,0.250838550443135,20,corsym
ACB,P1.anc.YRI.2way.rand.50,P2.anc.YRI.2way.rand.50,-0.176419797915289,-0.574119406958636,0.28863451545912,20,pearson
ACB,P1.anc.YRI.2way.rand.51,P2.anc.YRI.2way.rand.51,-0.196774502499613,-0.575064647157793,0.250838550443135,20,corsym
ACB,P1.anc.YRI.2way.rand.51,P2.anc.YRI.2way.rand.51,-0.15852210236889,-0.561643941300276,0.305423964659392,20,pearson
ACB,P1.anc.YRI.2way.rand.52,P2.anc.YRI.2way.rand.52,-0.196774502499613,-0.575064647157793,0.250838550443135,20,corsym
ACB,P1.anc.YRI.2way.rand.52,P2.anc.YRI.2way.rand.52,-0.21649051590506,-0.601396572761881,0.249978604644876,20,pearson
ACB,P1.anc.YRI.2way.rand.53,P2.anc.YRI.2way.rand.53,-0.196774502499613,-0.575064647157793,0.250838550443135,20,corsym
ACB,P1.anc.YRI.2way.rand.53,P2.anc.YRI.2way.rand.53,-0.214522052808693,-0.600077224083339,0.25191294251803,20,pearson
ACB,P1.anc.YRI.2way.rand.54,P2.anc.YRI.2way.rand.54,-0.196774502499613,-0.575064647157793,0.250838550443135,20,corsym
ACB,P1.anc.YRI.2way.rand.54,P2.anc.YRI.2way.rand.54,-0.215730822442621,-0.600887642138061,0.250725569546085,20,pearson
ACB,P1.anc.YRI.2way.rand.55,P2.anc.YRI.2way.rand.55,-0.196774502499613,-0.575064647157793,0.250838550443135,20,corsym
ACB,P1.anc.YRI.2way.rand.55,P2.anc.YRI.2way.rand.55,-0.197665588159013,-0.588692749859231,0.268325969976189,20,pearson
ACB,P1.anc.YRI.2way.rand.56,P2.anc.YRI.2way.rand.56,-0.196774502499613,-0.575064647157793,0.250838550443135,20,corsym
ACB,P1.anc.YRI.2way.rand.56,P2.anc.YRI.2way.rand.56,-0.223084343162191,-0.605800798788103,0.243471847852937,20,pearson
ACB,P1.anc.YRI.2way.rand.57,P2.anc.YRI.2way.rand.57,-0.196774502499613,-0.575064647157793,0.250838550443135,20,corsym
ACB,P1.anc.YRI.2way.rand.57,P2.anc.YRI.2way.rand.57,-0.199318176296763,-0.589815771077482,0.266728729339442,20,pearson
ACB,P1.anc.YRI.2way.rand.58,P2.anc.YRI.2way.rand.58,-0.196774502499613,-0.575064647157793,0.250838550443135,20,corsym
ACB,P1.anc.YRI.2way.rand.58,P2.anc.YRI.2way.rand.58,-0.186337941996337,-0.580954166249016,0.279205698640849,20,pearson
ACB,P1.anc.YRI.2way.rand.59,P2.anc.YRI.2way.rand.59,-0.196774502499613,-0.575064647157793,0.250838550443135,20,corsym
ACB,P1.anc.YRI.2way.rand.59,P2.anc.YRI.2way.rand.59,-0.196900418385526,-0.588172264713083,0.269064646370976,20,pearson
ACB,P1.anc.YRI.2way.rand.60,P2.anc.YRI.2way.rand.60,-0.196774502499613,-0.575064647157793,0.250838550443135,20,corsym
ACB,P1.anc.YRI.2way.rand.60,P2.anc.YRI.2way.rand.60,-0.21980161199183,-0.603611086617167,0.246716488919882,20,pearson
ACB,P1.anc.YRI.2way.rand.61,P2.anc.YRI.2way.rand.61,-0.196774502499613,-0.575064647157793,0.250838550443135,20,corsym
ACB,P1.anc.YRI.2way.rand.61,P2.anc.YRI.2way.rand.61,-0.222921583893143,-0.605692368320641,0.24363296501251,20,pearson
ACB,P1.anc.YRI.2way.rand.62,P2.anc.YRI.2way.rand.62,-0.196774502499613,-0.575064647157793,0.250838550443135,20,corsym
ACB,P1.anc.YRI.2way.rand.62,P2.anc.YRI.2way.rand.62,-0.187466530412668,-0.58172838481478,0.278127071642239,20,pearson
ACB,P1.anc.YRI.2way.rand.63,P2.anc.YRI.2way.rand.63,-0.196774502499613,-0.575064647157793,0.250838550443135,20,corsym
ACB,P1.anc.YRI.2way.rand.63,P2.anc.YRI.2way.rand.63,-0.21929267728621,-0.603271087716038,0.247218583630288,20,pearson
ACB,P1.anc.YRI.2way.rand.64,P2.anc.YRI.2way.rand.64,-0.196774502499613,-0.575064647157793,0.250838550443135,20,corsym
ACB,P1.anc.YRI.2way.rand.64,P2.anc.YRI.2way.rand.64,-0.217474031293218,-0.602054981582212,0.249010742510874,20,pearson
ACB,P1.anc.YRI.2way.rand.65,P2.anc.YRI.2way.rand.65,-0.196774502499613,-0.575064647157793,0.250838550443135,20,corsym
ACB,P1.anc.YRI.2way.rand.65,P2.anc.YRI.2way.rand.65,-0.213645816901941,-0.599489257624471,0.252772790929053,20,pearson
ACB,P1.anc.YRI.2way.rand.66,P2.anc.YRI.2way.rand.66,-0.196774502499613,-0.575064647157793,0.250838550443135,20,corsym
ACB,P1.anc.YRI.2way.rand.66,P2.anc.YRI.2way.rand.66,-0.2484187511338,-0.622507047200429,0.21807513043219,20,pearson
ACB,P1.anc.YRI.2way.rand.67,P2.anc.YRI.2way.rand.67,-0.196774502499613,-0.575064647157793,0.250838550443135,20,corsym
ACB,P1.anc.YRI.2way.rand.67,P2.anc.YRI.2way.rand.67,-0.2663671785273,-0.634139972030896,0.199691887967066,20,pearson
ACB,P1.anc.YRI.2way.rand.68,P2.anc.YRI.2way.rand.68,-0.196774502499613,-0.575064647157793,0.250838550443135,20,corsym
ACB,P1.anc.YRI.2way.rand.68,P2.anc.YRI.2way.rand.68,-0.222807171009464,-0.605616137777201,0.243746208151513,20,pearson
ACB,P1.anc.YRI.2way.rand.69,P2.anc.YRI.2way.rand.69,-0.196774502499613,-0.575064647157793,0.250838550443135,20,corsym
ACB,P1.anc.YRI.2way.rand.69,P2.anc.YRI.2way.rand.69,-0.214915483112561,-0.600341085833281,0.251526630492831,20,pearson
ACB,P1.anc.YRI.2way.rand.70,P2.anc.YRI.2way.rand.70,-0.196774502499613,-0.575064647157793,0.250838550443135,20,corsym
ACB,P1.anc.YRI.2way.rand.70,P2.anc.YRI.2way.rand.70,-0.209973594709484,-0.597020607482423,0.256368338519103,20,pearson
ACB,P1.anc.YRI.2way.rand.71,P2.anc.YRI.2way.rand.71,-0.196774502499613,-0.575064647157793,0.250838550443135,20,corsym
ACB,P1.anc.YRI.2way.rand.71,P2.anc.YRI.2way.rand.71,-0.235123387706171,-0.613782002759456,0.231482445030702,20,pearson
ACB,P1.anc.YRI.2way.rand.72,P2.anc.YRI.2way.rand.72,-0.196774502499613,-0.575064647157793,0.250838550443135,20,corsym
ACB,P1.anc.YRI.2way.rand.72,P2.anc.YRI.2way.rand.72,-0.220549394903604,-0.604110397326555,0.245978301439501,20,pearson
ACB,P1.anc.YRI.2way.rand.73,P2.anc.YRI.2way.rand.73,-0.196774502499613,-0.575064647157793,0.250838550443135,20,corsym
ACB,P1.anc.YRI.2way.rand.73,P2.anc.YRI.2way.rand.73,-0.204039564376155,-0.593015904174697,0.262151318459289,20,pearson
ACB,P1.anc.YRI.2way.rand.74,P2.anc.YRI.2way.rand.74,-0.196774502499613,-0.575064647157793,0.250838550443135,20,corsym
ACB,P1.anc.YRI.2way.rand.74,P2.anc.YRI.2way.rand.74,-0.193132302439408,-0.585604373147567,0.272694315035885,20,pearson
ACB,P1.anc.YRI.2way.rand.75,P2.anc.YRI.2way.rand.75,-0.196774502499613,-0.575064647157793,0.250838550443135,20,corsym
ACB,P1.anc.YRI.2way.rand.75,P2.anc.YRI.2way.rand.75,-0.12481134845087,-0.537637540658023,0.336282880466521,20,pearson
ACB,P1.anc.YRI.2way.rand.76,P2.anc.YRI.2way.rand.76,-0.196774502499613,-0.575064647157793,0.250838550443135,20,corsym
ACB,P1.anc.YRI.2way.rand.76,P2.anc.YRI.2way.rand.76,-0.225745954861258,-0.60757195356599,0.240833431155938,20,pearson
ACB,P1.anc.YRI.2way.rand.77,P2.anc.YRI.2way.rand.77,-0.196774502499613,-0.575064647157793,0.250838550443135,20,corsym
ACB,P1.anc.YRI.2way.rand.77,P2.anc.YRI.2way.rand.77,-0.233619393690844,-0.612789152761071,0.232988025275966,20,pearson
ACB,P1.anc.YRI.2way.rand.78,P2.anc.YRI.2way.rand.78,-0.196774502499613,-0.575064647157793,0.250838550443135,20,corsym
ACB,P1.anc.YRI.2way.rand.78,P2.anc.YRI.2way.rand.78,-0.165956230458848,-0.566848201666955,0.298485017005626,20,pearson
ACB,P1.anc.YRI.2way.rand.79,P2.anc.YRI.2way.rand.79,-0.196774502499613,-0.575064647157793,0.250838550443135,20,corsym
ACB,P1.anc.YRI.2way.rand.79,P2.anc.YRI.2way.rand.79,-0.200360027611109,-0.590522988837393,0.265720453638957,20,pearson
ACB,P1.anc.YRI.2way.rand.80,P2.anc.YRI.2way.rand.80,-0.196774502499613,-0.575064647157793,0.250838550443135,20,corsym
ACB,P1.anc.YRI.2way.rand.80,P2.anc.YRI.2way.rand.80,-0.265671837805393,-0.633692379283213,0.200410235728765,20,pearson
ACB,P1.anc.YRI.2way.rand.81,P2.anc.YRI.2way.rand.81,-0.196774502499613,-0.575064647157793,0.250838550443135,20,corsym
ACB,P1.anc.YRI.2way.rand.81,P2.anc.YRI.2way.rand.81,-0.236078397161409,-0.614411823720764,0.230525266690567,20,pearson
ACB,P1.anc.YRI.2way.rand.82,P2.anc.YRI.2way.rand.82,-0.196774502499613,-0.575064647157793,0.250838550443135,20,corsym
ACB,P1.anc.YRI.2way.rand.82,P2.anc.YRI.2way.rand.82,-0.217253970641146,-0.601907708627351,0.249227381706947,20,pearson
ACB,P1.anc.YRI.2way.rand.83,P2.anc.YRI.2way.rand.83,-0.196774502499613,-0.575064647157793,0.250838550443135,20,corsym
ACB,P1.anc.YRI.2way.rand.83,P2.anc.YRI.2way.rand.83,-0.20042832427301,-0.590569328287508,0.265654322334554,20,pearson
ACB,P1.anc.YRI.2way.rand.84,P2.anc.YRI.2way.rand.84,-0.196774502499613,-0.575064647157793,0.250838550443135,20,corsym
ACB,P1.anc.YRI.2way.rand.84,P2.anc.YRI.2way.rand.84,-0.179504898987137,-0.576251357243693,0.285711256325909,20,pearson
ACB,P1.anc.YRI.2way.rand.85,P2.anc.YRI.2way.rand.85,-0.196774502499613,-0.575064647157793,0.250838550443135,20,corsym
ACB,P1.anc.YRI.2way.rand.85,P2.anc.YRI.2way.rand.85,-0.205713326552302,-0.594147429108958,0.26052354492468,20,pearson
ACB,P1.anc.YRI.2way.rand.86,P2.anc.YRI.2way.rand.86,-0.196774502499613,-0.575064647157793,0.250838550443135,20,corsym
ACB,P1.anc.YRI.2way.rand.86,P2.anc.YRI.2way.rand.86,-0.301969221009228,-0.656732392958029,0.162229972013792,20,pearson
ACB,P1.anc.YRI.2way.rand.87,P2.anc.YRI.2way.rand.87,-0.196774502499613,-0.575064647157793,0.250838550443135,20,corsym
ACB,P1.anc.YRI.2way.rand.87,P2.anc.YRI.2way.rand.87,-0.242109646954173,-0.618378276953265,0.22445938871353,20,pearson
ACB,P1.anc.YRI.2way.rand.88,P2.anc.YRI.2way.rand.88,-0.196774502499613,-0.575064647157793,0.250838550443135,20,corsym
ACB,P1.anc.YRI.2way.rand.88,P2.anc.YRI.2way.rand.88,-0.224410946138731,-0.606684053806203,0.242157668293192,20,pearson
ACB,P1.anc.YRI.2way.rand.89,P2.anc.YRI.2way.rand.89,-0.196774502499613,-0.575064647157793,0.250838550443135,20,corsym
ACB,P1.anc.YRI.2way.rand.89,P2.anc.YRI.2way.rand.89,-0.216839871955488,-0.601630507081683,0.249634915530867,20,pearson
ACB,P1.anc.YRI.2way.rand.90,P2.anc.YRI.2way.rand.90,-0.196774502499613,-0.575064647157793,0.250838550443135,20,corsym
ACB,P1.anc.YRI.2way.rand.90,P2.anc.YRI.2way.rand.90,-0.147977974678823,-0.554207410576089,0.31518197228924,20,pearson
ACB,P1.anc.YRI.2way.rand.91,P2.anc.YRI.2way.rand.91,-0.196774502499613,-0.575064647157793,0.250838550443135,20,corsym
ACB,P1.anc.YRI.2way.rand.91,P2.anc.YRI.2way.rand.91,-0.172824714698467,-0.571628212628603,0.292030099578112,20,pearson
ACB,P1.anc.YRI.2way.rand.92,P2.anc.YRI.2way.rand.92,-0.196774502499613,-0.575064647157793,0.250838550443135,20,corsym
ACB,P1.anc.YRI.2way.rand.92,P2.anc.YRI.2way.rand.92,-0.221848127271228,-0.60497687367625,0.244694946732535,20,pearson
ACB,P1.anc.YRI.2way.rand.93,P2.anc.YRI.2way.rand.93,-0.196774502499613,-0.575064647157793,0.250838550443135,20,corsym
ACB,P1.anc.YRI.2way.rand.93,P2.anc.YRI.2way.rand.93,-0.222526860788535,-0.605429344143118,0.244023598756179,20,pearson
ACB,P1.anc.YRI.2way.rand.94,P2.anc.YRI.2way.rand.94,-0.196774502499613,-0.575064647157793,0.250838550443135,20,corsym
ACB,P1.anc.YRI.2way.rand.94,P2.anc.YRI.2way.rand.94,-0.212160532377458,-0.598491658960632,0.254228616496768,20,pearson
ACB,P1.anc.YRI.2way.rand.95,P2.anc.YRI.2way.rand.95,-0.196774502499613,-0.575064647157793,0.250838550443135,20,corsym
ACB,P1.anc.YRI.2way.rand.95,P2.anc.YRI.2way.rand.95,-0.211303747732044,-0.59791564991642,0.255067447625403,20,pearson
ACB,P1.anc.YRI.2way.rand.96,P2.anc.YRI.2way.rand.96,-0.196774502499613,-0.575064647157793,0.250838550443135,20,corsym
ACB,P1.anc.YRI.2way.rand.96,P2.anc.YRI.2way.rand.96,-0.200087851328875,-0.590338291011601,0.265983956959983,20,pearson
ACB,P1.anc.YRI.2way.rand.97,P2.anc.YRI.2way.rand.97,-0.196774502499613,-0.575064647157793,0.250838550443135,20,corsym
ACB,P1.anc.YRI.2way.rand.97,P2.anc.YRI.2way.rand.97,-0.188762591063603,-0.582616609930079,0.27688693603446,20,pearson
ACB,P1.anc.YRI.2way.rand.98,P2.anc.YRI.2way.rand.98,-0.196774502499613,-0.575064647157793,0.250838550443135,20,corsym
ACB,P1.anc.YRI.2way.rand.98,P2.anc.YRI.2way.rand.98,-0.156211489940198,-0.56001987312808,0.307570678430326,20,pearson
ACB,P1.anc.YRI.2way.rand.99,P2.anc.YRI.2way.rand.99,-0.196774502499613,-0.575064647157793,0.250838550443135,20,corsym
ACB,P1.anc.YRI.2way.rand.99,P2.anc.YRI.2way.rand.99,-0.216268968427448,-0.601248186872155,0.250196497490061,20,pearson
ACB,P1.anc.YRI.2way.rand.100,P2.anc.YRI.2way.rand.100,-0.196774502499613,-0.575064647157793,0.250838550443135,20,corsym
ACB,P1.anc.YRI.2way.rand.100,P2.anc.YRI.2way.rand.100,-0.173714777665001,-0.572245662741902,0.291190518274924,20,pearson
ASW,P1.anc.YRI.2way,P2.anc.YRI.2way,-0.138713322800172,-0.615405118713686,0.412274525345424,13,corsym
ASW,P1.anc.YRI.2way,P2.anc.YRI.2way,0.783959846375295,0.410130602948917,0.932256586870472,13,pearson
ASW,P1.adm.YRI,P2.adm.YRI,0.273402996527896,-0.288953257665861,0.695483981066351,13,corsym
ASW,P1.adm.YRI,P2.adm.YRI,0.237832752312057,-0.360377229018659,0.697425745152377,13,pearson
ASW,P1.anc.YRI.2way.rand.1,P2.anc.YRI.2way.rand.1,-0.138713322800172,-0.615405118713686,0.412274525345424,13,corsym
ASW,P1.anc.YRI.2way.rand.1,P2.anc.YRI.2way.rand.1,-0.216556994853667,-0.685722124201449,0.379738612575622,13,pearson
ASW,P1.anc.YRI.2way.rand.2,P2.anc.YRI.2way.rand.2,-0.138713322800172,-0.615405118713686,0.412274525345424,13,corsym
ASW,P1.anc.YRI.2way.rand.2,P2.anc.YRI.2way.rand.2,-0.092100626347738,-0.612027904396606,0.483416156150097,13,pearson
ASW,P1.anc.YRI.2way.rand.3,P2.anc.YRI.2way.rand.3,-0.138713322800172,-0.615405118713686,0.412274525345424,13,corsym
ASW,P1.anc.YRI.2way.rand.3,P2.anc.YRI.2way.rand.3,-0.176947577591004,-0.663267293601525,0.414444172248254,13,pearson
ASW,P1.anc.YRI.2way.rand.4,P2.anc.YRI.2way.rand.4,-0.138713322800172,-0.615405118713686,0.412274525345424,13,corsym
ASW,P1.anc.YRI.2way.rand.4,P2.anc.YRI.2way.rand.4,-0.164729449051924,-0.65615942195895,0.424813406869767,13,pearson
ASW,P1.anc.YRI.2way.rand.5,P2.anc.YRI.2way.rand.5,-0.138713322800172,-0.615405118713686,0.412274525345424,13,corsym
ASW,P1.anc.YRI.2way.rand.5,P2.anc.YRI.2way.rand.5,-0.177503698471105,-0.663588741578955,0.413968523697682,13,pearson
ASW,P1.anc.YRI.2way.rand.6,P2.anc.YRI.2way.rand.6,-0.138713322800172,-0.615405118713686,0.412274525345424,13,corsym
ASW,P1.anc.YRI.2way.rand.6,P2.anc.YRI.2way.rand.6,-0.187061244397099,-0.669085268497374,0.405743195827447,13,pearson
ASW,P1.anc.YRI.2way.rand.7,P2.anc.YRI.2way.rand.7,-0.138713322800172,-0.615405118713686,0.412274525345424,13,corsym
ASW,P1.anc.YRI.2way.rand.7,P2.anc.YRI.2way.rand.7,-0.194594667420472,-0.673380878631297,0.399191465121328,13,pearson
ASW,P1.anc.YRI.2way.rand.8,P2.anc.YRI.2way.rand.8,-0.138713322800172,-0.615405118713686,0.412274525345424,13,corsym
ASW,P1.anc.YRI.2way.rand.8,P2.anc.YRI.2way.rand.8,-0.183660965382524,-0.667135798841447,0.408680558348677,13,pearson
ASW,P1.anc.YRI.2way.rand.9,P2.anc.YRI.2way.rand.9,-0.138713322800172,-0.615405118713686,0.412274525345424,13,corsym
ASW,P1.anc.YRI.2way.rand.9,P2.anc.YRI.2way.rand.9,-0.106267838339053,-0.620898292971784,0.472376033232122,13,pearson
ASW,P1.anc.YRI.2way.rand.10,P2.anc.YRI.2way.rand.10,-0.138713322800172,-0.615405118713686,0.412274525345424,13,corsym
ASW,P1.anc.YRI.2way.rand.10,P2.anc.YRI.2way.rand.10,-0.181844426116946,-0.666091607994228,0.410244779771826,13,pearson
ASW,P1.anc.YRI.2way.rand.11,P2.anc.YRI.2way.rand.11,-0.138713322800172,-0.615405118713686,0.412274525345424,13,corsym
ASW,P1.anc.YRI.2way.rand.11,P2.anc.YRI.2way.rand.11,-0.0639549639681667,-0.594008450611728,0.504819283744174,13,pearson
ASW,P1.anc.YRI.2way.rand.12,P2.anc.YRI.2way.rand.12,-0.138713322800172,-0.615405118713686,0.412274525345424,13,corsym
ASW,P1.anc.YRI.2way.rand.12,P2.anc.YRI.2way.rand.12,-0.175331742064656,-0.662332292048852,0.415824360869941,13,pearson
ASW,P1.anc.YRI.2way.rand.13,P2.anc.YRI.2way.rand.13,-0.138713322800172,-0.615405118713686,0.412274525345424,13,corsym
ASW,P1.anc.YRI.2way.rand.13,P2.anc.YRI.2way.rand.13,-0.175178790913401,-0.662243708361427,0.415954865319066,13,pearson
ASW,P1.anc.YRI.2way.rand.14,P2.anc.YRI.2way.rand.14,-0.138713322800172,-0.615405118713686,0.412274525345424,13,corsym
ASW,P1.anc.YRI.2way.rand.14,P2.anc.YRI.2way.rand.14,0.198489589824495,-0.395780147315402,0.675589184353014,13,pearson
ASW,P1.anc.YRI.2way.rand.15,P2.anc.YRI.2way.rand.15,-0.138713322800172,-0.615405118713686,0.412274525345424,13,corsym
ASW,P1.anc.YRI.2way.rand.15,P2.anc.YRI.2way.rand.15,-0.165459296335174,-0.656586472183328,0.424198316909194,13,pearson
ASW,P1.anc.YRI.2way.rand.16,P2.anc.YRI.2way.rand.16,-0.138713322800172,-0.615405118713686,0.412274525345424,13,corsym
ASW,P1.anc.YRI.2way.rand.16,P2.anc.YRI.2way.rand.16,-0.170360307267621,-0.659446031404046,0.420053772867994,13,pearson
ASW,P1.anc.YRI.2way.rand.17,P2.anc.YRI.2way.rand.17,-0.138713322800172,-0.615405118713686,0.412274525345424,13,corsym
ASW,P1.anc.YRI.2way.rand.17,P2.anc.YRI.2way.rand.17,-0.187045834562679,-0.669076448570471,0.405756535435205,13,pearson
ASW,P1.anc.YRI.2way.rand.18,P2.anc.YRI.2way.rand.18,-0.138713322800172,-0.615405118713686,0.412274525345424,13,corsym
ASW,P1.anc.YRI.2way.rand.18,P2.anc.YRI.2way.rand.18,-0.174830231978902,-0.662041784951474,0.416252179735359,13,pearson
ASW,P1.anc.YRI.2way.rand.19,P2.anc.YRI.2way.rand.19,-0.138713322800172,-0.615405118713686,0.412274525345424,13,corsym
ASW,P1.anc.YRI.2way.rand.19,P2.anc.YRI.2way.rand.19,-0.110827963519682,-0.623725717253394,0.468783399428101,13,pearson
ASW,P1.anc.YRI.2way.rand.20,P2.anc.YRI.2way.rand.20,-0.138713322800172,-0.615405118713686,0.412274525345424,13,corsym
ASW,P1.anc.YRI.2way.rand.20,P2.anc.YRI.2way.rand.20,-0.0632416574118634,-0.593544759524806,0.50535277513124,13,pearson
ASW,P1.anc.YRI.2way.rand.21,P2.anc.YRI.2way.rand.21,-0.138713322800172,-0.615405118713686,0.412274525345424,13,corsym
ASW,P1.anc.YRI.2way.rand.21,P2.anc.YRI.2way.rand.21,-0.116508424160922,-0.627229111371608,0.464281140733202,13,pearson
ASW,P1.anc.YRI.2way.rand.22,P2.anc.YRI.2way.rand.22,-0.138713322800172,-0.615405118713686,0.412274525345424,13,corsym
ASW,P1.anc.YRI.2way.rand.22,P2.anc.YRI.2way.rand.22,-0.182211063794524,-0.666302513231248,0.40992934853728,13,pearson
ASW,P1.anc.YRI.2way.rand.23,P2.anc.YRI.2way.rand.23,-0.138713322800172,-0.615405118713686,0.412274525345424,13,corsym
ASW,P1.anc.YRI.2way.rand.23,P2.anc.YRI.2way.rand.23,-0.186928831526572,-0.669009476631863,0.40585781151778,13,pearson
ASW,P1.anc.YRI.2way.rand.24,P2.anc.YRI.2way.rand.24,-0.138713322800172,-0.615405118713686,0.412274525345424,13,corsym
ASW,P1.anc.YRI.2way.rand.24,P2.anc.YRI.2way.rand.24,-0.143011203191903,-0.643305885692217,0.442871039593409,13,pearson
ASW,P1.anc.YRI.2way.rand.25,P2.anc.YRI.2way.rand.25,-0.138713322800172,-0.615405118713686,0.412274525345424,13,corsym
ASW,P1.anc.YRI.2way.rand.25,P2.anc.YRI.2way.rand.25,-0.17596448758333,-0.662698610383615,0.415284216578978,13,pearson
ASW,P1.anc.YRI.2way.rand.26,P2.anc.YRI.2way.rand.26,-0.138713322800172,-0.615405118713686,0.412274525345424,13,corsym
ASW,P1.anc.YRI.2way.rand.26,P2.anc.YRI.2way.rand.26,-0.174188143391227,-0.661669631850054,0.41679953891003,13,pearson
ASW,P1.anc.YRI.2way.rand.27,P2.anc.YRI.2way.rand.27,-0.138713322800172,-0.615405118713686,0.412274525345424,13,corsym
ASW,P1.anc.YRI.2way.rand.27,P2.anc.YRI.2way.rand.27,0.540379130843389,-0.0151029329244328,0.840972480394822,13,pearson
ASW,P1.anc.YRI.2way.rand.28,P2.anc.YRI.2way.rand.28,-0.138713322800172,-0.615405118713686,0.412274525345424,13,corsym
ASW,P1.anc.YRI.2way.rand.28,P2.anc.YRI.2way.rand.28,-0.178384486582153,-0.664097486117236,0.413214526782349,13,pearson
ASW,P1.anc.YRI.2way.rand.29,P2.anc.YRI.2way.rand.29,-0.138713322800172,-0.615405118713686,0.412274525345424,13,corsym
ASW,P1.anc.YRI.2way.rand.29,P2.anc.YRI.2way.rand.29,-0.166900677928513,-0.657428933310558,0.422981970135012,13,pearson
ASW,P1.anc.YRI.2way.rand.30,P2.anc.YRI.2way.rand.30,-0.138713322800172,-0.615405118713686,0.412274525345424,13,corsym
ASW,P1.anc.YRI.2way.rand.30,P2.anc.YRI.2way.rand.30,-0.165354210138796,-0.656525003261711,0.424286913450808,13,pearson
ASW,P1.anc.YRI.2way.rand.31,P2.anc.YRI.2way.rand.31,-0.138713322800172,-0.615405118713686,0.412274525345424,13,corsym
ASW,P1.anc.YRI.2way.rand.31,P2.anc.YRI.2way.rand.31,-0.169082435817515,-0.658701802090812,0.421136784826569,13,pearson
ASW,P1.anc.YRI.2way.rand.32,P2.anc.YRI.2way.rand.32,-0.138713322800172,-0.615405118713686,0.412274525345424,13,corsym
ASW,P1.anc.YRI.2way.rand.32,P2.anc.YRI.2way.rand.32,-0.189235305004918,-0.670328247957464,0.403858673685257,13,pearson
ASW,P1.anc.YRI.2way.rand.33,P2.anc.YRI.2way.rand.33,-0.138713322800172,-0.615405118713686,0.412274525345424,13,corsym
ASW,P1.anc.YRI.2way.rand.33,P2.anc.YRI.2way.rand.33,-0.0584519555701129,-0.59042202640466,0.508923833140952,13,pearson
ASW,P1.anc.YRI.2way.rand.34,P2.anc.YRI.2way.rand.34,-0.138713322800172,-0.615405118713686,0.412274525345424,13,corsym
ASW,P1.anc.YRI.2way.rand.34,P2.anc.YRI.2way.rand.34,-0.181416177334781,-0.665845163400119,0.41061303791161,13,pearson
ASW,P1.anc.YRI.2way.rand.35,P2.anc.YRI.2way.rand.35,-0.138713322800172,-0.615405118713686,0.412274525345424,13,corsym
ASW,P1.anc.YRI.2way.rand.35,P2.anc.YRI.2way.rand.35,-0.0272220854295753,-0.569663029373722,0.531738749612942,13,pearson
ASW,P1.anc.YRI.2way.rand.36,P2.anc.YRI.2way.rand.36,-0.138713322800172,-0.615405118713686,0.412274525345424,13,corsym
ASW,P1.anc.YRI.2way.rand.36,P2.anc.YRI.2way.rand.36,-0.184401670235411,-0.667561029376374,0.40804173729158,13,pearson
ASW,P1.anc.YRI.2way.rand.37,P2.anc.YRI.2way.rand.37,-0.138713322800171,-0.615405118713686,0.412274525345424,13,corsym
ASW,P1.anc.YRI.2way.rand.37,P2.anc.YRI.2way.rand.37,-0.00371901484874716,-0.553569984168802,0.548390005501985,13,pearson
ASW,P1.anc.YRI.2way.rand.38,P2.anc.YRI.2way.rand.38,-0.138713322800172,-0.615405118713686,0.412274525345424,13,corsym
ASW,P1.anc.YRI.2way.rand.38,P2.anc.YRI.2way.rand.38,-0.185560825553046,-0.668225855751529,0.40704085786707,13,pearson
ASW,P1.anc.YRI.2way.rand.39,P2.anc.YRI.2way.rand.39,-0.138713322800172,-0.615405118713686,0.412274525345424,13,corsym
ASW,P1.anc.YRI.2way.rand.39,P2.anc.YRI.2way.rand.39,-0.153264368634821,-0.649409377259569,0.434404866826739,13,pearson
ASW,P1.anc.YRI.2way.rand.40,P2.anc.YRI.2way.rand.40,-0.138713322800172,-0.615405118713686,0.412274525345424,13,corsym
ASW,P1.anc.YRI.2way.rand.40,P2.anc.YRI.2way.rand.40,-0.133014703196789,-0.637293321674991,0.451025902230387,13,pearson
ASW,P1.anc.YRI.2way.rand.41,P2.anc.YRI.2way.rand.41,-0.138713322800172,-0.615405118713686,0.412274525345424,13,corsym
ASW,P1.anc.YRI.2way.rand.41,P2.anc.YRI.2way.rand.41,-0.185100514149794,-0.667961939237445,0.407438486858461,13,pearson
ASW,P1.anc.YRI.2way.rand.42,P2.anc.YRI.2way.rand.42,-0.138713322800172,-0.615405118713686,0.412274525345424,13,corsym
ASW,P1.anc.YRI.2way.rand.42,P2.anc.YRI.2way.rand.42,-0.180140032703965,-0.665110152266718,0.411709271475085,13,pearson
ASW,P1.anc.YRI.2way.rand.43,P2.anc.YRI.2way.rand.43,-0.138713322800172,-0.615405118713686,0.412274525345424,13,corsym
ASW,P1.anc.YRI.2way.rand.43,P2.anc.YRI.2way.rand.43,-0.16026909522211,-0.65354270973966,0.42856064726823,13,pearson
ASW,P1.anc.YRI.2way.rand.44,P2.anc.YRI.2way.rand.44,-0.138713322800172,-0.615405118713686,0.412274525345424,13,corsym
ASW,P1.anc.YRI.2way.rand.44,P2.anc.YRI.2way.rand.44,-0.169332853883264,-0.65884772049821,0.42092468490958,13,pearson
ASW,P1.anc.YRI.2way.rand.45,P2.anc.YRI.2way.rand.45,-0.138713322800172,-0.615405118713686,0.412274525345424,13,corsym
ASW,P1.anc.YRI.2way.rand.45,P2.anc.YRI.2way.rand.45,-0.191470079224293,-0.671603131736408,0.40191626296615,13,pearson
ASW,P1.anc.YRI.2way.rand.46,P2.anc.YRI.2way.rand.46,-0.138713322800172,-0.615405118713686,0.412274525345424,13,corsym
ASW,P1.anc.YRI.2way.rand.46,P2.anc.YRI.2way.rand.46,-0.06114492475398,-0.592179718814469,0.5069184365176,13,pearson
ASW,P1.anc.YRI.2way.rand.47,P2.anc.YRI.2way.rand.47,-0.138713322800172,-0.615405118713686,0.412274525345424,13,corsym
ASW,P1.anc.YRI.2way.rand.47,P2.anc.YRI.2way.rand.47,-0.174307229146281,-0.66173867183283,0.416698054624652,13,pearson
ASW,P1.anc.YRI.2way.rand.48,P2.anc.YRI.2way.rand.48,-0.138713322800172,-0.615405118713686,0.412274525345424,13,corsym
ASW,P1.anc.YRI.2way.rand.48,P2.anc.YRI.2way.rand.48,-0.168770595892947,-0.658520041711858,0.421400817818345,13,pearson
ASW,P1.anc.YRI.2way.rand.49,P2.anc.YRI.2way.rand.49,-0.138713322800172,-0.615405118713686,0.412274525345424,13,corsym
ASW,P1.anc.YRI.2way.rand.49,P2.anc.YRI.2way.rand.49,-0.165074216911072,-0.656361192698531,0.424522916300286,13,pearson
ASW,P1.anc.YRI.2way.rand.50,P2.anc.YRI.2way.rand.50,-0.138713322800172,-0.615405118713686,0.412274525345424,13,corsym
ASW,P1.anc.YRI.2way.rand.50,P2.anc.YRI.2way.rand.50,0.430594810343159,-0.157837711578903,0.793355419241395,13,pearson
ASW,P1.anc.YRI.2way.rand.51,P2.anc.YRI.2way.rand.51,-0.138713322800172,-0.615405118713686,0.412274525345424,13,corsym
ASW,P1.anc.YRI.2way.rand.51,P2.anc.YRI.2way.rand.51,-0.181419476420503,-0.665847062331166,0.410610201711794,13,pearson
ASW,P1.anc.YRI.2way.rand.52,P2.anc.YRI.2way.rand.52,-0.138713322800172,-0.615405118713686,0.412274525345424,13,corsym
ASW,P1.anc.YRI.2way.rand.52,P2.anc.YRI.2way.rand.52,-0.167364610195641,-0.65769983258931,0.422590016260937,13,pearson
ASW,P1.anc.YRI.2way.rand.53,P2.anc.YRI.2way.rand.53,-0.138713322800172,-0.615405118713686,0.412274525345424,13,corsym
ASW,P1.anc.YRI.2way.rand.53,P2.anc.YRI.2way.rand.53,-0.184916691846799,-0.667856511983337,0.407597214607057,13,pearson
ASW,P1.anc.YRI.2way.rand.54,P2.anc.YRI.2way.rand.54,-0.138713322800172,-0.615405118713686,0.412274525345424,13,corsym
ASW,P1.anc.YRI.2way.rand.54,P2.anc.YRI.2way.rand.54,-0.155493210989013,-0.650727755017338,0.432550639491708,13,pearson
ASW,P1.anc.YRI.2way.rand.55,P2.anc.YRI.2way.rand.55,-0.138713322800172,-0.615405118713686,0.412274525345424,13,corsym
ASW,P1.anc.YRI.2way.rand.55,P2.anc.YRI.2way.rand.55,-0.214477479502951,-0.684565034978591,0.381603399302452,13,pearson
ASW,P1.anc.YRI.2way.rand.56,P2.anc.YRI.2way.rand.56,-0.138713322800172,-0.615405118713686,0.412274525345424,13,corsym
ASW,P1.anc.YRI.2way.rand.56,P2.anc.YRI.2way.rand.56,-0.0362211968546317,-0.575716720479805,0.525246634579994,13,pearson
ASW,P1.anc.YRI.2way.rand.57,P2.anc.YRI.2way.rand.57,-0.138713322800172,-0.615405118713686,0.412274525345424,13,corsym
ASW,P1.anc.YRI.2way.rand.57,P2.anc.YRI.2way.rand.57,-0.175107387369333,-0.662202349389809,0.416015781534385,13,pearson
ASW,P1.anc.YRI.2way.rand.58,P2.anc.YRI.2way.rand.58,-0.138713322800172,-0.615405118713686,0.412274525345424,13,corsym
ASW,P1.anc.YRI.2way.rand.58,P2.anc.YRI.2way.rand.58,-0.193802301989904,-0.672930582585003,0.399883441650948,13,pearson
ASW,P1.anc.YRI.2way.rand.59,P2.anc.YRI.2way.rand.59,-0.138713322800172,-0.615405118713686,0.412274525345424,13,corsym
ASW,P1.anc.YRI.2way.rand.59,P2.anc.YRI.2way.rand.59,-0.054464494737951,-0.587810122811977,0.511881942164099,13,pearson
ASW,P1.anc.YRI.2way.rand.60,P2.anc.YRI.2way.rand.60,-0.138713322800172,-0.615405118713686,0.412274525345424,13,corsym
ASW,P1.anc.YRI.2way.rand.60,P2.anc.YRI.2way.rand.60,-0.20320739872785,-0.678252626972805,0.39162603415949,13,pearson
ASW,P1.anc.YRI.2way.rand.61,P2.anc.YRI.2way.rand.61,-0.138713322800172,-0.615405118713686,0.412274525345424,13,corsym
ASW,P1.anc.YRI.2way.rand.61,P2.anc.YRI.2way.rand.61,-0.232848546047238,-0.694705786625273,0.364959667675487,13,pearson
ASW,P1.anc.YRI.2way.rand.62,P2.anc.YRI.2way.rand.62,-0.138713322800172,-0.615405118713686,0.412274525345424,13,corsym
ASW,P1.anc.YRI.2way.rand.62,P2.anc.YRI.2way.rand.62,-0.0622682514327902,-0.592911420000539,0.506080097680245,13,pearson
ASW,P1.anc.YRI.2way.rand.63,P2.anc.YRI.2way.rand.63,-0.138713322800172,-0.615405118713686,0.412274525345424,13,corsym
ASW,P1.anc.YRI.2way.rand.63,P2.anc.YRI.2way.rand.63,-0.175643569086114,-0.662512848635328,0.415558221312932,13,pearson
ASW,P1.anc.YRI.2way.rand.64,P2.anc.YRI.2way.rand.64,-0.138713322800172,-0.615405118713686,0.412274525345424,13,corsym
ASW,P1.anc.YRI.2way.rand.64,P2.anc.YRI.2way.rand.64,-0.153462336106487,-0.649526597390253,0.434240374257273,13,pearson
ASW,P1.anc.YRI.2way.rand.65,P2.anc.YRI.2way.rand.65,-0.138713322800172,-0.615405118713686,0.412274525345424,13,corsym
ASW,P1.anc.YRI.2way.rand.65,P2.anc.YRI.2way.rand.65,-0.174212732844182,-0.661683888266001,0.41677858510799,13,pearson
ASW,P1.anc.YRI.2way.rand.66,P2.anc.YRI.2way.rand.66,-0.138713322800172,-0.615405118713686,0.412274525345424,13,corsym
ASW,P1.anc.YRI.2way.rand.66,P2.anc.YRI.2way.rand.66,-0.172086121904934,-0.660449622389719,0.418588449255499,13,pearson
ASW,P1.anc.YRI.2way.rand.67,P2.anc.YRI.2way.rand.67,-0.138713322800172,-0.615405118713686,0.412274525345424,13,corsym
ASW,P1.anc.YRI.2way.rand.67,P2.anc.YRI.2way.rand.67,-0.0324399475856804,-0.573180263248473,0.527982478599079,13,pearson
ASW,P1.anc.YRI.2way.rand.68,P2.anc.YRI.2way.rand.68,-0.138713322800172,-0.615405118713686,0.412274525345424,13,corsym
ASW,P1.anc.YRI.2way.rand.68,P2.anc.YRI.2way.rand.68,-0.177011134051363,-0.663304039475112,0.414389828942274,13,pearson
ASW,P1.anc.YRI.2way.rand.69,P2.anc.YRI.2way.rand.69,-0.138713322800172,-0.615405118713686,0.412274525345424,13,corsym
ASW,P1.anc.YRI.2way.rand.69,P2.anc.YRI.2way.rand.69,-0.184029824072301,-0.667347595962196,0.408362508625667,13,pearson
ASW,P1.anc.YRI.2way.rand.70,P2.anc.YRI.2way.rand.70,-0.138713322800172,-0.615405118713686,0.412274525345424,13,corsym
ASW,P1.anc.YRI.2way.rand.70,P2.anc.YRI.2way.rand.70,-0.177718190619343,-0.663712673992831,0.413784982845645,13,pearson
ASW,P1.anc.YRI.2way.rand.71,P2.anc.YRI.2way.rand.71,-0.138713322800172,-0.615405118713686,0.412274525345424,13,corsym
ASW,P1.anc.YRI.2way.rand.71,P2.anc.YRI.2way.rand.71,-0.193191066256952,-0.672582978558406,0.400416774752229,13,pearson
ASW,P1.anc.YRI.2way.rand.72,P2.anc.YRI.2way.rand.72,-0.138713322800172,-0.615405118713686,0.412274525345424,13,corsym
ASW,P1.anc.YRI.2way.rand.72,P2.anc.YRI.2way.rand.72,-0.181886867603916,-0.666116026066047,0.41020827312302,13,pearson
ASW,P1.anc.YRI.2way.rand.73,P2.anc.YRI.2way.rand.73,-0.138713322800172,-0.615405118713686,0.412274525345424,13,corsym
ASW,P1.anc.YRI.2way.rand.73,P2.anc.YRI.2way.rand.73,-0.198149273747804,-0.675396575911143,0.396078864093018,13,pearson
ASW,P1.anc.YRI.2way.rand.74,P2.anc.YRI.2way.rand.74,-0.138713322800172,-0.615405118713686,0.412274525345424,13,corsym
ASW,P1.anc.YRI.2way.rand.74,P2.anc.YRI.2way.rand.74,-0.18323078692039,-0.666888693388677,0.409051299624918,13,pearson
ASW,P1.anc.YRI.2way.rand.75,P2.anc.YRI.2way.rand.75,-0.138713322800172,-0.615405118713686,0.412274525345424,13,corsym
ASW,P1.anc.YRI.2way.rand.75,P2.anc.YRI.2way.rand.75,-0.142717835264339,-0.643130309173986,0.443111749549769,13,pearson
ASW,P1.anc.YRI.2way.rand.76,P2.anc.YRI.2way.rand.76,-0.138713322800172,-0.615405118713686,0.412274525345424,13,corsym
ASW,P1.anc.YRI.2way.rand.76,P2.anc.YRI.2way.rand.76,-0.155212801724172,-0.650562054771386,0.432784192534066,13,pearson
ASW,P1.anc.YRI.2way.rand.77,P2.anc.YRI.2way.rand.77,-0.138713322800172,-0.615405118713686,0.412274525345424,13,corsym
ASW,P1.anc.YRI.2way.rand.77,P2.anc.YRI.2way.rand.77,-0.157106220220478,-0.651680003887783,0.431205628751349,13,pearson
ASW,P1.anc.YRI.2way.rand.78,P2.anc.YRI.2way.rand.78,-0.138713322800172,-0.615405118713686,0.412274525345424,13,corsym
ASW,P1.anc.YRI.2way.rand.78,P2.anc.YRI.2way.rand.78,-0.170234015231407,-0.659372521887638,0.420160881883386,13,pearson
ASW,P1.anc.YRI.2way.rand.79,P2.anc.YRI.2way.rand.79,-0.138713322800172,-0.615405118713686,0.412274525345424,13,corsym
ASW,P1.anc.YRI.2way.rand.79,P2.anc.YRI.2way.rand.79,-0.190445119596053,-0.67101877020378,0.402807796098648,13,pearson
ASW,P1.anc.YRI.2way.rand.80,P2.anc.YRI.2way.rand.80,-0.138713322800172,-0.615405118713686,0.412274525345424,13,corsym
ASW,P1.anc.YRI.2way.rand.80,P2.anc.YRI.2way.rand.80,-0.192282056838902,-0.672065641901155,0.401209186871651,13,pearson
ASW,P1.anc.YRI.2way.rand.81,P2.anc.YRI.2way.rand.81,-0.138713322800172,-0.615405118713686,0.412274525345424,13,corsym
ASW,P1.anc.YRI.2way.rand.81,P2.anc.YRI.2way.rand.81,-0.193829253217902,-0.672945904626115,0.399859916127302,13,pearson
ASW,P1.anc.YRI.2way.rand.82,P2.anc.YRI.2way.rand.82,-0.138713322800172,-0.615405118713686,0.412274525345424,13,corsym
ASW,P1.anc.YRI.2way.rand.82,P2.anc.YRI.2way.rand.82,-0.179761383235331,-0.664891883541257,0.412034209711878,13,pearson
ASW,P1.anc.YRI.2way.rand.83,P2.anc.YRI.2way.rand.83,-0.138713322800172,-0.615405118713686,0.412274525345424,13,corsym
ASW,P1.anc.YRI.2way.rand.83,P2.anc.YRI.2way.rand.83,-0.195922683188607,-0.67413478542021,0.398030183666498,13,pearson
ASW,P1.anc.YRI.2way.rand.84,P2.anc.YRI.2way.rand.84,-0.138713322800172,-0.615405118713686,0.412274525345424,13,corsym
ASW,P1.anc.YRI.2way.rand.84,P2.anc.YRI.2way.rand.84,-0.175468783947265,-0.66241165010855,0.415707410204783,13,pearson
ASW,P1.anc.YRI.2way.rand.85,P2.anc.YRI.2way.rand.85,-0.138713322800172,-0.615405118713686,0.412274525345424,13,corsym
ASW,P1.anc.YRI.2way.rand.85,P2.anc.YRI.2way.rand.85,-0.132235648118567,-0.636822152736298,0.451657363599602,13,pearson
ASW,P1.anc.YRI.2way.rand.86,P2.anc.YRI.2way.rand.86,-0.138713322800172,-0.615405118713686,0.412274525345424,13,corsym
ASW,P1.anc.YRI.2way.rand.86,P2.anc.YRI.2way.rand.86,-0.191039074249509,-0.671357475082462,0.402291297991845,13,pearson
ASW,P1.anc.YRI.2way.rand.87,P2.anc.YRI.2way.rand.87,-0.138713322800172,-0.615405118713686,0.412274525345424,13,corsym
ASW,P1.anc.YRI.2way.rand.87,P2.anc.YRI.2way.rand.87,-0.171335584124052,-0.660013386023443,0.419226080491702,13,pearson
ASW,P1.anc.YRI.2way.rand.88,P2.anc.YRI.2way.rand.88,-0.138713322800172,-0.615405118713686,0.412274525345424,13,corsym
ASW,P1.anc.YRI.2way.rand.88,P2.anc.YRI.2way.rand.88,-0.167965897055646,-0.658050747332931,0.422081689590763,13,pearson
ASW,P1.anc.YRI.2way.rand.89,P2.anc.YRI.2way.rand.89,-0.138713322800172,-0.615405118713686,0.412274525345424,13,corsym
ASW,P1.anc.YRI.2way.rand.89,P2.anc.YRI.2way.rand.89,-0.171098028319976,-0.659875242359152,0.419427778468477,13,pearson
ASW,P1.anc.YRI.2way.rand.90,P2.anc.YRI.2way.rand.90,-0.138713322800172,-0.615405118713686,0.412274525345424,13,corsym
ASW,P1.anc.YRI.2way.rand.90,P2.anc.YRI.2way.rand.90,-0.172967423136355,-0.660961442130217,0.417838981755874,13,pearson
ASW,P1.anc.YRI.2way.rand.91,P2.anc.YRI.2way.rand.91,-0.138713322800172,-0.615405118713686,0.412274525345424,13,corsym
ASW,P1.anc.YRI.2way.rand.91,P2.anc.YRI.2way.rand.91,-0.175331742064656,-0.662332292048852,0.415824360869941,13,pearson
ASW,P1.anc.YRI.2way.rand.92,P2.anc.YRI.2way.rand.92,-0.138713322800172,-0.615405118713686,0.412274525345424,13,corsym
ASW,P1.anc.YRI.2way.rand.92,P2.anc.YRI.2way.rand.92,-0.170674659480428,-0.659628962582857,0.419787097468468,13,pearson
ASW,P1.anc.YRI.2way.rand.93,P2.anc.YRI.2way.rand.93,-0.138713322800172,-0.615405118713686,0.412274525345424,13,corsym
ASW,P1.anc.YRI.2way.rand.93,P2.anc.YRI.2way.rand.93,-0.0496895638058884,-0.584667705183816,0.51540665466638,13,pearson
ASW,P1.anc.YRI.2way.rand.94,P2.anc.YRI.2way.rand.94,-0.138713322800172,-0.615405118713686,0.412274525345424,13,corsym
ASW,P1.anc.YRI.2way.rand.94,P2.anc.YRI.2way.rand.94,-0.192688261722267,-0.672296879666909,0.400855195041859,13,pearson
ASW,P1.anc.YRI.2way.rand.95,P2.anc.YRI.2way.rand.95,-0.138713322800172,-0.615405118713686,0.412274525345424,13,corsym
ASW,P1.anc.YRI.2way.rand.95,P2.anc.YRI.2way.rand.95,-0.191778543021954,-0.671778879733384,0.401647733742083,13,pearson
ASW,P1.anc.YRI.2way.rand.96,P2.anc.YRI.2way.rand.96,-0.138713322800172,-0.615405118713686,0.412274525345424,13,corsym
ASW,P1.anc.YRI.2way.rand.96,P2.anc.YRI.2way.rand.96,-0.16455219528679,-0.656055659226881,0.424962708085448,13,pearson
ASW,P1.anc.YRI.2way.rand.97,P2.anc.YRI.2way.rand.97,-0.138713322800172,-0.615405118713686,0.412274525345424,13,corsym
ASW,P1.anc.YRI.2way.rand.97,P2.anc.YRI.2way.rand.97,-0.156183518131023,-0.651135472403026,0.431975345794172,13,pearson
ASW,P1.anc.YRI.2way.rand.98,P2.anc.YRI.2way.rand.98,-0.138713322800172,-0.615405118713686,0.412274525345424,13,corsym
ASW,P1.anc.YRI.2way.rand.98,P2.anc.YRI.2way.rand.98,-0.0974863104449648,-0.615415478296016,0.479240698452419,13,pearson
ASW,P1.anc.YRI.2way.rand.99,P2.anc.YRI.2way.rand.99,-0.138713322800172,-0.615405118713686,0.412274525345424,13,corsym
ASW,P1.anc.YRI.2way.rand.99,P2.anc.YRI.2way.rand.99,-0.169545581956748,-0.65897164804761,0.420744457069599,13,pearson
ASW,P1.anc.YRI.2way.rand.100,P2.anc.YRI.2way.rand.100,-0.138713322800172,-0.615405118713686,0.412274525345424,13,corsym
ASW,P1.anc.YRI.2way.rand.100,P2.anc.YRI.2way.rand.100,-0.205702747203499,-0.679656348970745,0.389418987576124,13,pearson
CLM,P1.anc.YRI.2way,P2.anc.YRI.2way,-0.114004915833347,-0.424470858073594,0.220448514644682,35,corsym
CLM,P1.anc.YRI.2way,P2.anc.YRI.2way,-0.0341952631181869,-0.363301818777932,0.302498387684426,35,pearson
CLM,P1.adm.YRI,P2.adm.YRI,0.025569970855321,-0.303213474458168,0.348913177457283,35,corsym
CLM,P1.adm.YRI,P2.adm.YRI,0.038158153319388,-0.298889086607404,0.366741190227677,35,pearson
CLM,P1.anc.YRI.2way.rand.1,P2.anc.YRI.2way.rand.1,-0.114004915833347,-0.424470858073594,0.220448514644682,35,corsym
CLM,P1.anc.YRI.2way.rand.1,P2.anc.YRI.2way.rand.1,-0.116991164023921,-0.433343007581277,0.22502854622497,35,pearson
CLM,P1.anc.YRI.2way.rand.2,P2.anc.YRI.2way.rand.2,-0.114004915833347,-0.424470858073594,0.220448514644682,35,corsym
CLM,P1.anc.YRI.2way.rand.2,P2.anc.YRI.2way.rand.2,-0.12413575123739,-0.439213015167929,0.218134541629409,35,pearson
CLM,P1.anc.YRI.2way.rand.3,P2.anc.YRI.2way.rand.3,-0.114004915833347,-0.424470858073594,0.220448514644682,35,corsym
CLM,P1.anc.YRI.2way.rand.3,P2.anc.YRI.2way.rand.3,-0.129043810536117,-0.443229958159246,0.213378746453854,35,pearson
CLM,P1.anc.YRI.2way.rand.4,P2.anc.YRI.2way.rand.4,-0.114004915833347,-0.424470858073594,0.220448514644682,35,corsym
CLM,P1.anc.YRI.2way.rand.4,P2.anc.YRI.2way.rand.4,-0.119912874045908,-0.435746738857931,0.222213442082604,35,pearson
CLM,P1.anc.YRI.2way.rand.5,P2.anc.YRI.2way.rand.5,-0.114004915833347,-0.424470858073594,0.220448514644682,35,corsym
CLM,P1.anc.YRI.2way.rand.5,P2.anc.YRI.2way.rand.5,-0.124809853767734,-0.439765473751856,0.217482313588904,35,pearson
CLM,P1.anc.YRI.2way.rand.6,P2.anc.YRI.2way.rand.6,-0.114004915833347,-0.424470858073594,0.220448514644682,35,corsym
CLM,P1.anc.YRI.2way.rand.6,P2.anc.YRI.2way.rand.6,-0.0827225974267251,-0.404809743785166,0.257625926126955,35,pearson
CLM,P1.anc.YRI.2way.rand.7,P2.anc.YRI.2way.rand.7,-0.114004915833347,-0.424470858073594,0.220448514644682,35,corsym
CLM,P1.anc.YRI.2way.rand.7,P2.anc.YRI.2way.rand.7,-0.115938923978702,-0.43247621133676,0.226040996065392,35,pearson
CLM,P1.anc.YRI.2way.rand.8,P2.anc.YRI.2way.rand.8,-0.114004915833347,-0.424470858073594,0.220448514644682,35,corsym
CLM,P1.anc.YRI.2way.rand.8,P2.anc.YRI.2way.rand.8,-0.133311539495953,-0.446712604171567,0.209230183576356,35,pearson
CLM,P1.anc.YRI.2way.rand.9,P2.anc.YRI.2way.rand.9,-0.114004915833347,-0.424470858073594,0.220448514644682,35,corsym
CLM,P1.anc.YRI.2way.rand.9,P2.anc.YRI.2way.rand.9,-0.132140545241033,-0.445757968238167,0.210369709435179,35,pearson
CLM,P1.anc.YRI.2way.rand.10,P2.anc.YRI.2way.rand.10,-0.114004915833347,-0.424470858073594,0.220448514644682,35,corsym
CLM,P1.anc.YRI.2way.rand.10,P2.anc.YRI.2way.rand.10,-0.0692246886929776,-0.393396024308652,0.270256369877651,35,pearson
CLM,P1.anc.YRI.2way.rand.11,P2.anc.YRI.2way.rand.11,-0.114004915833347,-0.424470858073594,0.220448514644682,35,corsym
CLM,P1.anc.YRI.2way.rand.11,P2.anc.YRI.2way.rand.11,-0.131272067746652,-0.445049493636653,0.211214247462548,35,pearson
CLM,P1.anc.YRI.2way.rand.12,P2.anc.YRI.2way.rand.12,-0.114004915833347,-0.424470858073594,0.220448514644682,35,corsym
CLM,P1.anc.YRI.2way.rand.12,P2.anc.YRI.2way.rand.12,-0.119311947538814,-0.435252716039583,0.222792908623245,35,pearson
CLM,P1.anc.YRI.2way.rand.13,P2.anc.YRI.2way.rand.13,-0.114004915833347,-0.424470858073594,0.220448514644682,35,corsym
CLM,P1.anc.YRI.2way.rand.13,P2.anc.YRI.2way.rand.13,-0.128466717167255,-0.442758296625212,0.213938779654832,35,pearson
CLM,P1.anc.YRI.2way.rand.14,P2.anc.YRI.2way.rand.14,-0.114004915833347,-0.424470858073594,0.220448514644682,35,corsym
CLM,P1.anc.YRI.2way.rand.14,P2.anc.YRI.2way.rand.14,-0.124709268294814,-0.439683054374017,0.217579654490574,35,pearson
CLM,P1.anc.YRI.2way.rand.15,P2.anc.YRI.2way.rand.15,-0.114004915833347,-0.424470858073594,0.220448514644682,35,corsym
CLM,P1.anc.YRI.2way.rand.15,P2.anc.YRI.2way.rand.15,-0.0837004549424483,-0.405632731404772,0.256706371530509,35,pearson
CLM,P1.anc.YRI.2way.rand.16,P2.anc.YRI.2way.rand.16,-0.114004915833347,-0.424470858073594,0.220448514644682,35,corsym
CLM,P1.anc.YRI.2way.rand.16,P2.anc.YRI.2way.rand.16,-0.0197298588937519,-0.350670775611094,0.315591671652487,35,pearson
CLM,P1.anc.YRI.2way.rand.17,P2.anc.YRI.2way.rand.17,-0.114004915833347,-0.424470858073594,0.220448514644682,35,corsym
CLM,P1.anc.YRI.2way.rand.17,P2.anc.YRI.2way.rand.17,-0.126508413326382,-0.441156466691755,0.215837515309663,35,pearson
CLM,P1.anc.YRI.2way.rand.18,P2.anc.YRI.2way.rand.18,-0.114004915833347,-0.424470858073594,0.220448514644682,35,corsym
CLM,P1.anc.YRI.2way.rand.18,P2.anc.YRI.2way.rand.18,-0.128447309165096,-0.442742431336292,0.213957610001799,35,pearson
CLM,P1.anc.YRI.2way.rand.19,P2.anc.YRI.2way.rand.19,-0.114004915833347,-0.424470858073594,0.220448514644682,35,corsym
CLM,P1.anc.YRI.2way.rand.19,P2.anc.YRI.2way.rand.19,-0.131087474186429,-0.444898857812738,0.211393686853987,35,pearson
CLM,P1.anc.YRI.2way.rand.20,P2.anc.YRI.2way.rand.20,-0.114004915833347,-0.424470858073594,0.220448514644682,35,corsym
CLM,P1.anc.YRI.2way.rand.20,P2.anc.YRI.2way.rand.20,-0.125226650955907,-0.440106939356606,0.21707888839516,35,pearson
CLM,P1.anc.YRI.2way.rand.21,P2.anc.YRI.2way.rand.21,-0.114004915833347,-0.424470858073594,0.220448514644682,35,corsym
CLM,P1.anc.YRI.2way.rand.21,P2.anc.YRI.2way.rand.21,-0.124626865596398,-0.439615529943542,0.217659394063349,35,pearson
CLM,P1.anc.YRI.2way.rand.22,P2.anc.YRI.2way.rand.22,-0.114004915833347,-0.424470858073594,0.220448514644682,35,corsym
CLM,P1.anc.YRI.2way.rand.22,P2.anc.YRI.2way.rand.22,-0.108146456176696,-0.426038803882501,0.233515867815715,35,pearson
CLM,P1.anc.YRI.2way.rand.23,P2.anc.YRI.2way.rand.23,-0.114004915833347,-0.424470858073594,0.220448514644682,35,corsym
CLM,P1.anc.YRI.2way.rand.23,P2.anc.YRI.2way.rand.23,-0.130785577773792,-0.444652459836688,0.211687104055748,35,pearson
CLM,P1.anc.YRI.2way.rand.24,P2.anc.YRI.2way.rand.24,-0.114004915833347,-0.424470858073594,0.220448514644682,35,corsym
CLM,P1.anc.YRI.2way.rand.24,P2.anc.YRI.2way.rand.24,-0.105288764534558,-0.423669951937727,0.236247006370061,35,pearson
CLM,P1.anc.YRI.2way.rand.25,P2.anc.YRI.2way.rand.25,-0.114004915833347,-0.424470858073594,0.220448514644682,35,corsym
CLM,P1.anc.YRI.2way.rand.25,P2.anc.YRI.2way.rand.25,-0.125857278410925,-0.44062341464307,0.216468270808671,35,pearson
CLM,P1.anc.YRI.2way.rand.26,P2.anc.YRI.2way.rand.26,-0.114004915833347,-0.424470858073594,0.220448514644682,35,corsym
CLM,P1.anc.YRI.2way.rand.26,P2.anc.YRI.2way.rand.26,-0.133591012874872,-0.446940335320674,0.208958082967459,35,pearson
CLM,P1.anc.YRI.2way.rand.27,P2.anc.YRI.2way.rand.27,-0.114004915833347,-0.424470858073594,0.220448514644682,35,corsym
CLM,P1.anc.YRI.2way.rand.27,P2.anc.YRI.2way.rand.27,-0.133639347810825,-0.446979717316057,0.208911017771999,35,pearson
CLM,P1.anc.YRI.2way.rand.28,P2.anc.YRI.2way.rand.28,-0.114004915833347,-0.424470858073594,0.220448514644682,35,corsym
CLM,P1.anc.YRI.2way.rand.28,P2.anc.YRI.2way.rand.28,-0.127878958692227,-0.442277739589456,0.214508931409171,35,pearson
CLM,P1.anc.YRI.2way.rand.29,P2.anc.YRI.2way.rand.29,-0.114004915833347,-0.424470858073594,0.220448514644682,35,corsym
CLM,P1.anc.YRI.2way.rand.29,P2.anc.YRI.2way.rand.29,-0.0883191670490959,-0.409512904368369,0.252354695348726,35,pearson
CLM,P1.anc.YRI.2way.rand.30,P2.anc.YRI.2way.rand.30,-0.114004915833347,-0.424470858073594,0.220448514644682,35,corsym
CLM,P1.anc.YRI.2way.rand.30,P2.anc.YRI.2way.rand.30,-0.127044846833487,-0.441595451616741,0.215317656517496,35,pearson
CLM,P1.anc.YRI.2way.rand.31,P2.anc.YRI.2way.rand.31,-0.114004915833347,-0.424470858073594,0.220448514644682,35,corsym
CLM,P1.anc.YRI.2way.rand.31,P2.anc.YRI.2way.rand.31,-0.128286223873783,-0.442610742763491,0.214113890968017,35,pearson
CLM,P1.anc.YRI.2way.rand.32,P2.anc.YRI.2way.rand.32,-0.114004915833347,-0.424470858073594,0.220448514644682,35,corsym
CLM,P1.anc.YRI.2way.rand.32,P2.anc.YRI.2way.rand.32,-0.120857784612579,-0.436523166944396,0.221301786576751,35,pearson
CLM,P1.anc.YRI.2way.rand.33,P2.anc.YRI.2way.rand.33,-0.114004915833347,-0.424470858073594,0.220448514644682,35,corsym
CLM,P1.anc.YRI.2way.rand.33,P2.anc.YRI.2way.rand.33,-0.138130005894558,-0.450633292905144,0.20453139428181,35,pearson
CLM,P1.anc.YRI.2way.rand.34,P2.anc.YRI.2way.rand.34,-0.114004915833347,-0.424470858073594,0.220448514644682,35,corsym
CLM,P1.anc.YRI.2way.rand.34,P2.anc.YRI.2way.rand.34,-0.130624941116747,-0.444521334086684,0.211843203832837,35,pearson
CLM,P1.anc.YRI.2way.rand.35,P2.anc.YRI.2way.rand.35,-0.114004915833347,-0.424470858073594,0.220448514644682,35,corsym
CLM,P1.anc.YRI.2way.rand.35,P2.anc.YRI.2way.rand.35,-0.10575872714495,-0.424059821685425,0.235798226534842,35,pearson
CLM,P1.anc.YRI.2way.rand.36,P2.anc.YRI.2way.rand.36,-0.114004915833347,-0.424470858073594,0.220448514644682,35,corsym
CLM,P1.anc.YRI.2way.rand.36,P2.anc.YRI.2way.rand.36,-0.126869187347636,-0.441451719037855,0.215487909848948,35,pearson
CLM,P1.anc.YRI.2way.rand.37,P2.anc.YRI.2way.rand.37,-0.114004915833347,-0.424470858073594,0.220448514644682,35,corsym
CLM,P1.anc.YRI.2way.rand.37,P2.anc.YRI.2way.rand.37,-0.129137770352948,-0.443306735561555,0.213287542991213,35,pearson
CLM,P1.anc.YRI.2way.rand.38,P2.anc.YRI.2way.rand.38,-0.114004915833347,-0.424470858073594,0.220448514644682,35,corsym
CLM,P1.anc.YRI.2way.rand.38,P2.anc.YRI.2way.rand.38,-0.120845685433416,-0.436513228082796,0.221313463719964,35,pearson
CLM,P1.anc.YRI.2way.rand.39,P2.anc.YRI.2way.rand.39,-0.114004915833347,-0.424470858073594,0.220448514644682,35,corsym
CLM,P1.anc.YRI.2way.rand.39,P2.anc.YRI.2way.rand.39,-0.129514868944384,-0.443614827832701,0.212921446707684,35,pearson
CLM,P1.anc.YRI.2way.rand.40,P2.anc.YRI.2way.rand.40,-0.114004915833347,-0.424470858073594,0.220448514644682,35,corsym
CLM,P1.anc.YRI.2way.rand.40,P2.anc.YRI.2way.rand.40,-0.065936928618442,-0.390600704826893,0.273315241051832,35,pearson
CLM,P1.anc.YRI.2way.rand.41,P2.anc.YRI.2way.rand.41,-0.114004915833347,-0.424470858073594,0.220448514644682,35,corsym
CLM,P1.anc.YRI.2way.rand.41,P2.anc.YRI.2way.rand.41,-0.129983545345696,-0.443997636391994,0.212466310458076,35,pearson
CLM,P1.anc.YRI.2way.rand.42,P2.anc.YRI.2way.rand.42,-0.114004915833347,-0.424470858073594,0.220448514644682,35,corsym
CLM,P1.anc.YRI.2way.rand.42,P2.anc.YRI.2way.rand.42,-0.121061410588874,-0.436690423790531,0.221105248631651,35,pearson
CLM,P1.anc.YRI.2way.rand.43,P2.anc.YRI.2way.rand.43,-0.114004915833347,-0.424470858073594,0.220448514644682,35,corsym
CLM,P1.anc.YRI.2way.rand.43,P2.anc.YRI.2way.rand.43,-0.127819638849494,-0.442229229078902,0.214566461323669,35,pearson
CLM,P1.anc.YRI.2way.rand.44,P2.anc.YRI.2way.rand.44,-0.114004915833347,-0.424470858073594,0.220448514644682,35,corsym
CLM,P1.anc.YRI.2way.rand.44,P2.anc.YRI.2way.rand.44,-0.129189938358639,-0.443349361623424,0.213236902781006,35,pearson
CLM,P1.anc.YRI.2way.rand.45,P2.anc.YRI.2way.rand.45,-0.114004915833347,-0.424470858073594,0.220448514644682,35,corsym
CLM,P1.anc.YRI.2way.rand.45,P2.anc.YRI.2way.rand.45,-0.131485056075263,-0.445223278680461,0.211007177444824,35,pearson
CLM,P1.anc.YRI.2way.rand.46,P2.anc.YRI.2way.rand.46,-0.114004915833347,-0.424470858073594,0.220448514644682,35,corsym
CLM,P1.anc.YRI.2way.rand.46,P2.anc.YRI.2way.rand.46,-0.12447293648002,-0.439489384051362,0.217808336193893,35,pearson
CLM,P1.anc.YRI.2way.rand.47,P2.anc.YRI.2way.rand.47,-0.114004915833347,-0.424470858073594,0.220448514644682,35,corsym
CLM,P1.anc.YRI.2way.rand.47,P2.anc.YRI.2way.rand.47,-0.128928785191735,-0.443135961202368,0.213490389352299,35,pearson
CLM,P1.anc.YRI.2way.rand.48,P2.anc.YRI.2way.rand.48,-0.114004915833347,-0.424470858073594,0.220448514644682,35,corsym
CLM,P1.anc.YRI.2way.rand.48,P2.anc.YRI.2way.rand.48,-0.120470538913124,-0.436205026023468,0.221675475937937,35,pearson
CLM,P1.anc.YRI.2way.rand.49,P2.anc.YRI.2way.rand.49,-0.114004915833347,-0.424470858073594,0.220448514644682,35,corsym
CLM,P1.anc.YRI.2way.rand.49,P2.anc.YRI.2way.rand.49,-0.0949643710160905,-0.415075217573229,0.246069421422861,35,pearson
CLM,P1.anc.YRI.2way.rand.50,P2.anc.YRI.2way.rand.50,-0.114004915833347,-0.424470858073594,0.220448514644682,35,corsym
CLM,P1.anc.YRI.2way.rand.50,P2.anc.YRI.2way.rand.50,-0.121090295785538,-0.436714148106847,0.221077366650809,35,pearson
CLM,P1.anc.YRI.2way.rand.51,P2.anc.YRI.2way.rand.51,-0.114004915833347,-0.424470858073594,0.220448514644682,35,corsym
CLM,P1.anc.YRI.2way.rand.51,P2.anc.YRI.2way.rand.51,-0.127537745069205,-0.441998677173848,0.214839816721002,35,pearson
CLM,P1.anc.YRI.2way.rand.52,P2.anc.YRI.2way.rand.52,-0.114004915833347,-0.424470858073594,0.220448514644682,35,corsym
CLM,P1.anc.YRI.2way.rand.52,P2.anc.YRI.2way.rand.52,-0.125222888081844,-0.440103856988651,0.217082531069071,35,pearson
CLM,P1.anc.YRI.2way.rand.53,P2.anc.YRI.2way.rand.53,-0.114004915833347,-0.424470858073594,0.220448514644682,35,corsym
CLM,P1.anc.YRI.2way.rand.53,P2.anc.YRI.2way.rand.53,-0.118686588881776,-0.434738405404798,0.223395678227953,35,pearson
CLM,P1.anc.YRI.2way.rand.54,P2.anc.YRI.2way.rand.54,-0.114004915833347,-0.424470858073594,0.220448514644682,35,corsym
CLM,P1.anc.YRI.2way.rand.54,P2.anc.YRI.2way.rand.54,-0.0823587560865957,-0.404503393196836,0.257967916812829,35,pearson
CLM,P1.anc.YRI.2way.rand.55,P2.anc.YRI.2way.rand.55,-0.114004915833347,-0.424470858073594,0.220448514644682,35,corsym
CLM,P1.anc.YRI.2way.rand.55,P2.anc.YRI.2way.rand.55,-0.0976284721312079,-0.417298481429601,0.243541538316804,35,pearson
CLM,P1.anc.YRI.2way.rand.56,P2.anc.YRI.2way.rand.56,-0.114004915833347,-0.424470858073594,0.220448514644682,35,corsym
CLM,P1.anc.YRI.2way.rand.56,P2.anc.YRI.2way.rand.56,-0.092775871754931,-0.413245991366101,0.248142555417967,35,pearson
CLM,P1.anc.YRI.2way.rand.57,P2.anc.YRI.2way.rand.57,-0.114004915833347,-0.424470858073594,0.220448514644682,35,corsym
CLM,P1.anc.YRI.2way.rand.57,P2.anc.YRI.2way.rand.57,-0.134341663844939,-0.447551808369729,0.208226972226547,35,pearson
CLM,P1.anc.YRI.2way.rand.58,P2.anc.YRI.2way.rand.58,-0.114004915833347,-0.424470858073594,0.220448514644682,35,corsym
CLM,P1.anc.YRI.2way.rand.58,P2.anc.YRI.2way.rand.58,-0.126255366977401,-0.440949336495369,0.216082675685068,35,pearson
CLM,P1.anc.YRI.2way.rand.59,P2.anc.YRI.2way.rand.59,-0.114004915833347,-0.424470858073594,0.220448514644682,35,corsym
CLM,P1.anc.YRI.2way.rand.59,P2.anc.YRI.2way.rand.59,-0.121885953252279,-0.437367473936823,0.220309123306201,35,pearson
CLM,P1.anc.YRI.2way.rand.60,P2.anc.YRI.2way.rand.60,-0.114004915833347,-0.424470858073594,0.220448514644682,35,corsym
CLM,P1.anc.YRI.2way.rand.60,P2.anc.YRI.2way.rand.60,-0.127886313810057,-0.442283754320799,0.214501798060519,35,pearson
CLM,P1.anc.YRI.2way.rand.61,P2.anc.YRI.2way.rand.61,-0.114004915833347,-0.424470858073594,0.220448514644682,35,corsym
CLM,P1.anc.YRI.2way.rand.61,P2.anc.YRI.2way.rand.61,-0.124167729832586,-0.439239228509164,0.21810360763981,35,pearson
CLM,P1.anc.YRI.2way.rand.62,P2.anc.YRI.2way.rand.62,-0.114004915833347,-0.424470858073594,0.220448514644682,35,corsym
CLM,P1.anc.YRI.2way.rand.62,P2.anc.YRI.2way.rand.62,-0.126210832709133,-0.440912879658074,0.216125817614269,35,pearson
CLM,P1.anc.YRI.2way.rand.63,P2.anc.YRI.2way.rand.63,-0.114004915833347,-0.424470858073594,0.220448514644682,35,corsym
CLM,P1.anc.YRI.2way.rand.63,P2.anc.YRI.2way.rand.63,-0.129395115135342,-0.443516996150126,0.213037716974036,35,pearson
CLM,P1.anc.YRI.2way.rand.64,P2.anc.YRI.2way.rand.64,-0.114004915833347,-0.424470858073594,0.220448514644682,35,corsym
CLM,P1.anc.YRI.2way.rand.64,P2.anc.YRI.2way.rand.64,-0.122551169058786,-0.437913436754708,0.21966650129288,35,pearson
CLM,P1.anc.YRI.2way.rand.65,P2.anc.YRI.2way.rand.65,-0.114004915833347,-0.424470858073594,0.220448514644682,35,corsym
CLM,P1.anc.YRI.2way.rand.65,P2.anc.YRI.2way.rand.65,-0.124332717633723,-0.439374462997116,0.217943998364482,35,pearson
CLM,P1.anc.YRI.2way.rand.66,P2.anc.YRI.2way.rand.66,-0.114004915833347,-0.424470858073594,0.220448514644682,35,corsym
CLM,P1.anc.YRI.2way.rand.66,P2.anc.YRI.2way.rand.66,-0.129655918488597,-0.443730047254226,0.212784487742333,35,pearson
CLM,P1.anc.YRI.2way.rand.67,P2.anc.YRI.2way.rand.67,-0.114004915833347,-0.424470858073594,0.220448514644682,35,corsym
CLM,P1.anc.YRI.2way.rand.67,P2.anc.YRI.2way.rand.67,-0.113309579808441,-0.430307694657555,0.228567686523125,35,pearson
CLM,P1.anc.YRI.2way.rand.68,P2.anc.YRI.2way.rand.68,-0.114004915833347,-0.424470858073594,0.220448514644682,35,corsym
CLM,P1.anc.YRI.2way.rand.68,P2.anc.YRI.2way.rand.68,-0.136844793707779,-0.449588719332801,0.205786231617863,35,pearson
CLM,P1.anc.YRI.2way.rand.69,P2.anc.YRI.2way.rand.69,-0.114004915833347,-0.424470858073594,0.220448514644682,35,corsym
CLM,P1.anc.YRI.2way.rand.69,P2.anc.YRI.2way.rand.69,-0.127209143479274,-0.441729871992539,0.215158397480774,35,pearson
CLM,P1.anc.YRI.2way.rand.70,P2.anc.YRI.2way.rand.70,-0.114004915833347,-0.424470858073594,0.220448514644682,35,corsym
CLM,P1.anc.YRI.2way.rand.70,P2.anc.YRI.2way.rand.70,-0.125637498025902,-0.440443441158323,0.216681107950651,35,pearson
CLM,P1.anc.YRI.2way.rand.71,P2.anc.YRI.2way.rand.71,-0.114004915833347,-0.424470858073594,0.220448514644682,35,corsym
CLM,P1.anc.YRI.2way.rand.71,P2.anc.YRI.2way.rand.71,-0.128400665218173,-0.442704300914169,0.214002864608625,35,pearson
CLM,P1.anc.YRI.2way.rand.72,P2.anc.YRI.2way.rand.72,-0.114004915833347,-0.424470858073594,0.220448514644682,35,corsym
CLM,P1.anc.YRI.2way.rand.72,P2.anc.YRI.2way.rand.72,-0.128922702649738,-0.443130990449487,0.21349629278154,35,pearson
CLM,P1.anc.YRI.2way.rand.73,P2.anc.YRI.2way.rand.73,-0.114004915833347,-0.424470858073594,0.220448514644682,35,corsym
CLM,P1.anc.YRI.2way.rand.73,P2.anc.YRI.2way.rand.73,-0.131530100662527,-0.445260029195207,0.210963380574079,35,pearson
CLM,P1.anc.YRI.2way.rand.74,P2.anc.YRI.2way.rand.74,-0.114004915833347,-0.424470858073594,0.220448514644682,35,corsym
CLM,P1.anc.YRI.2way.rand.74,P2.anc.YRI.2way.rand.74,-0.128441139844925,-0.442737388115142,0.21396359564648,35,pearson
CLM,P1.anc.YRI.2way.rand.75,P2.anc.YRI.2way.rand.75,-0.114004915833347,-0.424470858073594,0.220448514644682,35,corsym
CLM,P1.anc.YRI.2way.rand.75,P2.anc.YRI.2way.rand.75,-0.13033264480293,-0.444282701645165,0.212127199968256,35,pearson
CLM,P1.anc.YRI.2way.rand.76,P2.anc.YRI.2way.rand.76,-0.114004915833347,-0.424470858073594,0.220448514644682,35,corsym
CLM,P1.anc.YRI.2way.rand.76,P2.anc.YRI.2way.rand.76,-0.0905334116356328,-0.411368976154444,0.250263571511658,35,pearson
CLM,P1.anc.YRI.2way.rand.77,P2.anc.YRI.2way.rand.77,-0.114004915833347,-0.424470858073594,0.220448514644682,35,corsym
CLM,P1.anc.YRI.2way.rand.77,P2.anc.YRI.2way.rand.77,-0.120245904346074,-0.436020441768558,0.221892200660201,35,pearson
CLM,P1.anc.YRI.2way.rand.78,P2.anc.YRI.2way.rand.78,-0.114004915833347,-0.424470858073594,0.220448514644682,35,corsym
CLM,P1.anc.YRI.2way.rand.78,P2.anc.YRI.2way.rand.78,-0.127936581166798,-0.44232486026699,0.214453045371315,35,pearson
CLM,P1.anc.YRI.2way.rand.79,P2.anc.YRI.2way.rand.79,-0.114004915833347,-0.424470858073594,0.220448514644682,35,corsym
CLM,P1.anc.YRI.2way.rand.79,P2.anc.YRI.2way.rand.79,-0.132856795799489,-0.446341965762007,0.209672817359679,35,pearson
CLM,P1.anc.YRI.2way.rand.80,P2.anc.YRI.2way.rand.80,-0.114004915833347,-0.424470858073594,0.220448514644682,35,corsym
CLM,P1.anc.YRI.2way.rand.80,P2.anc.YRI.2way.rand.80,-0.0798536491470687,-0.402392155121057,0.260320265676523,35,pearson
CLM,P1.anc.YRI.2way.rand.81,P2.anc.YRI.2way.rand.81,-0.114004915833347,-0.424470858073594,0.220448514644682,35,corsym
CLM,P1.anc.YRI.2way.rand.81,P2.anc.YRI.2way.rand.81,-0.127557519165705,-0.44201485112988,0.214820643318601,35,pearson
CLM,P1.anc.YRI.2way.rand.82,P2.anc.YRI.2way.rand.82,-0.114004915833347,-0.424470858073594,0.220448514644682,35,corsym
CLM,P1.anc.YRI.2way.rand.82,P2.anc.YRI.2way.rand.82,-0.0949455930777145,-0.415059533299016,0.246087222776798,35,pearson
CLM,P1.anc.YRI.2way.rand.83,P2.anc.YRI.2way.rand.83,-0.114004915833347,-0.424470858073594,0.220448514644682,35,corsym
CLM,P1.anc.YRI.2way.rand.83,P2.anc.YRI.2way.rand.83,-0.10812388680241,-0.426020112309872,0.233537458844437,35,pearson
CLM,P1.anc.YRI.2way.rand.84,P2.anc.YRI.2way.rand.84,-0.114004915833347,-0.424470858073594,0.220448514644682,35,corsym
CLM,P1.anc.YRI.2way.rand.84,P2.anc.YRI.2way.rand.84,-0.127374290215368,-0.441864973645483,0.214998296065003,35,pearson
CLM,P1.anc.YRI.2way.rand.85,P2.anc.YRI.2way.rand.85,-0.114004915833347,-0.424470858073594,0.220448514644682,35,corsym
CLM,P1.anc.YRI.2way.rand.85,P2.anc.YRI.2way.rand.85,-0.132850943547266,-0.4463371951884,0.209678512850431,35,pearson
CLM,P1.anc.YRI.2way.rand.86,P2.anc.YRI.2way.rand.86,-0.114004915833347,-0.424470858073594,0.220448514644682,35,corsym
CLM,P1.anc.YRI.2way.rand.86,P2.anc.YRI.2way.rand.86,-0.123974592307918,-0.439080902575187,0.218290425711398,35,pearson
CLM,P1.anc.YRI.2way.rand.87,P2.anc.YRI.2way.rand.87,-0.114004915833347,-0.424470858073594,0.220448514644682,35,corsym
CLM,P1.anc.YRI.2way.rand.87,P2.anc.YRI.2way.rand.87,-0.101319745586008,-0.420372637110043,0.240031325903138,35,pearson
CLM,P1.anc.YRI.2way.rand.88,P2.anc.YRI.2way.rand.88,-0.114004915833347,-0.424470858073594,0.220448514644682,35,corsym
CLM,P1.anc.YRI.2way.rand.88,P2.anc.YRI.2way.rand.88,-0.119245163756594,-0.435197801216184,0.22285729253619,35,pearson
CLM,P1.anc.YRI.2way.rand.89,P2.anc.YRI.2way.rand.89,-0.114004915833347,-0.424470858073594,0.220448514644682,35,corsym
CLM,P1.anc.YRI.2way.rand.89,P2.anc.YRI.2way.rand.89,-0.118143037836125,-0.434291207862411,0.223919382807453,35,pearson
CLM,P1.anc.YRI.2way.rand.90,P2.anc.YRI.2way.rand.90,-0.114004915833347,-0.424470858073594,0.220448514644682,35,corsym
CLM,P1.anc.YRI.2way.rand.90,P2.anc.YRI.2way.rand.90,-0.0994338786337039,-0.418802969476946,0.241825804944704,35,pearson
CLM,P1.anc.YRI.2way.rand.91,P2.anc.YRI.2way.rand.91,-0.114004915833347,-0.424470858073594,0.220448514644682,35,corsym
CLM,P1.anc.YRI.2way.rand.91,P2.anc.YRI.2way.rand.91,-0.124570824369399,-0.439569605239184,0.217713621515693,35,pearson
CLM,P1.anc.YRI.2way.rand.92,P2.anc.YRI.2way.rand.92,-0.114004915833347,-0.424470858073594,0.220448514644682,35,corsym
CLM,P1.anc.YRI.2way.rand.92,P2.anc.YRI.2way.rand.92,-0.0997236762146193,-0.419044301479319,0.241550202481037,35,pearson
CLM,P1.anc.YRI.2way.rand.93,P2.anc.YRI.2way.rand.93,-0.114004915833347,-0.424470858073594,0.220448514644682,35,corsym
CLM,P1.anc.YRI.2way.rand.93,P2.anc.YRI.2way.rand.93,-0.112822349343852,-0.429905455583416,0.229035389475265,35,pearson
CLM,P1.anc.YRI.2way.rand.94,P2.anc.YRI.2way.rand.94,-0.114004915833347,-0.424470858073594,0.220448514644682,35,corsym
CLM,P1.anc.YRI.2way.rand.94,P2.anc.YRI.2way.rand.94,-0.125648024762223,-0.440452061855847,0.216670914514101,35,pearson
CLM,P1.anc.YRI.2way.rand.95,P2.anc.YRI.2way.rand.95,-0.114004915833347,-0.424470858073594,0.220448514644682,35,corsym
CLM,P1.anc.YRI.2way.rand.95,P2.anc.YRI.2way.rand.95,-0.132054506729091,-0.445687798456206,0.210453399126901,35,pearson
CLM,P1.anc.YRI.2way.rand.96,P2.anc.YRI.2way.rand.96,-0.114004915833347,-0.424470858073594,0.220448514644682,35,corsym
CLM,P1.anc.YRI.2way.rand.96,P2.anc.YRI.2way.rand.96,-0.131399073587484,-0.445153125237758,0.211090774435562,35,pearson
CLM,P1.anc.YRI.2way.rand.97,P2.anc.YRI.2way.rand.97,-0.114004915833347,-0.424470858073594,0.220448514644682,35,corsym
CLM,P1.anc.YRI.2way.rand.97,P2.anc.YRI.2way.rand.97,-0.13036922704158,-0.444312570040518,0.212091659701837,35,pearson
CLM,P1.anc.YRI.2way.rand.98,P2.anc.YRI.2way.rand.98,-0.114004915833347,-0.424470858073594,0.220448514644682,35,corsym
CLM,P1.anc.YRI.2way.rand.98,P2.anc.YRI.2way.rand.98,-0.128657788996162,-0.442914479928298,0.213753381257022,35,pearson
CLM,P1.anc.YRI.2way.rand.99,P2.anc.YRI.2way.rand.99,-0.114004915833347,-0.424470858073594,0.220448514644682,35,corsym
CLM,P1.anc.YRI.2way.rand.99,P2.anc.YRI.2way.rand.99,-0.0914799346829629,-0.412161580096323,0.249368707729836,35,pearson
CLM,P1.anc.YRI.2way.rand.100,P2.anc.YRI.2way.rand.100,-0.114004915833347,-0.424470858073594,0.220448514644682,35,corsym
CLM,P1.anc.YRI.2way.rand.100,P2.anc.YRI.2way.rand.100,-0.0811665932202412,-0.403499097790517,0.259087886601088,35,pearson
MXL,P1.anc.YRI.2way,P2.anc.YRI.2way,-0.281125483491079,-0.567479558687564,0.0658942631858598,32,corsym
MXL,P1.anc.YRI.2way,P2.anc.YRI.2way,-0.377243672402832,-0.641546899306017,-0.0328740386136055,32,pearson
MXL,P1.adm.YRI,P2.adm.YRI,0.370917148038143,0.0345787440795649,0.631784009826594,32,corsym
MXL,P1.adm.YRI,P2.adm.YRI,0.372965214499881,0.0278996086296738,0.638607781900423,32,pearson
MXL,P1.anc.YRI.2way.rand.1,P2.anc.YRI.2way.rand.1,-0.281125483491078,-0.567479558687564,0.0658942631858599,32,corsym
MXL,P1.anc.YRI.2way.rand.1,P2.anc.YRI.2way.rand.1,-0.398846945673394,-0.656269842866891,-0.0582547912491811,32,pearson
MXL,P1.anc.YRI.2way.rand.2,P2.anc.YRI.2way.rand.2,-0.281125483491079,-0.567479558687564,0.0658942631858598,32,corsym
MXL,P1.anc.YRI.2way.rand.2,P2.anc.YRI.2way.rand.2,-0.444010314420518,-0.686428821360849,-0.112776880396593,32,pearson
MXL,P1.anc.YRI.2way.rand.3,P2.anc.YRI.2way.rand.3,-0.281125483491079,-0.567479558687564,0.0658942631858598,32,corsym
MXL,P1.anc.YRI.2way.rand.3,P2.anc.YRI.2way.rand.3,-0.388395161316574,-0.649171194426165,-0.0459202140602169,32,pearson
MXL,P1.anc.YRI.2way.rand.4,P2.anc.YRI.2way.rand.4,-0.281125483491078,-0.567479558687564,0.0658942631858599,32,corsym
MXL,P1.anc.YRI.2way.rand.4,P2.anc.YRI.2way.rand.4,-0.487885256506313,-0.714950034270382,-0.167725129397106,32,pearson
MXL,P1.anc.YRI.2way.rand.5,P2.anc.YRI.2way.rand.5,-0.281125483491078,-0.567479558687564,0.0658942631858599,32,corsym
MXL,P1.anc.YRI.2way.rand.5,P2.anc.YRI.2way.rand.5,-0.402694929913217,-0.658871891949892,-0.0628222967131593,32,pearson
MXL,P1.anc.YRI.2way.rand.6,P2.anc.YRI.2way.rand.6,-0.281125483491079,-0.567479558687564,0.0658942631858598,32,corsym
MXL,P1.anc.YRI.2way.rand.6,P2.anc.YRI.2way.rand.6,-0.429324273972629,-0.676712498089452,-0.0948260237767868,32,pearson
MXL,P1.anc.YRI.2way.rand.7,P2.anc.YRI.2way.rand.7,-0.281125483491078,-0.567479558687564,0.0658942631858599,32,corsym
MXL,P1.anc.YRI.2way.rand.7,P2.anc.YRI.2way.rand.7,-0.459574631366014,-0.696632598635483,-0.132040226817112,32,pearson
MXL,P1.anc.YRI.2way.rand.8,P2.anc.YRI.2way.rand.8,-0.281125483491078,-0.567479558687564,0.0658942631858599,32,corsym
MXL,P1.anc.YRI.2way.rand.8,P2.anc.YRI.2way.rand.8,-0.408271800082418,-0.662632183671765,-0.0694673324518194,32,pearson
MXL,P1.anc.YRI.2way.rand.9,P2.anc.YRI.2way.rand.9,-0.281125483491079,-0.567479558687564,0.0658942631858598,32,corsym
MXL,P1.anc.YRI.2way.rand.9,P2.anc.YRI.2way.rand.9,-0.41423699693064,-0.666640166135939,-0.0766085086781182,32,pearson
MXL,P1.anc.YRI.2way.rand.10,P2.anc.YRI.2way.rand.10,-0.281125483491079,-0.567479558687564,0.0658942631858598,32,corsym
MXL,P1.anc.YRI.2way.rand.10,P2.anc.YRI.2way.rand.10,-0.454167337127904,-0.693098480839833,-0.125319667843677,32,pearson
MXL,P1.anc.YRI.2way.rand.11,P2.anc.YRI.2way.rand.11,-0.281125483491078,-0.567479558687564,0.0658942631858599,32,corsym
MXL,P1.anc.YRI.2way.rand.11,P2.anc.YRI.2way.rand.11,-0.425857184332651,-0.674406019995489,-0.0906196774159626,32,pearson
MXL,P1.anc.YRI.2way.rand.12,P2.anc.YRI.2way.rand.12,-0.281125483491078,-0.567479558687564,0.0658942631858599,32,corsym
MXL,P1.anc.YRI.2way.rand.12,P2.anc.YRI.2way.rand.12,-0.429902024615411,-0.677096374735576,-0.095528125998976,32,pearson
MXL,P1.anc.YRI.2way.rand.13,P2.anc.YRI.2way.rand.13,-0.281125483491079,-0.567479558687564,0.0658942631858598,32,corsym
MXL,P1.anc.YRI.2way.rand.13,P2.anc.YRI.2way.rand.13,-0.429392120209473,-0.676757584345726,-0.0949084555893746,32,pearson
MXL,P1.anc.YRI.2way.rand.14,P2.anc.YRI.2way.rand.14,-0.281125483491079,-0.567479558687564,0.0658942631858598,32,corsym
MXL,P1.anc.YRI.2way.rand.14,P2.anc.YRI.2way.rand.14,-0.421812986008361,-0.671709477897389,-0.085728237544793,32,pearson
MXL,P1.anc.YRI.2way.rand.15,P2.anc.YRI.2way.rand.15,-0.281125483491078,-0.567479558687564,0.0658942631858599,32,corsym
MXL,P1.anc.YRI.2way.rand.15,P2.anc.YRI.2way.rand.15,-0.428811942942955,-0.676371975838327,-0.0942036999532536,32,pearson
MXL,P1.anc.YRI.2way.rand.16,P2.anc.YRI.2way.rand.16,-0.281125483491079,-0.567479558687564,0.0658942631858598,32,corsym
MXL,P1.anc.YRI.2way.rand.16,P2.anc.YRI.2way.rand.16,-0.432710194494009,-0.678960301632128,-0.0989454545117804,32,pearson
MXL,P1.anc.YRI.2way.rand.17,P2.anc.YRI.2way.rand.17,-0.281125483491079,-0.567479558687564,0.0658942631858598,32,corsym
MXL,P1.anc.YRI.2way.rand.17,P2.anc.YRI.2way.rand.17,-0.38044442410316,-0.643740615983878,-0.0366066427946674,32,pearson
MXL,P1.anc.YRI.2way.rand.18,P2.anc.YRI.2way.rand.18,-0.281125483491078,-0.567479558687564,0.0658942631858599,32,corsym
MXL,P1.anc.YRI.2way.rand.18,P2.anc.YRI.2way.rand.18,-0.409568537868647,-0.66350469561994,-0.071016761142033,32,pearson
MXL,P1.anc.YRI.2way.rand.19,P2.anc.YRI.2way.rand.19,-0.281125483491078,-0.567479558687564,0.0658942631858599,32,corsym
MXL,P1.anc.YRI.2way.rand.19,P2.anc.YRI.2way.rand.19,-0.408946050956225,-0.663085940558196,-0.0702727683583607,32,pearson
MXL,P1.anc.YRI.2way.rand.20,P2.anc.YRI.2way.rand.20,-0.281125483491079,-0.567479558687564,0.0658942631858598,32,corsym
MXL,P1.anc.YRI.2way.rand.20,P2.anc.YRI.2way.rand.20,-0.382115191371103,-0.644884002424098,-0.0385588513283717,32,pearson
MXL,P1.anc.YRI.2way.rand.21,P2.anc.YRI.2way.rand.21,-0.281125483491079,-0.567479558687564,0.0658942631858598,32,corsym
MXL,P1.anc.YRI.2way.rand.21,P2.anc.YRI.2way.rand.21,-0.407779905664835,-0.662301031056332,-0.0688800115662261,32,pearson
MXL,P1.anc.YRI.2way.rand.22,P2.anc.YRI.2way.rand.22,-0.281125483491079,-0.567479558687564,0.0658942631858598,32,corsym
MXL,P1.anc.YRI.2way.rand.22,P2.anc.YRI.2way.rand.22,-0.429306762091054,-0.676700860515176,-0.0948047479378028,32,pearson
MXL,P1.anc.YRI.2way.rand.23,P2.anc.YRI.2way.rand.23,-0.281125483491078,-0.567479558687564,0.0658942631858599,32,corsym
MXL,P1.anc.YRI.2way.rand.23,P2.anc.YRI.2way.rand.23,-0.357196412554266,-0.627707953937545,-0.00971210710469537,32,pearson
MXL,P1.anc.YRI.2way.rand.24,P2.anc.YRI.2way.rand.24,-0.281125483491078,-0.567479558687564,0.0658942631858599,32,corsym
MXL,P1.anc.YRI.2way.rand.24,P2.anc.YRI.2way.rand.24,-0.423921549786148,-0.673116227502,-0.0882765161618589,32,pearson
MXL,P1.anc.YRI.2way.rand.25,P2.anc.YRI.2way.rand.25,-0.281125483491078,-0.567479558687564,0.0658942631858599,32,corsym
MXL,P1.anc.YRI.2way.rand.25,P2.anc.YRI.2way.rand.25,-0.398021551143719,-0.655710903360206,-0.0572769129011487,32,pearson
MXL,P1.anc.YRI.2way.rand.26,P2.anc.YRI.2way.rand.26,-0.281125483491079,-0.567479558687564,0.0658942631858598,32,corsym
MXL,P1.anc.YRI.2way.rand.26,P2.anc.YRI.2way.rand.26,-0.387272786251948,-0.648406188655461,-0.044601833749531,32,pearson
MXL,P1.anc.YRI.2way.rand.27,P2.anc.YRI.2way.rand.27,-0.281125483491079,-0.567479558687564,0.0658942631858598,32,corsym
MXL,P1.anc.YRI.2way.rand.27,P2.anc.YRI.2way.rand.27,-0.412745324543741,-0.665639286483295,-0.0748195140161586,32,pearson
MXL,P1.anc.YRI.2way.rand.28,P2.anc.YRI.2way.rand.28,-0.281125483491078,-0.567479558687564,0.0658942631858599,32,corsym
MXL,P1.anc.YRI.2way.rand.28,P2.anc.YRI.2way.rand.28,-0.3875208521641,-0.648575314670675,-0.0448931177791209,32,pearson
MXL,P1.anc.YRI.2way.rand.29,P2.anc.YRI.2way.rand.29,-0.281125483491078,-0.567479558687564,0.0658942631858599,32,corsym
MXL,P1.anc.YRI.2way.rand.29,P2.anc.YRI.2way.rand.29,-0.407683393573794,-0.662236045621507,-0.0687648038966132,32,pearson
MXL,P1.anc.YRI.2way.rand.30,P2.anc.YRI.2way.rand.30,-0.281125483491079,-0.567479558687564,0.0658942631858598,32,corsym
MXL,P1.anc.YRI.2way.rand.30,P2.anc.YRI.2way.rand.30,-0.398041917933838,-0.655724698714154,-0.0573010343978347,32,pearson
MXL,P1.anc.YRI.2way.rand.31,P2.anc.YRI.2way.rand.31,-0.281125483491079,-0.567479558687564,0.0658942631858598,32,corsym
MXL,P1.anc.YRI.2way.rand.31,P2.anc.YRI.2way.rand.31,-0.40798719383275,-0.662440593491549,-0.0691274845606411,32,pearson
MXL,P1.anc.YRI.2way.rand.32,P2.anc.YRI.2way.rand.32,-0.281125483491079,-0.567479558687564,0.0658942631858598,32,corsym
MXL,P1.anc.YRI.2way.rand.32,P2.anc.YRI.2way.rand.32,-0.438300827075007,-0.682661665500893,-0.10577234676504,32,pearson
MXL,P1.anc.YRI.2way.rand.33,P2.anc.YRI.2way.rand.33,-0.281125483491079,-0.567479558687564,0.0658942631858598,32,corsym
MXL,P1.anc.YRI.2way.rand.33,P2.anc.YRI.2way.rand.33,-0.401917629290456,-0.658346766373468,-0.0618985024236063,32,pearson
MXL,P1.anc.YRI.2way.rand.34,P2.anc.YRI.2way.rand.34,-0.281125483491079,-0.567479558687564,0.0658942631858598,32,corsym
MXL,P1.anc.YRI.2way.rand.34,P2.anc.YRI.2way.rand.34,-0.385466114568865,-0.647173660721409,-0.0424821591558984,32,pearson
MXL,P1.anc.YRI.2way.rand.35,P2.anc.YRI.2way.rand.35,-0.281125483491079,-0.567479558687564,0.0658942631858598,32,corsym
MXL,P1.anc.YRI.2way.rand.35,P2.anc.YRI.2way.rand.35,-0.386061991819676,-0.6475803248933,-0.0431809300867872,32,pearson
MXL,P1.anc.YRI.2way.rand.36,P2.anc.YRI.2way.rand.36,-0.281125483491079,-0.567479558687564,0.0658942631858598,32,corsym
MXL,P1.anc.YRI.2way.rand.36,P2.anc.YRI.2way.rand.36,-0.417391978273476,-0.66875409565038,-0.0803995204927477,32,pearson
MXL,P1.anc.YRI.2way.rand.37,P2.anc.YRI.2way.rand.37,-0.281125483491079,-0.567479558687564,0.0658942631858598,32,corsym
MXL,P1.anc.YRI.2way.rand.37,P2.anc.YRI.2way.rand.37,-0.412516194739539,-0.665485464730711,-0.0745449063236078,32,pearson
MXL,P1.anc.YRI.2way.rand.38,P2.anc.YRI.2way.rand.38,-0.281125483491079,-0.567479558687564,0.0658942631858598,32,corsym
MXL,P1.anc.YRI.2way.rand.38,P2.anc.YRI.2way.rand.38,-0.441357046855049,-0.684679795450427,-0.109517689350772,32,pearson
MXL,P1.anc.YRI.2way.rand.39,P2.anc.YRI.2way.rand.39,-0.281125483491079,-0.567479558687564,0.0658942631858598,32,corsym
MXL,P1.anc.YRI.2way.rand.39,P2.anc.YRI.2way.rand.39,-0.38585827885663,-0.64744131509156,-0.0429420030454803,32,pearson
MXL,P1.anc.YRI.2way.rand.40,P2.anc.YRI.2way.rand.40,-0.281125483491079,-0.567479558687564,0.0658942631858598,32,corsym
MXL,P1.anc.YRI.2way.rand.40,P2.anc.YRI.2way.rand.40,-0.373452694383162,-0.638943051378402,-0.028465524944776,32,pearson
MXL,P1.anc.YRI.2way.rand.41,P2.anc.YRI.2way.rand.41,-0.281125483491079,-0.567479558687564,0.0658942631858598,32,corsym
MXL,P1.anc.YRI.2way.rand.41,P2.anc.YRI.2way.rand.41,-0.393567260145296,-0.652689669874555,-0.0520109944481995,32,pearson
MXL,P1.anc.YRI.2way.rand.42,P2.anc.YRI.2way.rand.42,-0.281125483491078,-0.567479558687564,0.0658942631858599,32,corsym
MXL,P1.anc.YRI.2way.rand.42,P2.anc.YRI.2way.rand.42,-0.495200668868209,-0.719633084708609,-0.177084496275197,32,pearson
MXL,P1.anc.YRI.2way.rand.43,P2.anc.YRI.2way.rand.43,-0.281125483491079,-0.567479558687564,0.0658942631858598,32,corsym
MXL,P1.anc.YRI.2way.rand.43,P2.anc.YRI.2way.rand.43,-0.40637608328537,-0.661355404122831,-0.0672051415458688,32,pearson
MXL,P1.anc.YRI.2way.rand.44,P2.anc.YRI.2way.rand.44,-0.281125483491079,-0.567479558687564,0.0658942631858598,32,corsym
MXL,P1.anc.YRI.2way.rand.44,P2.anc.YRI.2way.rand.44,-0.393673244435484,-0.652761652191531,-0.052136070194654,32,pearson
MXL,P1.anc.YRI.2way.rand.45,P2.anc.YRI.2way.rand.45,-0.281125483491078,-0.567479558687564,0.0658942631858599,32,corsym
MXL,P1.anc.YRI.2way.rand.45,P2.anc.YRI.2way.rand.45,-0.394286290133933,-0.653177928255041,-0.0528597570469512,32,pearson
MXL,P1.anc.YRI.2way.rand.46,P2.anc.YRI.2way.rand.46,-0.281125483491079,-0.567479558687564,0.0658942631858598,32,corsym
MXL,P1.anc.YRI.2way.rand.46,P2.anc.YRI.2way.rand.46,-0.445484882710952,-0.687399641310998,-0.114591280630209,32,pearson
MXL,P1.anc.YRI.2way.rand.47,P2.anc.YRI.2way.rand.47,-0.281125483491079,-0.567479558687564,0.0658942631858598,32,corsym
MXL,P1.anc.YRI.2way.rand.47,P2.anc.YRI.2way.rand.47,-0.368845636061769,-0.635770465128914,-0.023125998956409,32,pearson
MXL,P1.anc.YRI.2way.rand.48,P2.anc.YRI.2way.rand.48,-0.281125483491079,-0.567479558687564,0.0658942631858598,32,corsym
MXL,P1.anc.YRI.2way.rand.48,P2.anc.YRI.2way.rand.48,-0.437747491188186,-0.682295879269726,-0.105095250773015,32,pearson
MXL,P1.anc.YRI.2way.rand.49,P2.anc.YRI.2way.rand.49,-0.281125483491078,-0.567479558687564,0.0658942631858599,32,corsym
MXL,P1.anc.YRI.2way.rand.49,P2.anc.YRI.2way.rand.49,-0.418651705179903,-0.66959701561081,-0.0819159312829719,32,pearson
MXL,P1.anc.YRI.2way.rand.50,P2.anc.YRI.2way.rand.50,-0.281125483491079,-0.567479558687564,0.0658942631858598,32,corsym
MXL,P1.anc.YRI.2way.rand.50,P2.anc.YRI.2way.rand.50,-0.386212286170212,-0.647682871705662,-0.0433572296529596,32,pearson
MXL,P1.anc.YRI.2way.rand.51,P2.anc.YRI.2way.rand.51,-0.281125483491079,-0.567479558687564,0.0658942631858598,32,corsym
MXL,P1.anc.YRI.2way.rand.51,P2.anc.YRI.2way.rand.51,-0.384777880572669,-0.646703781056843,-0.0416755010663274,32,pearson
MXL,P1.anc.YRI.2way.rand.52,P2.anc.YRI.2way.rand.52,-0.281125483491079,-0.567479558687564,0.0658942631858598,32,corsym
MXL,P1.anc.YRI.2way.rand.52,P2.anc.YRI.2way.rand.52,-0.400595806697177,-0.657453201355759,-0.0603288995848085,32,pearson
MXL,P1.anc.YRI.2way.rand.53,P2.anc.YRI.2way.rand.53,-0.281125483491079,-0.567479558687564,0.0658942631858598,32,corsym
MXL,P1.anc.YRI.2way.rand.53,P2.anc.YRI.2way.rand.53,-0.354656573246292,-0.625942372937462,-0.00680403509269084,32,pearson
MXL,P1.anc.YRI.2way.rand.54,P2.anc.YRI.2way.rand.54,-0.281125483491079,-0.567479558687564,0.0658942631858598,32,corsym
MXL,P1.anc.YRI.2way.rand.54,P2.anc.YRI.2way.rand.54,-0.411508355332195,-0.664808616510122,-0.0733376383158837,32,pearson
MXL,P1.anc.YRI.2way.rand.55,P2.anc.YRI.2way.rand.55,-0.281125483491078,-0.567479558687564,0.0658942631858599,32,corsym
MXL,P1.anc.YRI.2way.rand.55,P2.anc.YRI.2way.rand.55,-0.399713487171557,-0.656856342374012,-0.0592821218444045,32,pearson
MXL,P1.anc.YRI.2way.rand.56,P2.anc.YRI.2way.rand.56,-0.281125483491079,-0.567479558687564,0.0658942631858598,32,corsym
MXL,P1.anc.YRI.2way.rand.56,P2.anc.YRI.2way.rand.56,-0.408789452593039,-0.662980569749545,-0.0700856621921386,32,pearson
MXL,P1.anc.YRI.2way.rand.57,P2.anc.YRI.2way.rand.57,-0.281125483491078,-0.567479558687564,0.0658942631858599,32,corsym
MXL,P1.anc.YRI.2way.rand.57,P2.anc.YRI.2way.rand.57,-0.433139511278672,-0.679244981802603,-0.0994685949960001,32,pearson
MXL,P1.anc.YRI.2way.rand.58,P2.anc.YRI.2way.rand.58,-0.281125483491079,-0.567479558687564,0.0658942631858598,32,corsym
MXL,P1.anc.YRI.2way.rand.58,P2.anc.YRI.2way.rand.58,-0.455965820619455,-0.69427521605819,-0.127551602846966,32,pearson
MXL,P1.anc.YRI.2way.rand.59,P2.anc.YRI.2way.rand.59,-0.281125483491079,-0.567479558687564,0.0658942631858598,32,corsym
MXL,P1.anc.YRI.2way.rand.59,P2.anc.YRI.2way.rand.59,-0.362836667214159,-0.631618875356447,-0.0161911895461821,32,pearson
MXL,P1.anc.YRI.2way.rand.60,P2.anc.YRI.2way.rand.60,-0.281125483491078,-0.567479558687564,0.0658942631858599,32,corsym
MXL,P1.anc.YRI.2way.rand.60,P2.anc.YRI.2way.rand.60,-0.408181530788046,-0.662571420127541,-0.0693595335078072,32,pearson
MXL,P1.anc.YRI.2way.rand.61,P2.anc.YRI.2way.rand.61,-0.281125483491079,-0.567479558687564,0.0658942631858598,32,corsym
MXL,P1.anc.YRI.2way.rand.61,P2.anc.YRI.2way.rand.61,-0.43612849466465,-0.681224927572434,-0.103115916345077,32,pearson
MXL,P1.anc.YRI.2way.rand.62,P2.anc.YRI.2way.rand.62,-0.281125483491079,-0.567479558687564,0.0658942631858598,32,corsym
MXL,P1.anc.YRI.2way.rand.62,P2.anc.YRI.2way.rand.62,-0.372804563137476,-0.638497270118129,-0.0277131566071658,32,pearson
MXL,P1.anc.YRI.2way.rand.63,P2.anc.YRI.2way.rand.63,-0.281125483491078,-0.567479558687564,0.0658942631858599,32,corsym
MXL,P1.anc.YRI.2way.rand.63,P2.anc.YRI.2way.rand.63,-0.395404088780633,-0.653936543831689,-0.054180217309668,32,pearson
MXL,P1.anc.YRI.2way.rand.64,P2.anc.YRI.2way.rand.64,-0.281125483491078,-0.567479558687564,0.0658942631858599,32,corsym
MXL,P1.anc.YRI.2way.rand.64,P2.anc.YRI.2way.rand.64,-0.367250504785484,-0.634669894363872,-0.0212818461148236,32,pearson
MXL,P1.anc.YRI.2way.rand.65,P2.anc.YRI.2way.rand.65,-0.281125483491079,-0.567479558687564,0.0658942631858598,32,corsym
MXL,P1.anc.YRI.2way.rand.65,P2.anc.YRI.2way.rand.65,-0.461215210333136,-0.697702583781587,-0.134085223072057,32,pearson
MXL,P1.anc.YRI.2way.rand.66,P2.anc.YRI.2way.rand.66,-0.281125483491079,-0.567479558687564,0.0658942631858598,32,corsym
MXL,P1.anc.YRI.2way.rand.66,P2.anc.YRI.2way.rand.66,-0.415417598025429,-0.667431678989536,-0.0780259717226167,32,pearson
MXL,P1.anc.YRI.2way.rand.67,P2.anc.YRI.2way.rand.67,-0.281125483491079,-0.567479558687564,0.0658942631858598,32,corsym
MXL,P1.anc.YRI.2way.rand.67,P2.anc.YRI.2way.rand.67,-0.423359554527679,-0.672741462881801,-0.0875968940492064,32,pearson
MXL,P1.anc.YRI.2way.rand.68,P2.anc.YRI.2way.rand.68,-0.281125483491078,-0.567479558687564,0.0658942631858599,32,corsym
MXL,P1.anc.YRI.2way.rand.68,P2.anc.YRI.2way.rand.68,-0.439834249088649,-0.683674704429576,-0.107650349386565,32,pearson
MXL,P1.anc.YRI.2way.rand.69,P2.anc.YRI.2way.rand.69,-0.281125483491079,-0.567479558687564,0.0658942631858598,32,corsym
MXL,P1.anc.YRI.2way.rand.69,P2.anc.YRI.2way.rand.69,-0.389078890332918,-0.649636962601308,-0.0467239308388634,32,pearson
MXL,P1.anc.YRI.2way.rand.70,P2.anc.YRI.2way.rand.70,-0.281125483491078,-0.567479558687564,0.0658942631858599,32,corsym
MXL,P1.anc.YRI.2way.rand.70,P2.anc.YRI.2way.rand.70,-0.383976937409651,-0.646156700767907,-0.0407373028222616,32,pearson
MXL,P1.anc.YRI.2way.rand.71,P2.anc.YRI.2way.rand.71,-0.281125483491079,-0.567479558687564,0.0658942631858598,32,corsym
MXL,P1.anc.YRI.2way.rand.71,P2.anc.YRI.2way.rand.71,-0.478132027727703,-0.708674535549635,-0.155335937789363,32,pearson
MXL,P1.anc.YRI.2way.rand.72,P2.anc.YRI.2way.rand.72,-0.281125483491079,-0.567479558687564,0.0658942631858598,32,corsym
MXL,P1.anc.YRI.2way.rand.72,P2.anc.YRI.2way.rand.72,-0.433276581600515,-0.679335857605627,-0.0996356597819606,32,pearson
MXL,P1.anc.YRI.2way.rand.73,P2.anc.YRI.2way.rand.73,-0.281125483491078,-0.567479558687564,0.0658942631858599,32,corsym
MXL,P1.anc.YRI.2way.rand.73,P2.anc.YRI.2way.rand.73,-0.46638891190294,-0.701069974367295,-0.140552587661492,32,pearson
MXL,P1.anc.YRI.2way.rand.74,P2.anc.YRI.2way.rand.74,-0.281125483491078,-0.567479558687564,0.0658942631858599,32,corsym
MXL,P1.anc.YRI.2way.rand.74,P2.anc.YRI.2way.rand.74,-0.395443246370244,-0.653963109462083,-0.0542264959815736,32,pearson
MXL,P1.anc.YRI.2way.rand.75,P2.anc.YRI.2way.rand.75,-0.281125483491079,-0.567479558687564,0.0658942631858598,32,corsym
MXL,P1.anc.YRI.2way.rand.75,P2.anc.YRI.2way.rand.75,-0.393318445261952,-0.652520661615662,-0.0517174014534236,32,pearson
MXL,P1.anc.YRI.2way.rand.76,P2.anc.YRI.2way.rand.76,-0.281125483491079,-0.567479558687564,0.0658942631858598,32,corsym
MXL,P1.anc.YRI.2way.rand.76,P2.anc.YRI.2way.rand.76,-0.380906645724347,-0.644057054153989,-0.037146463334348,32,pearson
MXL,P1.anc.YRI.2way.rand.77,P2.anc.YRI.2way.rand.77,-0.281125483491079,-0.567479558687564,0.0658942631858598,32,corsym
MXL,P1.anc.YRI.2way.rand.77,P2.anc.YRI.2way.rand.77,-0.380781363076745,-0.643971294210831,-0.0370001281011026,32,pearson
MXL,P1.anc.YRI.2way.rand.78,P2.anc.YRI.2way.rand.78,-0.281125483491079,-0.567479558687564,0.0658942631858598,32,corsym
MXL,P1.anc.YRI.2way.rand.78,P2.anc.YRI.2way.rand.78,-0.394989664684051,-0.653655347569138,-0.053690517124047,32,pearson
MXL,P1.anc.YRI.2way.rand.79,P2.anc.YRI.2way.rand.79,-0.281125483491079,-0.567479558687564,0.0658942631858598,32,corsym
MXL,P1.anc.YRI.2way.rand.79,P2.anc.YRI.2way.rand.79,-0.360325929659693,-0.629879631536515,-0.0133034514887307,32,pearson
MXL,P1.anc.YRI.2way.rand.80,P2.anc.YRI.2way.rand.80,-0.281125483491078,-0.567479558687564,0.0658942631858599,32,corsym
MXL,P1.anc.YRI.2way.rand.80,P2.anc.YRI.2way.rand.80,-0.379098498561223,-0.64281867860333,-0.0350359019354128,32,pearson
MXL,P1.anc.YRI.2way.rand.81,P2.anc.YRI.2way.rand.81,-0.281125483491078,-0.567479558687564,0.0658942631858599,32,corsym
MXL,P1.anc.YRI.2way.rand.81,P2.anc.YRI.2way.rand.81,-0.425355929533219,-0.674072158893377,-0.0900125325509196,32,pearson
MXL,P1.anc.YRI.2way.rand.82,P2.anc.YRI.2way.rand.82,-0.281125483491079,-0.567479558687564,0.0658942631858598,32,corsym
MXL,P1.anc.YRI.2way.rand.82,P2.anc.YRI.2way.rand.82,-0.409552444218543,-0.663493871214825,-0.0709975213590746,32,pearson
MXL,P1.anc.YRI.2way.rand.83,P2.anc.YRI.2way.rand.83,-0.281125483491078,-0.567479558687564,0.0658942631858599,32,corsym
MXL,P1.anc.YRI.2way.rand.83,P2.anc.YRI.2way.rand.83,-0.398423407676834,-0.655983067289099,-0.0577529269643314,32,pearson
MXL,P1.anc.YRI.2way.rand.84,P2.anc.YRI.2way.rand.84,-0.281125483491079,-0.567479558687564,0.0658942631858598,32,corsym
MXL,P1.anc.YRI.2way.rand.84,P2.anc.YRI.2way.rand.84,-0.451360113282262,-0.691259185177045,-0.121842516476968,32,pearson
MXL,P1.anc.YRI.2way.rand.85,P2.anc.YRI.2way.rand.85,-0.281125483491079,-0.567479558687564,0.0658942631858598,32,corsym
MXL,P1.anc.YRI.2way.rand.85,P2.anc.YRI.2way.rand.85,-0.395785882621398,-0.654195536515568,-0.0546315055795308,32,pearson
MXL,P1.anc.YRI.2way.rand.86,P2.anc.YRI.2way.rand.86,-0.281125483491079,-0.567479558687564,0.0658942631858598,32,corsym
MXL,P1.anc.YRI.2way.rand.86,P2.anc.YRI.2way.rand.86,-0.445907790025456,-0.687677913783991,-0.115112059693154,32,pearson
MXL,P1.anc.YRI.2way.rand.87,P2.anc.YRI.2way.rand.87,-0.281125483491079,-0.567479558687564,0.0658942631858598,32,corsym
MXL,P1.anc.YRI.2way.rand.87,P2.anc.YRI.2way.rand.87,-0.456587706735794,-0.694681815568862,-0.128324144075646,32,pearson
MXL,P1.anc.YRI.2way.rand.88,P2.anc.YRI.2way.rand.88,-0.281125483491079,-0.567479558687564,0.0658942631858598,32,corsym
MXL,P1.anc.YRI.2way.rand.88,P2.anc.YRI.2way.rand.88,-0.372709294958575,-0.638431730134231,-0.0276025996690128,32,pearson
MXL,P1.anc.YRI.2way.rand.89,P2.anc.YRI.2way.rand.89,-0.281125483491079,-0.567479558687564,0.0658942631858598,32,corsym
MXL,P1.anc.YRI.2way.rand.89,P2.anc.YRI.2way.rand.89,-0.407370904687384,-0.662025608132693,-0.0683918440779959,32,pearson
MXL,P1.anc.YRI.2way.rand.90,P2.anc.YRI.2way.rand.90,-0.281125483491078,-0.567479558687564,0.0658942631858599,32,corsym
MXL,P1.anc.YRI.2way.rand.90,P2.anc.YRI.2way.rand.90,-0.38320043631916,-0.645626058167399,-0.0398283126748486,32,pearson
MXL,P1.anc.YRI.2way.rand.91,P2.anc.YRI.2way.rand.91,-0.281125483491079,-0.567479558687564,0.0658942631858598,32,corsym
MXL,P1.anc.YRI.2way.rand.91,P2.anc.YRI.2way.rand.91,-0.487446827520811,-0.7146687200099,-0.167166028807483,32,pearson
MXL,P1.anc.YRI.2way.rand.92,P2.anc.YRI.2way.rand.92,-0.281125483491079,-0.567479558687564,0.0658942631858598,32,corsym
MXL,P1.anc.YRI.2way.rand.92,P2.anc.YRI.2way.rand.92,-0.429607353127938,-0.67690060205607,-0.0951699896150289,32,pearson
MXL,P1.anc.YRI.2way.rand.93,P2.anc.YRI.2way.rand.93,-0.281125483491079,-0.567479558687564,0.0658942631858598,32,corsym
MXL,P1.anc.YRI.2way.rand.93,P2.anc.YRI.2way.rand.93,-0.407887995684117,-0.662373807825454,-0.0690090506828076,32,pearson
MXL,P1.anc.YRI.2way.rand.94,P2.anc.YRI.2way.rand.94,-0.281125483491079,-0.567479558687564,0.0658942631858598,32,corsym
MXL,P1.anc.YRI.2way.rand.94,P2.anc.YRI.2way.rand.94,-0.405197239580029,-0.660560698190052,-0.0658001636973982,32,pearson
MXL,P1.anc.YRI.2way.rand.95,P2.anc.YRI.2way.rand.95,-0.281125483491078,-0.567479558687564,0.0658942631858599,32,corsym
MXL,P1.anc.YRI.2way.rand.95,P2.anc.YRI.2way.rand.95,-0.401626526787827,-0.658150040269545,-0.0615526872756496,32,pearson
MXL,P1.anc.YRI.2way.rand.96,P2.anc.YRI.2way.rand.96,-0.281125483491078,-0.567479558687564,0.0658942631858599,32,corsym
MXL,P1.anc.YRI.2way.rand.96,P2.anc.YRI.2way.rand.96,-0.407714530723771,-0.662257011923176,-0.0688019717076307,32,pearson
MXL,P1.anc.YRI.2way.rand.97,P2.anc.YRI.2way.rand.97,-0.281125483491079,-0.567479558687564,0.0658942631858598,32,corsym
MXL,P1.anc.YRI.2way.rand.97,P2.anc.YRI.2way.rand.97,-0.386999817133731,-0.648220054377212,-0.0442813751877549,32,pearson
MXL,P1.anc.YRI.2way.rand.98,P2.anc.YRI.2way.rand.98,-0.281125483491079,-0.567479558687564,0.0658942631858598,32,corsym
MXL,P1.anc.YRI.2way.rand.98,P2.anc.YRI.2way.rand.98,-0.372964382019689,-0.638607209267042,-0.0278986423910049,32,pearson
MXL,P1.anc.YRI.2way.rand.99,P2.anc.YRI.2way.rand.99,-0.281125483491078,-0.567479558687564,0.0658942631858599,32,corsym
MXL,P1.anc.YRI.2way.rand.99,P2.anc.YRI.2way.rand.99,-0.437330171277804,-0.682019926253301,-0.104584796274464,32,pearson
MXL,P1.anc.YRI.2way.rand.100,P2.anc.YRI.2way.rand.100,-0.281125483491078,-0.567479558687564,0.0658942631858599,32,corsym
MXL,P1.anc.YRI.2way.rand.100,P2.anc.YRI.2way.rand.100,-0.378217413991211,-0.642214735763042,-0.0340085660823938,32,pearson
PEL,P1.anc.YRI.2way,P2.anc.YRI.2way,0.0660004160281664,-0.265980868770815,0.383986031045944,35,corsym
PEL,P1.anc.YRI.2way,P2.anc.YRI.2way,0.112545529426431,-0.22930104454467,0.429676867427383,35,pearson
PEL,P1.adm.YRI,P2.adm.YRI,0.0823304536903973,-0.250656279615685,0.397896643379799,35,corsym
PEL,P1.adm.YRI,P2.adm.YRI,0.104107031361132,-0.237374831448412,0.422689092838436,35,pearson
PEL,P1.anc.YRI.2way.rand.1,P2.anc.YRI.2way.rand.1,0.0660004160281664,-0.265980868770815,0.383986031045944,35,corsym
PEL,P1.anc.YRI.2way.rand.1,P2.anc.YRI.2way.rand.1,0.0785647341615366,-0.261529012945938,0.40130455318532,35,pearson
PEL,P1.anc.YRI.2way.rand.2,P2.anc.YRI.2way.rand.2,0.0660004160281664,-0.265980868770815,0.383986031045944,35,corsym
PEL,P1.anc.YRI.2way.rand.2,P2.anc.YRI.2way.rand.2,0.0532646555539803,-0.285041449533275,0.37977017976756,35,pearson
PEL,P1.anc.YRI.2way.rand.3,P2.anc.YRI.2way.rand.3,0.0660004160281664,-0.265980868770815,0.383986031045944,35,corsym
PEL,P1.anc.YRI.2way.rand.3,P2.anc.YRI.2way.rand.3,0.0539664354796454,-0.28439469980581,0.380372315573406,35,pearson
PEL,P1.anc.YRI.2way.rand.4,P2.anc.YRI.2way.rand.4,0.0660004160281664,-0.265980868770815,0.383986031045944,35,corsym
PEL,P1.anc.YRI.2way.rand.4,P2.anc.YRI.2way.rand.4,0.0548906074624753,-0.283542526846044,0.381164844562321,35,pearson
PEL,P1.anc.YRI.2way.rand.5,P2.anc.YRI.2way.rand.5,0.0660004160281664,-0.265980868770815,0.383986031045944,35,corsym
PEL,P1.anc.YRI.2way.rand.5,P2.anc.YRI.2way.rand.5,0.101375419239297,-0.239978314685253,0.420418947077677,35,pearson
PEL,P1.anc.YRI.2way.rand.6,P2.anc.YRI.2way.rand.6,0.0660004160281664,-0.265980868770815,0.383986031045944,35,corsym
PEL,P1.anc.YRI.2way.rand.6,P2.anc.YRI.2way.rand.6,0.0811887219522271,-0.259067106236323,0.403517746434515,35,pearson
PEL,P1.anc.YRI.2way.rand.7,P2.anc.YRI.2way.rand.7,0.0660004160281664,-0.265980868770815,0.383986031045944,35,corsym
PEL,P1.anc.YRI.2way.rand.7,P2.anc.YRI.2way.rand.7,0.0882417747183757,-0.252427726852303,0.409447982774766,35,pearson
PEL,P1.anc.YRI.2way.rand.8,P2.anc.YRI.2way.rand.8,0.0660004160281664,-0.265980868770815,0.383986031045944,35,corsym
PEL,P1.anc.YRI.2way.rand.8,P2.anc.YRI.2way.rand.8,0.0542317210720528,-0.284150136390471,0.380599861821189,35,pearson
PEL,P1.anc.YRI.2way.rand.9,P2.anc.YRI.2way.rand.9,0.0660004160281664,-0.265980868770815,0.383986031045944,35,corsym
PEL,P1.anc.YRI.2way.rand.9,P2.anc.YRI.2way.rand.9,0.0763277045574856,-0.263624374783442,0.399414757786496,35,pearson
PEL,P1.anc.YRI.2way.rand.10,P2.anc.YRI.2way.rand.10,0.0660004160281664,-0.265980868770815,0.383986031045944,35,corsym
PEL,P1.anc.YRI.2way.rand.10,P2.anc.YRI.2way.rand.10,0.0517929751173329,-0.286396728282773,0.378506560788058,35,pearson
PEL,P1.anc.YRI.2way.rand.11,P2.anc.YRI.2way.rand.11,0.0660004160281664,-0.265980868770815,0.383986031045944,35,corsym
PEL,P1.anc.YRI.2way.rand.11,P2.anc.YRI.2way.rand.11,0.0939708939779884,-0.247010914886765,0.414245154466542,35,pearson
PEL,P1.anc.YRI.2way.rand.12,P2.anc.YRI.2way.rand.12,0.0660004160281664,-0.265980868770815,0.383986031045944,35,corsym
PEL,P1.anc.YRI.2way.rand.12,P2.anc.YRI.2way.rand.12,0.0562061949270593,-0.282328509495179,0.382292207555124,35,pearson
PEL,P1.anc.YRI.2way.rand.13,P2.anc.YRI.2way.rand.13,0.0660004160281664,-0.265980868770815,0.383986031045944,35,corsym
PEL,P1.anc.YRI.2way.rand.13,P2.anc.YRI.2way.rand.13,0.0565500771588541,-0.282010997879434,0.38258672972563,35,pearson
PEL,P1.anc.YRI.2way.rand.14,P2.anc.YRI.2way.rand.14,0.0660004160281664,-0.265980868770815,0.383986031045944,35,corsym
PEL,P1.anc.YRI.2way.rand.14,P2.anc.YRI.2way.rand.14,0.0701271342598826,-0.269415550736496,0.394162254671412,35,pearson
PEL,P1.anc.YRI.2way.rand.15,P2.anc.YRI.2way.rand.15,0.0660004160281664,-0.265980868770815,0.383986031045944,35,corsym
PEL,P1.anc.YRI.2way.rand.15,P2.anc.YRI.2way.rand.15,0.0686940361441071,-0.270750543441948,0.392945258138183,35,pearson
PEL,P1.anc.YRI.2way.rand.16,P2.anc.YRI.2way.rand.16,0.0660004160281664,-0.265980868770815,0.383986031045944,35,corsym
PEL,P1.anc.YRI.2way.rand.16,P2.anc.YRI.2way.rand.16,0.0691118045277635,-0.270361508955513,0.393300147188421,35,pearson
PEL,P1.anc.YRI.2way.rand.17,P2.anc.YRI.2way.rand.17,0.0660004160281664,-0.265980868770815,0.383986031045944,35,corsym
PEL,P1.anc.YRI.2way.rand.17,P2.anc.YRI.2way.rand.17,0.059918892469518,-0.278896593411848,0.385468493178809,35,pearson
PEL,P1.anc.YRI.2way.rand.18,P2.anc.YRI.2way.rand.18,0.0660004160281664,-0.265980868770815,0.383986031045944,35,corsym
PEL,P1.anc.YRI.2way.rand.18,P2.anc.YRI.2way.rand.18,0.0517496619471105,-0.286436595132452,0.37846935263732,35,pearson
PEL,P1.anc.YRI.2way.rand.19,P2.anc.YRI.2way.rand.19,0.0660004160281664,-0.265980868770815,0.383986031045944,35,corsym
PEL,P1.anc.YRI.2way.rand.19,P2.anc.YRI.2way.rand.19,0.0724662146709355,-0.267233789575648,0.396146179337338,35,pearson
PEL,P1.anc.YRI.2way.rand.20,P2.anc.YRI.2way.rand.20,0.0660004160281664,-0.265980868770815,0.383986031045944,35,corsym
PEL,P1.anc.YRI.2way.rand.20,P2.anc.YRI.2way.rand.20,0.0562194181642377,-0.282316301653248,0.382303533984364,35,pearson
PEL,P1.anc.YRI.2way.rand.21,P2.anc.YRI.2way.rand.21,0.0660004160281664,-0.265980868770815,0.383986031045944,35,corsym
PEL,P1.anc.YRI.2way.rand.21,P2.anc.YRI.2way.rand.21,0.104178732321691,-0.237306427553301,0.422748627159576,35,pearson
PEL,P1.anc.YRI.2way.rand.22,P2.anc.YRI.2way.rand.22,0.0660004160281664,-0.265980868770815,0.383986031045944,35,corsym
PEL,P1.anc.YRI.2way.rand.22,P2.anc.YRI.2way.rand.22,0.0718925083077431,-0.267769232780374,0.395659861610189,35,pearson
PEL,P1.anc.YRI.2way.rand.23,P2.anc.YRI.2way.rand.23,0.0660004160281664,-0.265980868770815,0.383986031045944,35,corsym
PEL,P1.anc.YRI.2way.rand.23,P2.anc.YRI.2way.rand.23,0.0516883835922515,-0.286492995721637,0.378416709702667,35,pearson
PEL,P1.anc.YRI.2way.rand.24,P2.anc.YRI.2way.rand.24,0.0660004160281664,-0.265980868770815,0.383986031045944,35,corsym
PEL,P1.anc.YRI.2way.rand.24,P2.anc.YRI.2way.rand.24,0.119681025829065,-0.222437039299622,0.435556158544137,35,pearson
PEL,P1.anc.YRI.2way.rand.25,P2.anc.YRI.2way.rand.25,0.0660004160281664,-0.265980868770815,0.383986031045944,35,corsym
PEL,P1.anc.YRI.2way.rand.25,P2.anc.YRI.2way.rand.25,0.107221893569604,-0.234400076426365,0.425272874606718,35,pearson
PEL,P1.anc.YRI.2way.rand.26,P2.anc.YRI.2way.rand.26,0.0660004160281664,-0.265980868770815,0.383986031045944,35,corsym
PEL,P1.anc.YRI.2way.rand.26,P2.anc.YRI.2way.rand.26,0.112555537060676,-0.229291441430859,0.429685132088136,35,pearson
PEL,P1.anc.YRI.2way.rand.27,P2.anc.YRI.2way.rand.27,0.0660004160281664,-0.265980868770815,0.383986031045944,35,corsym
PEL,P1.anc.YRI.2way.rand.27,P2.anc.YRI.2way.rand.27,0.0659348138248251,-0.273317206411124,0.390598904858113,35,pearson
PEL,P1.anc.YRI.2way.rand.28,P2.anc.YRI.2way.rand.28,0.0660004160281664,-0.265980868770815,0.383986031045944,35,corsym
PEL,P1.anc.YRI.2way.rand.28,P2.anc.YRI.2way.rand.28,0.0713813001263671,-0.268246169398351,0.39522636912743,35,pearson
PEL,P1.anc.YRI.2way.rand.29,P2.anc.YRI.2way.rand.29,0.0660004160281664,-0.265980868770815,0.383986031045944,35,corsym
PEL,P1.anc.YRI.2way.rand.29,P2.anc.YRI.2way.rand.29,0.0532532301178459,-0.285051976493998,0.379760374313538,35,pearson
PEL,P1.anc.YRI.2way.rand.30,P2.anc.YRI.2way.rand.30,0.0660004160281664,-0.265980868770815,0.383986031045944,35,corsym
PEL,P1.anc.YRI.2way.rand.30,P2.anc.YRI.2way.rand.30,0.05188058103349,-0.286316089370213,0.378581815365842,35,pearson
PEL,P1.anc.YRI.2way.rand.31,P2.anc.YRI.2way.rand.31,0.0660004160281664,-0.265980868770815,0.383986031045944,35,corsym
PEL,P1.anc.YRI.2way.rand.31,P2.anc.YRI.2way.rand.31,0.0828697928755465,-0.257487546335285,0.404933660268222,35,pearson
PEL,P1.anc.YRI.2way.rand.32,P2.anc.YRI.2way.rand.32,0.0660004160281664,-0.265980868770815,0.383986031045944,35,corsym
PEL,P1.anc.YRI.2way.rand.32,P2.anc.YRI.2way.rand.32,0.155435511524557,-0.187524491752423,0.464615729264044,35,pearson
PEL,P1.anc.YRI.2way.rand.33,P2.anc.YRI.2way.rand.33,0.0660004160281664,-0.265980868770815,0.383986031045944,35,corsym
PEL,P1.anc.YRI.2way.rand.33,P2.anc.YRI.2way.rand.33,0.0909654081381753,-0.249855224701034,0.411730783628764,35,pearson
PEL,P1.anc.YRI.2way.rand.34,P2.anc.YRI.2way.rand.34,0.0660004160281664,-0.265980868770815,0.383986031045944,35,corsym
PEL,P1.anc.YRI.2way.rand.34,P2.anc.YRI.2way.rand.34,0.0535082337501422,-0.284817006463631,0.379979204208044,35,pearson
PEL,P1.anc.YRI.2way.rand.35,P2.anc.YRI.2way.rand.35,0.0660004160281664,-0.265980868770815,0.383986031045944,35,corsym
PEL,P1.anc.YRI.2way.rand.35,P2.anc.YRI.2way.rand.35,0.0524302096771777,-0.285810061496852,0.379053854706004,35,pearson
PEL,P1.anc.YRI.2way.rand.36,P2.anc.YRI.2way.rand.36,0.0660004160281664,-0.265980868770815,0.383986031045944,35,corsym
PEL,P1.anc.YRI.2way.rand.36,P2.anc.YRI.2way.rand.36,0.0519799569247136,-0.28622461070884,0.378667175270811,35,pearson
PEL,P1.anc.YRI.2way.rand.37,P2.anc.YRI.2way.rand.37,0.0660004160281664,-0.265980868770815,0.383986031045944,35,corsym
PEL,P1.anc.YRI.2way.rand.37,P2.anc.YRI.2way.rand.37,0.0526699822023338,-0.285589250462446,0.379259726079676,35,pearson
PEL,P1.anc.YRI.2way.rand.38,P2.anc.YRI.2way.rand.38,0.0660004160281664,-0.265980868770815,0.383986031045944,35,corsym
PEL,P1.anc.YRI.2way.rand.38,P2.anc.YRI.2way.rand.38,0.0537917635244478,-0.284555703620954,0.380222470750164,35,pearson
PEL,P1.anc.YRI.2way.rand.39,P2.anc.YRI.2way.rand.39,0.0660004160281664,-0.265980868770815,0.383986031045944,35,corsym
PEL,P1.anc.YRI.2way.rand.39,P2.anc.YRI.2way.rand.39,0.0588829028496408,-0.279855105203229,0.384582959100124,35,pearson
PEL,P1.anc.YRI.2way.rand.40,P2.anc.YRI.2way.rand.40,0.0660004160281664,-0.265980868770815,0.383986031045944,35,corsym
PEL,P1.anc.YRI.2way.rand.40,P2.anc.YRI.2way.rand.40,0.0547863972088,-0.283638645186778,0.381075502442479,35,pearson
PEL,P1.anc.YRI.2way.rand.41,P2.anc.YRI.2way.rand.41,0.0660004160281664,-0.265980868770815,0.383986031045944,35,corsym
PEL,P1.anc.YRI.2way.rand.41,P2.anc.YRI.2way.rand.41,0.0571668375625253,-0.281441347916596,0.383114795823425,35,pearson
PEL,P1.anc.YRI.2way.rand.42,P2.anc.YRI.2way.rand.42,0.0660004160281664,-0.265980868770815,0.383986031045944,35,corsym
PEL,P1.anc.YRI.2way.rand.42,P2.anc.YRI.2way.rand.42,0.0559746831194542,-0.282542226048196,0.382093889093849,35,pearson
PEL,P1.anc.YRI.2way.rand.43,P2.anc.YRI.2way.rand.43,0.0660004160281664,-0.265980868770815,0.383986031045944,35,corsym
PEL,P1.anc.YRI.2way.rand.43,P2.anc.YRI.2way.rand.43,0.10685603462748,-0.234749810858044,0.424969662652867,35,pearson
PEL,P1.anc.YRI.2way.rand.44,P2.anc.YRI.2way.rand.44,0.0660004160281664,-0.265980868770815,0.383986031045944,35,corsym
PEL,P1.anc.YRI.2way.rand.44,P2.anc.YRI.2way.rand.44,0.0517208766949193,-0.28646308936643,0.378444624101067,35,pearson
PEL,P1.anc.YRI.2way.rand.45,P2.anc.YRI.2way.rand.45,0.0660004160281664,-0.265980868770815,0.383986031045944,35,corsym
PEL,P1.anc.YRI.2way.rand.45,P2.anc.YRI.2way.rand.45,0.0546693698010871,-0.283746577325419,0.380975164583476,35,pearson
PEL,P1.anc.YRI.2way.rand.46,P2.anc.YRI.2way.rand.46,0.0660004160281664,-0.265980868770815,0.383986031045944,35,corsym
PEL,P1.anc.YRI.2way.rand.46,P2.anc.YRI.2way.rand.46,0.0516215254436243,-0.286554529278565,0.378359270874445,35,pearson
PEL,P1.anc.YRI.2way.rand.47,P2.anc.YRI.2way.rand.47,0.0660004160281664,-0.265980868770815,0.383986031045944,35,corsym
PEL,P1.anc.YRI.2way.rand.47,P2.anc.YRI.2way.rand.47,0.0555946201442856,-0.282893002464781,0.381768253061319,35,pearson
PEL,P1.anc.YRI.2way.rand.48,P2.anc.YRI.2way.rand.48,0.0660004160281664,-0.265980868770815,0.383986031045944,35,corsym
PEL,P1.anc.YRI.2way.rand.48,P2.anc.YRI.2way.rand.48,0.0743733666990866,-0.265452325474376,0.397761524154773,35,pearson
PEL,P1.anc.YRI.2way.rand.49,P2.anc.YRI.2way.rand.49,0.0660004160281664,-0.265980868770815,0.383986031045944,35,corsym
PEL,P1.anc.YRI.2way.rand.49,P2.anc.YRI.2way.rand.49,0.223255820138317,-0.118831712396702,0.517966086387108,35,pearson
PEL,P1.anc.YRI.2way.rand.50,P2.anc.YRI.2way.rand.50,0.0660004160281664,-0.265980868770815,0.383986031045944,35,corsym
PEL,P1.anc.YRI.2way.rand.50,P2.anc.YRI.2way.rand.50,0.0736372923939587,-0.266140165009808,0.397138311695107,35,pearson
PEL,P1.anc.YRI.2way.rand.51,P2.anc.YRI.2way.rand.51,0.0660004160281664,-0.265980868770815,0.383986031045944,35,corsym
PEL,P1.anc.YRI.2way.rand.51,P2.anc.YRI.2way.rand.51,0.146957077715234,-0.195882403725903,0.45778456690407,35,pearson
PEL,P1.anc.YRI.2way.rand.52,P2.anc.YRI.2way.rand.52,0.0660004160281664,-0.265980868770815,0.383986031045944,35,corsym
PEL,P1.anc.YRI.2way.rand.52,P2.anc.YRI.2way.rand.52,0.113367244999789,-0.228512322025537,0.430355292532283,35,pearson
PEL,P1.anc.YRI.2way.rand.53,P2.anc.YRI.2way.rand.53,0.0660004160281664,-0.265980868770815,0.383986031045944,35,corsym
PEL,P1.anc.YRI.2way.rand.53,P2.anc.YRI.2way.rand.53,0.0517822008562261,-0.286406645372314,0.378497305264715,35,pearson
PEL,P1.anc.YRI.2way.rand.54,P2.anc.YRI.2way.rand.54,0.0660004160281664,-0.265980868770815,0.383986031045944,35,corsym
PEL,P1.anc.YRI.2way.rand.54,P2.anc.YRI.2way.rand.54,0.0564839962866151,-0.282072017095383,0.382530139091795,35,pearson
PEL,P1.anc.YRI.2way.rand.55,P2.anc.YRI.2way.rand.55,0.0660004160281664,-0.265980868770815,0.383986031045944,35,corsym
PEL,P1.anc.YRI.2way.rand.55,P2.anc.YRI.2way.rand.55,0.0857427411687326,-0.254783863022478,0.407349885104819,35,pearson
PEL,P1.anc.YRI.2way.rand.56,P2.anc.YRI.2way.rand.56,0.0660004160281664,-0.265980868770815,0.383986031045944,35,corsym
PEL,P1.anc.YRI.2way.rand.56,P2.anc.YRI.2way.rand.56,0.060597799487276,-0.27826809297008,0.386048478264197,35,pearson
PEL,P1.anc.YRI.2way.rand.57,P2.anc.YRI.2way.rand.57,0.0660004160281664,-0.265980868770815,0.383986031045944,35,corsym
PEL,P1.anc.YRI.2way.rand.57,P2.anc.YRI.2way.rand.57,0.0606029478350752,-0.27826332576102,0.38605287547568,35,pearson
PEL,P1.anc.YRI.2way.rand.58,P2.anc.YRI.2way.rand.58,0.0660004160281664,-0.265980868770815,0.383986031045944,35,corsym
PEL,P1.anc.YRI.2way.rand.58,P2.anc.YRI.2way.rand.58,0.0807382089301886,-0.259490106140277,0.403138030826898,35,pearson
PEL,P1.anc.YRI.2way.rand.59,P2.anc.YRI.2way.rand.59,0.0660004160281664,-0.265980868770815,0.383986031045944,35,corsym
PEL,P1.anc.YRI.2way.rand.59,P2.anc.YRI.2way.rand.59,0.0540130126972551,-0.284351764047901,0.38041226960861,35,pearson
PEL,P1.anc.YRI.2way.rand.60,P2.anc.YRI.2way.rand.60,0.0660004160281664,-0.265980868770815,0.383986031045944,35,corsym
PEL,P1.anc.YRI.2way.rand.60,P2.anc.YRI.2way.rand.60,0.0672725683586554,-0.272073413468588,0.39173701503594,35,pearson
PEL,P1.anc.YRI.2way.rand.61,P2.anc.YRI.2way.rand.61,0.0660004160281664,-0.265980868770815,0.383986031045944,35,corsym
PEL,P1.anc.YRI.2way.rand.61,P2.anc.YRI.2way.rand.61,0.124360895114641,-0.217916737625811,0.439397557623786,35,pearson
PEL,P1.anc.YRI.2way.rand.62,P2.anc.YRI.2way.rand.62,0.0660004160281664,-0.265980868770815,0.383986031045944,35,corsym
PEL,P1.anc.YRI.2way.rand.62,P2.anc.YRI.2way.rand.62,0.0517113374300489,-0.286471869287111,0.378436429105336,35,pearson
PEL,P1.anc.YRI.2way.rand.63,P2.anc.YRI.2way.rand.63,0.0660004160281664,-0.265980868770815,0.383986031045944,35,corsym
PEL,P1.anc.YRI.2way.rand.63,P2.anc.YRI.2way.rand.63,0.139755594933703,-0.202942609815635,0.4519532877939,35,pearson
PEL,P1.anc.YRI.2way.rand.64,P2.anc.YRI.2way.rand.64,0.0660004160281664,-0.265980868770815,0.383986031045944,35,corsym
PEL,P1.anc.YRI.2way.rand.64,P2.anc.YRI.2way.rand.64,0.0518062686007501,-0.286384492293689,0.378517980334584,35,pearson
PEL,P1.anc.YRI.2way.rand.65,P2.anc.YRI.2way.rand.65,0.0660004160281664,-0.265980868770815,0.383986031045944,35,corsym
PEL,P1.anc.YRI.2way.rand.65,P2.anc.YRI.2way.rand.65,0.0522561380649905,-0.285970344823127,0.37890437461202,35,pearson
PEL,P1.anc.YRI.2way.rand.66,P2.anc.YRI.2way.rand.66,0.0660004160281664,-0.265980868770815,0.383986031045944,35,corsym
PEL,P1.anc.YRI.2way.rand.66,P2.anc.YRI.2way.rand.66,0.0751765393407951,-0.264701389658274,0.398441206510408,35,pearson
PEL,P1.anc.YRI.2way.rand.67,P2.anc.YRI.2way.rand.67,0.0660004160281664,-0.265980868770815,0.383986031045944,35,corsym
PEL,P1.anc.YRI.2way.rand.67,P2.anc.YRI.2way.rand.67,0.104953887735653,-0.236566700282354,0.423392074157868,35,pearson
PEL,P1.anc.YRI.2way.rand.68,P2.anc.YRI.2way.rand.68,0.0660004160281664,-0.265980868770815,0.383986031045944,35,corsym
PEL,P1.anc.YRI.2way.rand.68,P2.anc.YRI.2way.rand.68,0.0829233210700115,-0.257437220526905,0.40497872004351,35,pearson
PEL,P1.anc.YRI.2way.rand.69,P2.anc.YRI.2way.rand.69,0.0660004160281664,-0.265980868770815,0.383986031045944,35,corsym
PEL,P1.anc.YRI.2way.rand.69,P2.anc.YRI.2way.rand.69,0.0567049189210242,-0.281868005942387,0.382719324227123,35,pearson
PEL,P1.anc.YRI.2way.rand.70,P2.anc.YRI.2way.rand.70,0.0660004160281664,-0.265980868770815,0.383986031045944,35,corsym
PEL,P1.anc.YRI.2way.rand.70,P2.anc.YRI.2way.rand.70,0.0566931457791686,-0.281878878630374,0.382709243091343,35,pearson
PEL,P1.anc.YRI.2way.rand.71,P2.anc.YRI.2way.rand.71,0.0660004160281664,-0.265980868770815,0.383986031045944,35,corsym
PEL,P1.anc.YRI.2way.rand.71,P2.anc.YRI.2way.rand.71,0.0555010862232721,-0.282979315049972,0.381688101253161,35,pearson
PEL,P1.anc.YRI.2way.rand.72,P2.anc.YRI.2way.rand.72,0.0660004160281664,-0.265980868770815,0.383986031045944,35,corsym
PEL,P1.anc.YRI.2way.rand.72,P2.anc.YRI.2way.rand.72,0.0523116254044721,-0.28591925471411,0.378952024971381,35,pearson
PEL,P1.anc.YRI.2way.rand.73,P2.anc.YRI.2way.rand.73,0.0660004160281664,-0.265980868770815,0.383986031045944,35,corsym
PEL,P1.anc.YRI.2way.rand.73,P2.anc.YRI.2way.rand.73,0.0534047391464469,-0.284912375223756,0.379890395317287,35,pearson
PEL,P1.anc.YRI.2way.rand.74,P2.anc.YRI.2way.rand.74,0.0660004160281664,-0.265980868770815,0.383986031045944,35,corsym
PEL,P1.anc.YRI.2way.rand.74,P2.anc.YRI.2way.rand.74,0.0586319253972384,-0.28008721140779,0.384368340561767,35,pearson
PEL,P1.anc.YRI.2way.rand.75,P2.anc.YRI.2way.rand.75,0.0660004160281664,-0.265980868770815,0.383986031045944,35,corsym
PEL,P1.anc.YRI.2way.rand.75,P2.anc.YRI.2way.rand.75,0.0527208228683119,-0.285542425720166,0.379303374289944,35,pearson
PEL,P1.anc.YRI.2way.rand.76,P2.anc.YRI.2way.rand.76,0.0660004160281664,-0.265980868770815,0.383986031045944,35,corsym
PEL,P1.anc.YRI.2way.rand.76,P2.anc.YRI.2way.rand.76,0.127266701256809,-0.215102600213068,0.441776959924936,35,pearson
PEL,P1.anc.YRI.2way.rand.77,P2.anc.YRI.2way.rand.77,0.0660004160281664,-0.265980868770815,0.383986031045944,35,corsym
PEL,P1.anc.YRI.2way.rand.77,P2.anc.YRI.2way.rand.77,0.0561483272927815,-0.282381932259018,0.382242639593915,35,pearson
PEL,P1.anc.YRI.2way.rand.78,P2.anc.YRI.2way.rand.78,0.0660004160281664,-0.265980868770815,0.383986031045944,35,corsym
PEL,P1.anc.YRI.2way.rand.78,P2.anc.YRI.2way.rand.78,0.0569610884435946,-0.281631407688947,0.382938658494462,35,pearson
PEL,P1.anc.YRI.2way.rand.79,P2.anc.YRI.2way.rand.79,0.0660004160281664,-0.265980868770815,0.383986031045944,35,corsym
PEL,P1.anc.YRI.2way.rand.79,P2.anc.YRI.2way.rand.79,0.084703599582123,-0.255762396664851,0.406476459201488,35,pearson
PEL,P1.anc.YRI.2way.rand.80,P2.anc.YRI.2way.rand.80,0.0660004160281664,-0.265980868770815,0.383986031045944,35,corsym
PEL,P1.anc.YRI.2way.rand.80,P2.anc.YRI.2way.rand.80,0.0673869456246892,-0.271967017222403,0.391834276766206,35,pearson
PEL,P1.anc.YRI.2way.rand.81,P2.anc.YRI.2way.rand.81,0.0660004160281664,-0.265980868770815,0.383986031045944,35,corsym
PEL,P1.anc.YRI.2way.rand.81,P2.anc.YRI.2way.rand.81,0.0739231124080932,-0.265873115799425,0.397380342529947,35,pearson
PEL,P1.anc.YRI.2way.rand.82,P2.anc.YRI.2way.rand.82,0.0660004160281664,-0.265980868770815,0.383986031045944,35,corsym
PEL,P1.anc.YRI.2way.rand.82,P2.anc.YRI.2way.rand.82,0.182322598207522,-0.160687029270959,0.486038248206687,35,pearson
PEL,P1.anc.YRI.2way.rand.83,P2.anc.YRI.2way.rand.83,0.0660004160281664,-0.265980868770815,0.383986031045944,35,corsym
PEL,P1.anc.YRI.2way.rand.83,P2.anc.YRI.2way.rand.83,0.0815935256501474,-0.258686912795501,0.403858841191181,35,pearson
PEL,P1.anc.YRI.2way.rand.84,P2.anc.YRI.2way.rand.84,0.0660004160281664,-0.265980868770815,0.383986031045944,35,corsym
PEL,P1.anc.YRI.2way.rand.84,P2.anc.YRI.2way.rand.84,0.0677458079219353,-0.271633141766419,0.392139391464349,35,pearson
PEL,P1.anc.YRI.2way.rand.85,P2.anc.YRI.2way.rand.85,0.0660004160281664,-0.265980868770815,0.383986031045944,35,corsym
PEL,P1.anc.YRI.2way.rand.85,P2.anc.YRI.2way.rand.85,0.136408705854368,-0.206211757054806,0.449234088566331,35,pearson
PEL,P1.anc.YRI.2way.rand.86,P2.anc.YRI.2way.rand.86,0.0660004160281664,-0.265980868770815,0.383986031045944,35,corsym
PEL,P1.anc.YRI.2way.rand.86,P2.anc.YRI.2way.rand.86,0.0865405064071684,-0.254032153930703,0.408020028860835,35,pearson
PEL,P1.anc.YRI.2way.rand.87,P2.anc.YRI.2way.rand.87,0.0660004160281664,-0.265980868770815,0.383986031045944,35,corsym
PEL,P1.anc.YRI.2way.rand.87,P2.anc.YRI.2way.rand.87,0.0837517410170033,-0.256658126276723,0.405675880556109,35,pearson
PEL,P1.anc.YRI.2way.rand.88,P2.anc.YRI.2way.rand.88,0.0660004160281664,-0.265980868770815,0.383986031045944,35,corsym
PEL,P1.anc.YRI.2way.rand.88,P2.anc.YRI.2way.rand.88,0.141638369059825,-0.20110020514323,0.453480412729316,35,pearson
PEL,P1.anc.YRI.2way.rand.89,P2.anc.YRI.2way.rand.89,0.0660004160281664,-0.265980868770815,0.383986031045944,35,corsym
PEL,P1.anc.YRI.2way.rand.89,P2.anc.YRI.2way.rand.89,0.0545077500816266,-0.283895622002443,0.380836581187352,35,pearson
PEL,P1.anc.YRI.2way.rand.90,P2.anc.YRI.2way.rand.90,0.0660004160281664,-0.265980868770815,0.383986031045944,35,corsym
PEL,P1.anc.YRI.2way.rand.90,P2.anc.YRI.2way.rand.90,0.05394792271806,-0.284411764841755,0.380356434949216,35,pearson
PEL,P1.anc.YRI.2way.rand.91,P2.anc.YRI.2way.rand.91,0.0660004160281664,-0.265980868770815,0.383986031045944,35,corsym
PEL,P1.anc.YRI.2way.rand.91,P2.anc.YRI.2way.rand.91,0.0561153455552199,-0.282412379697175,0.382214387426794,35,pearson
PEL,P1.anc.YRI.2way.rand.92,P2.anc.YRI.2way.rand.92,0.0660004160281664,-0.265980868770815,0.383986031045944,35,corsym
PEL,P1.anc.YRI.2way.rand.92,P2.anc.YRI.2way.rand.92,0.054696719662554,-0.283721353839383,0.380998614706312,35,pearson
PEL,P1.anc.YRI.2way.rand.93,P2.anc.YRI.2way.rand.93,0.0660004160281664,-0.265980868770815,0.383986031045944,35,corsym
PEL,P1.anc.YRI.2way.rand.93,P2.anc.YRI.2way.rand.93,0.0832583529253154,-0.257122190388873,0.405260712706499,35,pearson
PEL,P1.anc.YRI.2way.rand.94,P2.anc.YRI.2way.rand.94,0.0660004160281664,-0.265980868770815,0.383986031045944,35,corsym
PEL,P1.anc.YRI.2way.rand.94,P2.anc.YRI.2way.rand.94,0.105989498627067,-0.235577803345301,0.424251221010701,35,pearson
PEL,P1.anc.YRI.2way.rand.95,P2.anc.YRI.2way.rand.95,0.0660004160281664,-0.265980868770815,0.383986031045944,35,corsym
PEL,P1.anc.YRI.2way.rand.95,P2.anc.YRI.2way.rand.95,0.0515949218358306,-0.286579013395612,0.378336414620147,35,pearson
PEL,P1.anc.YRI.2way.rand.96,P2.anc.YRI.2way.rand.96,0.0660004160281664,-0.265980868770815,0.383986031045944,35,corsym
PEL,P1.anc.YRI.2way.rand.96,P2.anc.YRI.2way.rand.96,0.0607564527290918,-0.278121177359278,0.386183977438863,35,pearson
PEL,P1.anc.YRI.2way.rand.97,P2.anc.YRI.2way.rand.97,0.0660004160281664,-0.265980868770815,0.383986031045944,35,corsym
PEL,P1.anc.YRI.2way.rand.97,P2.anc.YRI.2way.rand.97,0.0527919791206925,-0.285476887415377,0.37936446158927,35,pearson
PEL,P1.anc.YRI.2way.rand.98,P2.anc.YRI.2way.rand.98,0.0660004160281664,-0.265980868770815,0.383986031045944,35,corsym
PEL,P1.anc.YRI.2way.rand.98,P2.anc.YRI.2way.rand.98,0.133715496222016,-0.208836866531393,0.447041758513001,35,pearson
PEL,P1.anc.YRI.2way.rand.99,P2.anc.YRI.2way.rand.99,0.0660004160281664,-0.265980868770815,0.383986031045944,35,corsym
PEL,P1.anc.YRI.2way.rand.99,P2.anc.YRI.2way.rand.99,0.0617857121017921,-0.277167680368121,0.387062684350356,35,pearson
PEL,P1.anc.YRI.2way.rand.100,P2.anc.YRI.2way.rand.100,0.0660004160281664,-0.265980868770815,0.383986031045944,35,corsym
PEL,P1.anc.YRI.2way.rand.100,P2.anc.YRI.2way.rand.100,0.0517915232403893,-0.286398064656472,0.378505313571217,35,pearson
PUR,P1.anc.YRI.2way,P2.anc.YRI.2way,0.199215581113502,-0.13586916382335,0.49340099423734,35,corsym
PUR,P1.anc.YRI.2way,P2.anc.YRI.2way,0.252970151120528,-0.0876668326881546,0.540639973483289,35,pearson
PUR,P1.adm.YRI,P2.adm.YRI,0.646152679761292,0.405350647307352,0.80310431626219,35,corsym
PUR,P1.adm.YRI,P2.adm.YRI,0.639725584007625,0.389519215488509,0.801997266386376,35,pearson
PUR,P1.anc.YRI.2way.rand.1,P2.anc.YRI.2way.rand.1,0.199215581113502,-0.13586916382335,0.49340099423734,35,corsym
PUR,P1.anc.YRI.2way.rand.1,P2.anc.YRI.2way.rand.1,0.188000721820423,-0.154953767861782,0.490516140332244,35,pearson
PUR,P1.anc.YRI.2way.rand.2,P2.anc.YRI.2way.rand.2,0.199215581113502,-0.13586916382335,0.49340099423734,35,corsym
PUR,P1.anc.YRI.2way.rand.2,P2.anc.YRI.2way.rand.2,0.234275791981795,-0.107351885873108,0.526423604438488,35,pearson
PUR,P1.anc.YRI.2way.rand.3,P2.anc.YRI.2way.rand.3,0.199215581113502,-0.13586916382335,0.49340099423734,35,corsym
PUR,P1.anc.YRI.2way.rand.3,P2.anc.YRI.2way.rand.3,0.231070910852365,-0.110699924485617,0.523969896233289,35,pearson
PUR,P1.anc.YRI.2way.rand.4,P2.anc.YRI.2way.rand.4,0.199215581113502,-0.13586916382335,0.49340099423734,35,corsym
PUR,P1.anc.YRI.2way.rand.4,P2.anc.YRI.2way.rand.4,0.187910009726537,-0.155045542759257,0.490444728148759,35,pearson
PUR,P1.anc.YRI.2way.rand.5,P2.anc.YRI.2way.rand.5,0.199215581113502,-0.13586916382335,0.49340099423734,35,corsym
PUR,P1.anc.YRI.2way.rand.5,P2.anc.YRI.2way.rand.5,0.263589439487379,-0.0763650299103945,0.548643032039017,35,pearson
PUR,P1.anc.YRI.2way.rand.6,P2.anc.YRI.2way.rand.6,0.199215581113502,-0.13586916382335,0.49340099423734,35,corsym
PUR,P1.anc.YRI.2way.rand.6,P2.anc.YRI.2way.rand.6,0.369001786933205,0.0407684846490189,0.625349942984781,35,pearson
PUR,P1.anc.YRI.2way.rand.7,P2.anc.YRI.2way.rand.7,0.199215581113502,-0.13586916382335,0.49340099423734,35,corsym
PUR,P1.anc.YRI.2way.rand.7,P2.anc.YRI.2way.rand.7,0.186535132452884,-0.156435804018039,0.489361872155105,35,pearson
PUR,P1.anc.YRI.2way.rand.8,P2.anc.YRI.2way.rand.8,0.199215581113502,-0.13586916382335,0.49340099423734,35,corsym
PUR,P1.anc.YRI.2way.rand.8,P2.anc.YRI.2way.rand.8,0.238247967414204,-0.10319149834106,0.529458026803983,35,pearson
PUR,P1.anc.YRI.2way.rand.9,P2.anc.YRI.2way.rand.9,0.199215581113502,-0.13586916382335,0.49340099423734,35,corsym
PUR,P1.anc.YRI.2way.rand.9,P2.anc.YRI.2way.rand.9,0.229202413100751,-0.112648312307975,0.52253709751007,35,pearson
PUR,P1.anc.YRI.2way.rand.10,P2.anc.YRI.2way.rand.10,0.199215581113502,-0.13586916382335,0.49340099423734,35,corsym
PUR,P1.anc.YRI.2way.rand.10,P2.anc.YRI.2way.rand.10,0.226975039828152,-0.114967490224849,0.520826939022356,35,pearson
PUR,P1.anc.YRI.2way.rand.11,P2.anc.YRI.2way.rand.11,0.199215581113502,-0.13586916382335,0.49340099423734,35,corsym
PUR,P1.anc.YRI.2way.rand.11,P2.anc.YRI.2way.rand.11,0.236022733779584,-0.105523642045943,0.527759044841096,35,pearson
PUR,P1.anc.YRI.2way.rand.12,P2.anc.YRI.2way.rand.12,0.199215581113502,-0.13586916382335,0.49340099423734,35,corsym
PUR,P1.anc.YRI.2way.rand.12,P2.anc.YRI.2way.rand.12,0.282758249806124,-0.0557406349969915,0.562958246651926,35,pearson
PUR,P1.anc.YRI.2way.rand.13,P2.anc.YRI.2way.rand.13,0.199215581113502,-0.13586916382335,0.49340099423734,35,corsym
PUR,P1.anc.YRI.2way.rand.13,P2.anc.YRI.2way.rand.13,0.231595076635498,-0.110152875047526,0.524371538752027,35,pearson
PUR,P1.anc.YRI.2way.rand.14,P2.anc.YRI.2way.rand.14,0.199215581113502,-0.13586916382335,0.49340099423734,35,corsym
PUR,P1.anc.YRI.2way.rand.14,P2.anc.YRI.2way.rand.14,0.212235938106633,-0.130220712880526,0.509450622964765,35,pearson
PUR,P1.anc.YRI.2way.rand.15,P2.anc.YRI.2way.rand.15,0.199215581113502,-0.13586916382335,0.49340099423734,35,corsym
PUR,P1.anc.YRI.2way.rand.15,P2.anc.YRI.2way.rand.15,0.237054556895154,-0.104442712542204,0.528547139618458,35,pearson
PUR,P1.anc.YRI.2way.rand.16,P2.anc.YRI.2way.rand.16,0.199215581113502,-0.13586916382335,0.49340099423734,35,corsym
PUR,P1.anc.YRI.2way.rand.16,P2.anc.YRI.2way.rand.16,0.23535485906427,-0.106222872137681,0.527248661793592,35,pearson
PUR,P1.anc.YRI.2way.rand.17,P2.anc.YRI.2way.rand.17,0.199215581113502,-0.13586916382335,0.49340099423734,35,corsym
PUR,P1.anc.YRI.2way.rand.17,P2.anc.YRI.2way.rand.17,0.22506479154741,-0.11695350747542,0.51935838521632,35,pearson
PUR,P1.anc.YRI.2way.rand.18,P2.anc.YRI.2way.rand.18,0.199215581113502,-0.13586916382335,0.49340099423734,35,corsym
PUR,P1.anc.YRI.2way.rand.18,P2.anc.YRI.2way.rand.18,0.234267216420922,-0.107360854842476,0.526417045339007,35,pearson
PUR,P1.anc.YRI.2way.rand.19,P2.anc.YRI.2way.rand.19,0.199215581113502,-0.13586916382335,0.49340099423734,35,corsym
PUR,P1.anc.YRI.2way.rand.19,P2.anc.YRI.2way.rand.19,0.202749353044457,-0.139953202609559,0.502073068962505,35,pearson
PUR,P1.anc.YRI.2way.rand.20,P2.anc.YRI.2way.rand.20,0.199215581113502,-0.13586916382335,0.49340099423734,35,corsym
PUR,P1.anc.YRI.2way.rand.20,P2.anc.YRI.2way.rand.20,0.189358776767266,-0.153579093608479,0.491584769902303,35,pearson
PUR,P1.anc.YRI.2way.rand.21,P2.anc.YRI.2way.rand.21,0.199215581113502,-0.13586916382335,0.49340099423734,35,corsym
PUR,P1.anc.YRI.2way.rand.21,P2.anc.YRI.2way.rand.21,0.264521808237871,-0.0753685475403131,0.549343211170234,35,pearson
PUR,P1.anc.YRI.2way.rand.22,P2.anc.YRI.2way.rand.22,0.199215581113502,-0.13586916382335,0.49340099423734,35,corsym
PUR,P1.anc.YRI.2way.rand.22,P2.anc.YRI.2way.rand.22,0.225057352461176,-0.116961236285647,0.519352662822537,35,pearson
PUR,P1.anc.YRI.2way.rand.23,P2.anc.YRI.2way.rand.23,0.199215581113502,-0.13586916382335,0.49340099423734,35,corsym
PUR,P1.anc.YRI.2way.rand.23,P2.anc.YRI.2way.rand.23,0.216845089070154,-0.125468144540892,0.513019377631868,35,pearson
PUR,P1.anc.YRI.2way.rand.24,P2.anc.YRI.2way.rand.24,0.199215581113502,-0.13586916382335,0.49340099423734,35,corsym
PUR,P1.anc.YRI.2way.rand.24,P2.anc.YRI.2way.rand.24,0.185460356577997,-0.157521660295292,0.488514725797659,35,pearson
PUR,P1.anc.YRI.2way.rand.25,P2.anc.YRI.2way.rand.25,0.199215581113502,-0.13586916382335,0.49340099423734,35,corsym
PUR,P1.anc.YRI.2way.rand.25,P2.anc.YRI.2way.rand.25,0.187459270800083,-0.155501474880381,0.490089828201112,35,pearson
PUR,P1.anc.YRI.2way.rand.26,P2.anc.YRI.2way.rand.26,0.199215581113502,-0.13586916382335,0.49340099423734,35,corsym
PUR,P1.anc.YRI.2way.rand.26,P2.anc.YRI.2way.rand.26,0.188025330714876,-0.154928869623139,0.490535512736259,35,pearson
PUR,P1.anc.YRI.2way.rand.27,P2.anc.YRI.2way.rand.27,0.199215581113502,-0.13586916382335,0.49340099423734,35,corsym
PUR,P1.anc.YRI.2way.rand.27,P2.anc.YRI.2way.rand.27,0.216347169457316,-0.125982315372736,0.512634343131303,35,pearson
PUR,P1.anc.YRI.2way.rand.28,P2.anc.YRI.2way.rand.28,0.199215581113502,-0.13586916382335,0.49340099423734,35,corsym
PUR,P1.anc.YRI.2way.rand.28,P2.anc.YRI.2way.rand.28,0.191622520364086,-0.151284692946537,0.493364049059624,35,pearson
PUR,P1.anc.YRI.2way.rand.29,P2.anc.YRI.2way.rand.29,0.199215581113502,-0.13586916382335,0.49340099423734,35,corsym
PUR,P1.anc.YRI.2way.rand.29,P2.anc.YRI.2way.rand.29,0.258240443208304,-0.0820687523207982,0.544618364667101,35,pearson
PUR,P1.anc.YRI.2way.rand.30,P2.anc.YRI.2way.rand.30,0.199215581113502,-0.13586916382335,0.49340099423734,35,corsym
PUR,P1.anc.YRI.2way.rand.30,P2.anc.YRI.2way.rand.30,0.242027254465169,-0.0992220166709963,0.532338196844987,35,pearson
PUR,P1.anc.YRI.2way.rand.31,P2.anc.YRI.2way.rand.31,0.199215581113502,-0.13586916382335,0.49340099423734,35,corsym
PUR,P1.anc.YRI.2way.rand.31,P2.anc.YRI.2way.rand.31,0.254732592056894,-0.0857971673124443,0.541971822748225,35,pearson
PUR,P1.anc.YRI.2way.rand.32,P2.anc.YRI.2way.rand.32,0.199215581113502,-0.13586916382335,0.49340099423734,35,corsym
PUR,P1.anc.YRI.2way.rand.32,P2.anc.YRI.2way.rand.32,0.197565782996488,-0.145243307044205,0.498023405554621,35,pearson
PUR,P1.anc.YRI.2way.rand.33,P2.anc.YRI.2way.rand.33,0.199215581113502,-0.13586916382335,0.49340099423734,35,corsym
PUR,P1.anc.YRI.2way.rand.33,P2.anc.YRI.2way.rand.33,0.186927400039514,-0.156039285725722,0.489670918097152,35,pearson
PUR,P1.anc.YRI.2way.rand.34,P2.anc.YRI.2way.rand.34,0.199215581113502,-0.13586916382335,0.49340099423734,35,corsym
PUR,P1.anc.YRI.2way.rand.34,P2.anc.YRI.2way.rand.34,0.219207175368202,-0.123026455949251,0.514844324645145,35,pearson
PUR,P1.anc.YRI.2way.rand.35,P2.anc.YRI.2way.rand.35,0.199215581113502,-0.13586916382335,0.49340099423734,35,corsym
PUR,P1.anc.YRI.2way.rand.35,P2.anc.YRI.2way.rand.35,0.186498518937425,-0.156472808646176,0.489333022509235,35,pearson
PUR,P1.anc.YRI.2way.rand.36,P2.anc.YRI.2way.rand.36,0.199215581113502,-0.13586916382335,0.49340099423734,35,corsym
PUR,P1.anc.YRI.2way.rand.36,P2.anc.YRI.2way.rand.36,0.219173967318786,-0.123060811849863,0.514818686674712,35,pearson
PUR,P1.anc.YRI.2way.rand.37,P2.anc.YRI.2way.rand.37,0.199215581113502,-0.13586916382335,0.49340099423734,35,corsym
PUR,P1.anc.YRI.2way.rand.37,P2.anc.YRI.2way.rand.37,0.193183976520469,-0.149699934340874,0.494589867678469,35,pearson
PUR,P1.anc.YRI.2way.rand.38,P2.anc.YRI.2way.rand.38,0.199215581113502,-0.13586916382335,0.49340099423734,35,corsym
PUR,P1.anc.YRI.2way.rand.38,P2.anc.YRI.2way.rand.38,0.207378455838298,-0.135212365688834,0.505678493297961,35,pearson
PUR,P1.anc.YRI.2way.rand.39,P2.anc.YRI.2way.rand.39,0.199215581113502,-0.13586916382335,0.49340099423734,35,corsym
PUR,P1.anc.YRI.2way.rand.39,P2.anc.YRI.2way.rand.39,0.186031843716564,-0.156944384647523,0.488965247359906,35,pearson
PUR,P1.anc.YRI.2way.rand.40,P2.anc.YRI.2way.rand.40,0.199215581113502,-0.13586916382335,0.49340099423734,35,corsym
PUR,P1.anc.YRI.2way.rand.40,P2.anc.YRI.2way.rand.40,0.191802643527891,-0.151101971606549,0.493505515638515,35,pearson
PUR,P1.anc.YRI.2way.rand.41,P2.anc.YRI.2way.rand.41,0.199215581113502,-0.13586916382335,0.49340099423734,35,corsym
PUR,P1.anc.YRI.2way.rand.41,P2.anc.YRI.2way.rand.41,0.249437457016162,-0.0914072384283402,0.537966022155127,35,pearson
PUR,P1.anc.YRI.2way.rand.42,P2.anc.YRI.2way.rand.42,0.199215581113502,-0.13586916382335,0.49340099423734,35,corsym
PUR,P1.anc.YRI.2way.rand.42,P2.anc.YRI.2way.rand.42,0.241442512524089,-0.0998368970963808,0.531893007895864,35,pearson
PUR,P1.anc.YRI.2way.rand.43,P2.anc.YRI.2way.rand.43,0.199215581113502,-0.13586916382335,0.49340099423734,35,corsym
PUR,P1.anc.YRI.2way.rand.43,P2.anc.YRI.2way.rand.43,0.211944526909052,-0.130520663564794,0.50922464611662,35,pearson
PUR,P1.anc.YRI.2way.rand.44,P2.anc.YRI.2way.rand.44,0.199215581113502,-0.13586916382335,0.49340099423734,35,corsym
PUR,P1.anc.YRI.2way.rand.44,P2.anc.YRI.2way.rand.44,0.204480327679111,-0.138182284199986,0.503422475366926,35,pearson
PUR,P1.anc.YRI.2way.rand.45,P2.anc.YRI.2way.rand.45,0.199215581113502,-0.13586916382335,0.49340099423734,35,corsym
PUR,P1.anc.YRI.2way.rand.45,P2.anc.YRI.2way.rand.45,0.213907631109771,-0.128498820674927,0.51074615735439,35,pearson
PUR,P1.anc.YRI.2way.rand.46,P2.anc.YRI.2way.rand.46,0.199215581113502,-0.13586916382335,0.49340099423734,35,corsym
PUR,P1.anc.YRI.2way.rand.46,P2.anc.YRI.2way.rand.46,0.211175888695528,-0.131311525239691,0.50862840353204,35,pearson
PUR,P1.anc.YRI.2way.rand.47,P2.anc.YRI.2way.rand.47,0.199215581113502,-0.13586916382335,0.49340099423734,35,corsym
PUR,P1.anc.YRI.2way.rand.47,P2.anc.YRI.2way.rand.47,0.239371653923828,-0.102012396727129,0.53031508283286,35,pearson
PUR,P1.anc.YRI.2way.rand.48,P2.anc.YRI.2way.rand.48,0.199215581113502,-0.13586916382335,0.49340099423734,35,corsym
PUR,P1.anc.YRI.2way.rand.48,P2.anc.YRI.2way.rand.48,0.219498959819698,-0.122724550563179,0.515069571424445,35,pearson
PUR,P1.anc.YRI.2way.rand.49,P2.anc.YRI.2way.rand.49,0.199215581113502,-0.13586916382335,0.49340099423734,35,corsym
PUR,P1.anc.YRI.2way.rand.49,P2.anc.YRI.2way.rand.49,0.230785402087737,-0.110997810689632,0.523751070063368,35,pearson
PUR,P1.anc.YRI.2way.rand.50,P2.anc.YRI.2way.rand.50,0.199215581113502,-0.13586916382335,0.49340099423734,35,corsym
PUR,P1.anc.YRI.2way.rand.50,P2.anc.YRI.2way.rand.50,0.185774715694584,-0.157204146086431,0.488762565125499,35,pearson
PUR,P1.anc.YRI.2way.rand.51,P2.anc.YRI.2way.rand.51,0.199215581113502,-0.13586916382335,0.49340099423734,35,corsym
PUR,P1.anc.YRI.2way.rand.51,P2.anc.YRI.2way.rand.51,0.205248881937175,-0.137395291837291,0.504021145887811,35,pearson
PUR,P1.anc.YRI.2way.rand.52,P2.anc.YRI.2way.rand.52,0.199215581113502,-0.13586916382335,0.49340099423734,35,corsym
PUR,P1.anc.YRI.2way.rand.52,P2.anc.YRI.2way.rand.52,0.186828925319137,-0.156138837934536,0.489593342460463,35,pearson
PUR,P1.anc.YRI.2way.rand.53,P2.anc.YRI.2way.rand.53,0.199215581113502,-0.13586916382335,0.49340099423734,35,corsym
PUR,P1.anc.YRI.2way.rand.53,P2.anc.YRI.2way.rand.53,0.28222109107367,-0.0563225438711593,0.562559374587387,35,pearson
PUR,P1.anc.YRI.2way.rand.54,P2.anc.YRI.2way.rand.54,0.199215581113502,-0.13586916382335,0.49340099423734,35,corsym
PUR,P1.anc.YRI.2way.rand.54,P2.anc.YRI.2way.rand.54,0.185286833111967,-0.157696894973713,0.488377899720682,35,pearson
PUR,P1.anc.YRI.2way.rand.55,P2.anc.YRI.2way.rand.55,0.199215581113502,-0.13586916382335,0.49340099423734,35,corsym
PUR,P1.anc.YRI.2way.rand.55,P2.anc.YRI.2way.rand.55,0.201992862152843,-0.140726462341822,0.501482877484032,35,pearson
PUR,P1.anc.YRI.2way.rand.56,P2.anc.YRI.2way.rand.56,0.199215581113502,-0.13586916382335,0.49340099423734,35,corsym
PUR,P1.anc.YRI.2way.rand.56,P2.anc.YRI.2way.rand.56,0.187066657095913,-0.155898493055038,0.489780612739071,35,pearson
PUR,P1.anc.YRI.2way.rand.57,P2.anc.YRI.2way.rand.57,0.199215581113502,-0.13586916382335,0.49340099423734,35,corsym
PUR,P1.anc.YRI.2way.rand.57,P2.anc.YRI.2way.rand.57,0.186053451997586,-0.156922552900169,0.488982278687657,35,pearson
PUR,P1.anc.YRI.2way.rand.58,P2.anc.YRI.2way.rand.58,0.199215581113502,-0.13586916382335,0.49340099423734,35,corsym
PUR,P1.anc.YRI.2way.rand.58,P2.anc.YRI.2way.rand.58,0.218413463551381,-0.123847378328978,0.514231401942864,35,pearson
PUR,P1.anc.YRI.2way.rand.59,P2.anc.YRI.2way.rand.59,0.199215581113502,-0.13586916382335,0.49340099423734,35,corsym
PUR,P1.anc.YRI.2way.rand.59,P2.anc.YRI.2way.rand.59,0.19854919647625,-0.144241186430902,0.49879270583579,35,pearson
PUR,P1.anc.YRI.2way.rand.60,P2.anc.YRI.2way.rand.60,0.199215581113502,-0.13586916382335,0.49340099423734,35,corsym
PUR,P1.anc.YRI.2way.rand.60,P2.anc.YRI.2way.rand.60,0.22310003652405,-0.118993343800845,0.517846112390783,35,pearson
PUR,P1.anc.YRI.2way.rand.61,P2.anc.YRI.2way.rand.61,0.199215581113502,-0.13586916382335,0.49340099423734,35,corsym
PUR,P1.anc.YRI.2way.rand.61,P2.anc.YRI.2way.rand.61,0.206273695969388,-0.136345218415944,0.504818985290241,35,pearson
PUR,P1.anc.YRI.2way.rand.62,P2.anc.YRI.2way.rand.62,0.199215581113502,-0.13586916382335,0.49340099423734,35,corsym
PUR,P1.anc.YRI.2way.rand.62,P2.anc.YRI.2way.rand.62,0.263502023671515,-0.0764584220009911,0.548577365046877,35,pearson
PUR,P1.anc.YRI.2way.rand.63,P2.anc.YRI.2way.rand.63,0.199215581113502,-0.13586916382335,0.49340099423734,35,corsym
PUR,P1.anc.YRI.2way.rand.63,P2.anc.YRI.2way.rand.63,0.205553445613663,-0.137083301754457,0.504258308415225,35,pearson
PUR,P1.anc.YRI.2way.rand.64,P2.anc.YRI.2way.rand.64,0.199215581113502,-0.13586916382335,0.49340099423734,35,corsym
PUR,P1.anc.YRI.2way.rand.64,P2.anc.YRI.2way.rand.64,0.216520596323709,-0.125803249030729,0.512768465306919,35,pearson
PUR,P1.anc.YRI.2way.rand.65,P2.anc.YRI.2way.rand.65,0.199215581113502,-0.13586916382335,0.49340099423734,35,corsym
PUR,P1.anc.YRI.2way.rand.65,P2.anc.YRI.2way.rand.65,0.213719992868164,-0.128692196411738,0.510600807960117,35,pearson
PUR,P1.anc.YRI.2way.rand.66,P2.anc.YRI.2way.rand.66,0.199215581113502,-0.13586916382335,0.49340099423734,35,corsym
PUR,P1.anc.YRI.2way.rand.66,P2.anc.YRI.2way.rand.66,0.218031343426049,-0.124242431556126,0.51393621211228,35,pearson
PUR,P1.anc.YRI.2way.rand.67,P2.anc.YRI.2way.rand.67,0.199215581113502,-0.13586916382335,0.49340099423734,35,corsym
PUR,P1.anc.YRI.2way.rand.67,P2.anc.YRI.2way.rand.67,0.285327705760674,-0.0529539358287137,0.564864415604679,35,pearson
PUR,P1.anc.YRI.2way.rand.68,P2.anc.YRI.2way.rand.68,0.199215581113502,-0.13586916382335,0.49340099423734,35,corsym
PUR,P1.anc.YRI.2way.rand.68,P2.anc.YRI.2way.rand.68,0.257106330074781,-0.0832752181993787,0.543763342345893,35,pearson
PUR,P1.anc.YRI.2way.rand.69,P2.anc.YRI.2way.rand.69,0.199215581113502,-0.13586916382335,0.49340099423734,35,corsym
PUR,P1.anc.YRI.2way.rand.69,P2.anc.YRI.2way.rand.69,0.197129198515216,-0.145687971192345,0.497681724554534,35,pearson
PUR,P1.anc.YRI.2way.rand.70,P2.anc.YRI.2way.rand.70,0.199215581113502,-0.13586916382335,0.49340099423734,35,corsym
PUR,P1.anc.YRI.2way.rand.70,P2.anc.YRI.2way.rand.70,0.2128904803955,-0.129546761345636,0.509958042948962,35,pearson
PUR,P1.anc.YRI.2way.rand.71,P2.anc.YRI.2way.rand.71,0.199215581113502,-0.13586916382335,0.49340099423734,35,corsym
PUR,P1.anc.YRI.2way.rand.71,P2.anc.YRI.2way.rand.71,0.213296273215713,-0.129128776549409,0.510272521417923,35,pearson
PUR,P1.anc.YRI.2way.rand.72,P2.anc.YRI.2way.rand.72,0.199215581113502,-0.13586916382335,0.49340099423734,35,corsym
PUR,P1.anc.YRI.2way.rand.72,P2.anc.YRI.2way.rand.72,0.271320627039946,-0.0680816313296756,0.554436843259379,35,pearson
PUR,P1.anc.YRI.2way.rand.73,P2.anc.YRI.2way.rand.73,0.199215581113502,-0.13586916382335,0.49340099423734,35,corsym
PUR,P1.anc.YRI.2way.rand.73,P2.anc.YRI.2way.rand.73,0.188235251537802,-0.154716462902035,0.490700752663052,35,pearson
PUR,P1.anc.YRI.2way.rand.74,P2.anc.YRI.2way.rand.74,0.199215581113502,-0.13586916382335,0.49340099423734,35,corsym
PUR,P1.anc.YRI.2way.rand.74,P2.anc.YRI.2way.rand.74,0.193541266173058,-0.149337064811247,0.494870188857,35,pearson
PUR,P1.anc.YRI.2way.rand.75,P2.anc.YRI.2way.rand.75,0.199215581113502,-0.13586916382335,0.49340099423734,35,corsym
PUR,P1.anc.YRI.2way.rand.75,P2.anc.YRI.2way.rand.75,0.25282690161545,-0.0878186919060162,0.540531658650743,35,pearson
PUR,P1.anc.YRI.2way.rand.76,P2.anc.YRI.2way.rand.76,0.199215581113502,-0.13586916382335,0.49340099423734,35,corsym
PUR,P1.anc.YRI.2way.rand.76,P2.anc.YRI.2way.rand.76,0.206883664844652,-0.135719849457207,0.505293616943738,35,pearson
PUR,P1.anc.YRI.2way.rand.77,P2.anc.YRI.2way.rand.77,0.199215581113502,-0.13586916382335,0.49340099423734,35,corsym
PUR,P1.anc.YRI.2way.rand.77,P2.anc.YRI.2way.rand.77,0.253802527373251,-0.0867841147989242,0.541269167053845,35,pearson
PUR,P1.anc.YRI.2way.rand.78,P2.anc.YRI.2way.rand.78,0.199215581113502,-0.13586916382335,0.49340099423734,35,corsym
PUR,P1.anc.YRI.2way.rand.78,P2.anc.YRI.2way.rand.78,0.187732749853617,-0.155224862365619,0.490305170368913,35,pearson
PUR,P1.anc.YRI.2way.rand.79,P2.anc.YRI.2way.rand.79,0.199215581113502,-0.13586916382335,0.49340099423734,35,corsym
PUR,P1.anc.YRI.2way.rand.79,P2.anc.YRI.2way.rand.79,0.232323874564676,-0.109391915536031,0.524929764423249,35,pearson
PUR,P1.anc.YRI.2way.rand.80,P2.anc.YRI.2way.rand.80,0.199215581113502,-0.13586916382335,0.49340099423734,35,corsym
PUR,P1.anc.YRI.2way.rand.80,P2.anc.YRI.2way.rand.80,0.244004126484327,-0.0971413220780497,0.533842085534454,35,pearson
PUR,P1.anc.YRI.2way.rand.81,P2.anc.YRI.2way.rand.81,0.199215581113502,-0.13586916382335,0.49340099423734,35,corsym
PUR,P1.anc.YRI.2way.rand.81,P2.anc.YRI.2way.rand.81,0.199680458832941,-0.143087534176291,0.499677079944065,35,pearson
PUR,P1.anc.YRI.2way.rand.82,P2.anc.YRI.2way.rand.82,0.199215581113502,-0.13586916382335,0.49340099423734,35,corsym
PUR,P1.anc.YRI.2way.rand.82,P2.anc.YRI.2way.rand.82,0.366745158433963,0.0381627315172525,0.623758131853975,35,pearson
PUR,P1.anc.YRI.2way.rand.83,P2.anc.YRI.2way.rand.83,0.199215581113502,-0.13586916382335,0.49340099423734,35,corsym
PUR,P1.anc.YRI.2way.rand.83,P2.anc.YRI.2way.rand.83,0.201746648013444,-0.140978044057674,0.501290728462909,35,pearson
PUR,P1.anc.YRI.2way.rand.84,P2.anc.YRI.2way.rand.84,0.199215581113502,-0.13586916382335,0.49340099423734,35,corsym
PUR,P1.anc.YRI.2way.rand.84,P2.anc.YRI.2way.rand.84,0.189882557703707,-0.153048547909537,0.491996680829662,35,pearson
PUR,P1.anc.YRI.2way.rand.85,P2.anc.YRI.2way.rand.85,0.199215581113502,-0.13586916382335,0.49340099423734,35,corsym
PUR,P1.anc.YRI.2way.rand.85,P2.anc.YRI.2way.rand.85,0.18730843705999,-0.15565401383083,0.489971043280918,35,pearson
PUR,P1.anc.YRI.2way.rand.86,P2.anc.YRI.2way.rand.86,0.199215581113502,-0.13586916382335,0.49340099423734,35,corsym
PUR,P1.anc.YRI.2way.rand.86,P2.anc.YRI.2way.rand.86,0.276580109590722,-0.0624196109225996,0.558362716661361,35,pearson
PUR,P1.anc.YRI.2way.rand.87,P2.anc.YRI.2way.rand.87,0.199215581113502,-0.13586916382335,0.49340099423734,35,corsym
PUR,P1.anc.YRI.2way.rand.87,P2.anc.YRI.2way.rand.87,0.185570819194117,-0.157410097092381,0.488601819605201,35,pearson
PUR,P1.anc.YRI.2way.rand.88,P2.anc.YRI.2way.rand.88,0.199215581113502,-0.13586916382335,0.49340099423734,35,corsym
PUR,P1.anc.YRI.2way.rand.88,P2.anc.YRI.2way.rand.88,0.239013481128636,-0.102388337149624,0.530041962511849,35,pearson
PUR,P1.anc.YRI.2way.rand.89,P2.anc.YRI.2way.rand.89,0.199215581113502,-0.13586916382335,0.49340099423734,35,corsym
PUR,P1.anc.YRI.2way.rand.89,P2.anc.YRI.2way.rand.89,0.185348297779276,-0.157634826639305,0.488426367315748,35,pearson
PUR,P1.anc.YRI.2way.rand.90,P2.anc.YRI.2way.rand.90,0.199215581113502,-0.13586916382335,0.49340099423734,35,corsym
PUR,P1.anc.YRI.2way.rand.90,P2.anc.YRI.2way.rand.90,0.191143756070065,-0.151770249254084,0.492987955689912,35,pearson
PUR,P1.anc.YRI.2way.rand.91,P2.anc.YRI.2way.rand.91,0.199215581113502,-0.13586916382335,0.49340099423734,35,corsym
PUR,P1.anc.YRI.2way.rand.91,P2.anc.YRI.2way.rand.91,0.189287786494997,-0.153650985526019,0.491528931442366,35,pearson
PUR,P1.anc.YRI.2way.rand.92,P2.anc.YRI.2way.rand.92,0.199215581113502,-0.13586916382335,0.49340099423734,35,corsym
PUR,P1.anc.YRI.2way.rand.92,P2.anc.YRI.2way.rand.92,0.241220403807254,-0.100070385344385,0.531723864983308,35,pearson
PUR,P1.anc.YRI.2way.rand.93,P2.anc.YRI.2way.rand.93,0.199215581113502,-0.13586916382335,0.49340099423734,35,corsym
PUR,P1.anc.YRI.2way.rand.93,P2.anc.YRI.2way.rand.93,0.233147857343497,-0.108531088006324,0.525560594268133,35,pearson
PUR,P1.anc.YRI.2way.rand.94,P2.anc.YRI.2way.rand.94,0.199215581113502,-0.13586916382335,0.49340099423734,35,corsym
PUR,P1.anc.YRI.2way.rand.94,P2.anc.YRI.2way.rand.94,0.185513360992092,-0.15746812886788,0.488556517669413,35,pearson
PUR,P1.anc.YRI.2way.rand.95,P2.anc.YRI.2way.rand.95,0.199215581113502,-0.13586916382335,0.49340099423734,35,corsym
PUR,P1.anc.YRI.2way.rand.95,P2.anc.YRI.2way.rand.95,0.186201470510143,-0.15677299461184,0.489098938482148,35,pearson
PUR,P1.anc.YRI.2way.rand.96,P2.anc.YRI.2way.rand.96,0.199215581113502,-0.13586916382335,0.49340099423734,35,corsym
PUR,P1.anc.YRI.2way.rand.96,P2.anc.YRI.2way.rand.96,0.229168912682438,-0.112683221108235,0.522511393640965,35,pearson
PUR,P1.anc.YRI.2way.rand.97,P2.anc.YRI.2way.rand.97,0.199215581113502,-0.13586916382335,0.49340099423734,35,corsym
PUR,P1.anc.YRI.2way.rand.97,P2.anc.YRI.2way.rand.97,0.215739964491047,-0.12660908963213,0.512164638420806,35,pearson
PUR,P1.anc.YRI.2way.rand.98,P2.anc.YRI.2way.rand.98,0.199215581113502,-0.13586916382335,0.49340099423734,35,corsym
PUR,P1.anc.YRI.2way.rand.98,P2.anc.YRI.2way.rand.98,0.187769154281576,-0.155188036767657,0.490333833063368,35,pearson
PUR,P1.anc.YRI.2way.rand.99,P2.anc.YRI.2way.rand.99,0.199215581113502,-0.13586916382335,0.49340099423734,35,corsym
PUR,P1.anc.YRI.2way.rand.99,P2.anc.YRI.2way.rand.99,0.254234786673009,-0.086325501636323,0.541595785099432,35,pearson
PUR,P1.anc.YRI.2way.rand.100,P2.anc.YRI.2way.rand.100,0.199215581113502,-0.13586916382335,0.49340099423734,35,corsym
PUR,P1.anc.YRI.2way.rand.100,P2.anc.YRI.2way.rand.100,0.263275569986482,-0.0767003296925995,0.548407236081674,35,pearson
