Population,name_of_P1,name_of_P2,R,CIL,CIU,N,R_type
ACB,P1.anc.YRI,P2.anc.YRI,0.234272837319449,-0.213634607061125,0.600793564908203,20,corsym
ACB,P1.anc.IBS,P2.anc.IBS,0.218590433532138,-0.229353571671452,0.590124911923738,20,corsym
ACB,P1.anc.NAM,P2.anc.NAM,-0.0520235818992989,-0.468192567955342,0.38303509201887,20,corsym
ACB,P1.anc.YRI.2way,P2.anc.YRI.2way,-0.196774502499613,-0.575064647157793,0.250838550443135,20,corsym
ACB,P1.adm.YRI,P2.adm.YRI,0.230652078250789,-0.217284517107233,0.598341920338989,20,corsym
ACB,P1.adm.IBS,P2.adm.IBS,0.240203835938014,-0.207628716988078,0.604794649196481,20,corsym
ACB,P1.adm.NAM,P2.adm.NAM,-0.0163368245943869,-0.439830514730852,0.413100613903114,20,corsym
ACB,P1.anc.YRI,P2.anc.YRI,0.545269277628695,0.135425788540737,0.795775107046162,20,pearson
ACB,P1.anc.IBS,P2.anc.IBS,0.518677584216812,0.0988440408645227,0.781763599191113,20,pearson
ACB,P1.anc.NAM,P2.anc.NAM,-0.0888903454925048,-0.511298768648783,0.368110361497996,20,pearson
ACB,P1.anc.YRI.2way,P2.anc.YRI.2way,-0.020008215143454,-0.458469683330039,0.426286933262063,20,pearson
ACB,P1.adm.YRI,P2.adm.YRI,0.215361837408393,-0.251088171990601,0.60064034052868,20,pearson
ACB,P1.adm.IBS,P2.adm.IBS,0.228072610320629,-0.238521389031556,0.609117109230998,20,pearson
ACB,P1.adm.NAM,P2.adm.NAM,NA,NA,NA,20,pearson
ACB,P1.anc.YRI.2way.rand.1,P2.anc.YRI.2way.rand.1,-0.196774502499613,-0.575064647157793,0.250838550443135,20,corsym
ACB,P1.anc.YRI.2way.rand.1,P2.anc.YRI.2way.rand.1,-0.238618794370182,-0.616084851057398,0.227974696732498,20,pearson
ACB,P1.anc.YRI.2way.rand.2,P2.anc.YRI.2way.rand.2,-0.196774502499613,-0.575064647157793,0.250838550443135,20,corsym
ACB,P1.anc.YRI.2way.rand.2,P2.anc.YRI.2way.rand.2,-0.22456351521074,-0.606785574130402,0.242006418158247,20,pearson
ACB,P1.anc.YRI.2way.rand.3,P2.anc.YRI.2way.rand.3,-0.196774502499613,-0.575064647157793,0.250838550443135,20,corsym
ACB,P1.anc.YRI.2way.rand.3,P2.anc.YRI.2way.rand.3,-0.195216324432807,-0.587025564443042,0.270688501222718,20,pearson
ACB,P1.anc.YRI.2way.rand.4,P2.anc.YRI.2way.rand.4,-0.196774502499613,-0.575064647157793,0.250838550443135,20,corsym
ACB,P1.anc.YRI.2way.rand.4,P2.anc.YRI.2way.rand.4,-0.224558690886446,-0.606782364188615,0.24201120112416,20,pearson
ACB,P1.anc.YRI.2way.rand.5,P2.anc.YRI.2way.rand.5,-0.196774502499613,-0.575064647157793,0.250838550443135,20,corsym
ACB,P1.anc.YRI.2way.rand.5,P2.anc.YRI.2way.rand.5,-0.217827288943078,-0.602291340325966,0.248662879593587,20,pearson
ACB,P1.anc.YRI.2way.rand.6,P2.anc.YRI.2way.rand.6,-0.196774502499613,-0.575064647157793,0.250838550443135,20,corsym
ACB,P1.anc.YRI.2way.rand.6,P2.anc.YRI.2way.rand.6,-0.248229975049976,-0.62238381083512,0.218266736428734,20,pearson
ACB,P1.anc.YRI.2way.rand.7,P2.anc.YRI.2way.rand.7,-0.196774502499613,-0.575064647157793,0.250838550443135,20,corsym
ACB,P1.anc.YRI.2way.rand.7,P2.anc.YRI.2way.rand.7,-0.185413386887066,-0.580319383223735,0.28008845008632,20,pearson
ACB,P1.anc.YRI.2way.rand.8,P2.anc.YRI.2way.rand.8,-0.196774502499613,-0.575064647157793,0.250838550443135,20,corsym
ACB,P1.anc.YRI.2way.rand.8,P2.anc.YRI.2way.rand.8,-0.193615113108867,-0.585933839031374,0.272229983175405,20,pearson
ACB,P1.anc.YRI.2way.rand.9,P2.anc.YRI.2way.rand.9,-0.196774502499613,-0.575064647157793,0.250838550443135,20,corsym
ACB,P1.anc.YRI.2way.rand.9,P2.anc.YRI.2way.rand.9,-0.221773269205938,-0.604926955190189,0.244768962861599,20,pearson
ACB,P1.anc.YRI.2way.rand.10,P2.anc.YRI.2way.rand.10,-0.196774502499613,-0.575064647157793,0.250838550443135,20,corsym
ACB,P1.anc.YRI.2way.rand.10,P2.anc.YRI.2way.rand.10,-0.217127840886931,-0.601823286002639,0.249351529378485,20,pearson
ACB,P1.anc.YRI.2way.rand.11,P2.anc.YRI.2way.rand.11,-0.196774502499613,-0.575064647157793,0.250838550443135,20,corsym
ACB,P1.anc.YRI.2way.rand.11,P2.anc.YRI.2way.rand.11,-0.213588968190525,-0.599451096959066,0.252828551008545,20,pearson
ACB,P1.anc.YRI.2way.rand.12,P2.anc.YRI.2way.rand.12,-0.196774502499613,-0.575064647157793,0.250838550443135,20,corsym
ACB,P1.anc.YRI.2way.rand.12,P2.anc.YRI.2way.rand.12,-0.255555357775123,-0.627152382133875,0.210805064937478,20,pearson
ACB,P1.anc.YRI.2way.rand.13,P2.anc.YRI.2way.rand.13,-0.196774502499613,-0.575064647157793,0.250838550443135,20,corsym
ACB,P1.anc.YRI.2way.rand.13,P2.anc.YRI.2way.rand.13,-0.218242385547205,-0.602568988356185,0.248253968248197,20,pearson
ACB,P1.anc.YRI.2way.rand.14,P2.anc.YRI.2way.rand.14,-0.196774502499613,-0.575064647157793,0.250838550443135,20,corsym
ACB,P1.anc.YRI.2way.rand.14,P2.anc.YRI.2way.rand.14,-0.199483797781284,-0.589928236442693,0.266568513485749,20,pearson
ACB,P1.anc.YRI.2way.rand.15,P2.anc.YRI.2way.rand.15,-0.196774502499613,-0.575064647157793,0.250838550443135,20,corsym
ACB,P1.anc.YRI.2way.rand.15,P2.anc.YRI.2way.rand.15,-0.222347609999275,-0.605309872560816,0.244200942519496,20,pearson
ACB,P1.anc.YRI.2way.rand.16,P2.anc.YRI.2way.rand.16,-0.196774502499613,-0.575064647157793,0.250838550443135,20,corsym
ACB,P1.anc.YRI.2way.rand.16,P2.anc.YRI.2way.rand.16,-0.219604257465665,-0.603479258528214,0.246911220770369,20,pearson
ACB,P1.anc.YRI.2way.rand.17,P2.anc.YRI.2way.rand.17,-0.196774502499613,-0.575064647157793,0.250838550443135,20,corsym
ACB,P1.anc.YRI.2way.rand.17,P2.anc.YRI.2way.rand.17,-0.221629052345293,-0.604830776870566,0.244911542373537,20,pearson
ACB,P1.anc.YRI.2way.rand.18,P2.anc.YRI.2way.rand.18,-0.196774502499613,-0.575064647157793,0.250838550443135,20,corsym
ACB,P1.anc.YRI.2way.rand.18,P2.anc.YRI.2way.rand.18,-0.196080916748368,-0.587614462153816,0.269855165943328,20,pearson
ACB,P1.anc.YRI.2way.rand.19,P2.anc.YRI.2way.rand.19,-0.196774502499613,-0.575064647157793,0.250838550443135,20,corsym
ACB,P1.anc.YRI.2way.rand.19,P2.anc.YRI.2way.rand.19,-0.219167574633106,-0.603187490265964,0.247341966577043,20,pearson
ACB,P1.anc.YRI.2way.rand.20,P2.anc.YRI.2way.rand.20,-0.196774502499613,-0.575064647157793,0.250838550443135,20,corsym
ACB,P1.anc.YRI.2way.rand.20,P2.anc.YRI.2way.rand.20,-0.221779610688159,-0.604931184072286,0.244762692913469,20,pearson
ACB,P1.anc.YRI.2way.rand.21,P2.anc.YRI.2way.rand.21,-0.196774502499613,-0.575064647157793,0.250838550443135,20,corsym
ACB,P1.anc.YRI.2way.rand.21,P2.anc.YRI.2way.rand.21,-0.228134323555031,-0.609158054276046,0.238459991314342,20,pearson
ACB,P1.anc.YRI.2way.rand.22,P2.anc.YRI.2way.rand.22,-0.196774502499613,-0.575064647157793,0.250838550443135,20,corsym
ACB,P1.anc.YRI.2way.rand.22,P2.anc.YRI.2way.rand.22,-0.220816595349981,-0.604288739800865,0.245714398362856,20,pearson
ACB,P1.anc.YRI.2way.rand.23,P2.anc.YRI.2way.rand.23,-0.196774502499613,-0.575064647157793,0.250838550443135,20,corsym
ACB,P1.anc.YRI.2way.rand.23,P2.anc.YRI.2way.rand.23,-0.266454140499189,-0.634195932358268,0.199602013388313,20,pearson
ACB,P1.anc.YRI.2way.rand.24,P2.anc.YRI.2way.rand.24,-0.196774502499613,-0.575064647157793,0.250838550443135,20,corsym
ACB,P1.anc.YRI.2way.rand.24,P2.anc.YRI.2way.rand.24,-0.224969112445432,-0.607055400199942,0.241604216954684,20,pearson
ACB,P1.anc.YRI.2way.rand.25,P2.anc.YRI.2way.rand.25,-0.196774502499613,-0.575064647157793,0.250838550443135,20,corsym
ACB,P1.anc.YRI.2way.rand.25,P2.anc.YRI.2way.rand.25,-0.229164489750206,-0.609841241562816,0.237434540885056,20,pearson
ACB,P1.anc.YRI.2way.rand.26,P2.anc.YRI.2way.rand.26,-0.196774502499613,-0.575064647157793,0.250838550443135,20,corsym
ACB,P1.anc.YRI.2way.rand.26,P2.anc.YRI.2way.rand.26,-0.197761464307926,-0.588757944053996,0.268233374811451,20,pearson
ACB,P1.anc.YRI.2way.rand.27,P2.anc.YRI.2way.rand.27,-0.196774502499613,-0.575064647157793,0.250838550443135,20,corsym
ACB,P1.anc.YRI.2way.rand.27,P2.anc.YRI.2way.rand.27,-0.15550969584866,-0.559525985459905,0.308221758763951,20,pearson
ACB,P1.anc.YRI.2way.rand.28,P2.anc.YRI.2way.rand.28,-0.196774502499613,-0.575064647157793,0.250838550443135,20,corsym
ACB,P1.anc.YRI.2way.rand.28,P2.anc.YRI.2way.rand.28,-0.232583719082658,-0.612104763522663,0.23402349332819,20,pearson
ACB,P1.anc.YRI.2way.rand.29,P2.anc.YRI.2way.rand.29,-0.196774502499613,-0.575064647157793,0.250838550443135,20,corsym
ACB,P1.anc.YRI.2way.rand.29,P2.anc.YRI.2way.rand.29,-0.222232008268981,-0.60523281425388,0.244315297827261,20,pearson
ACB,P1.anc.YRI.2way.rand.30,P2.anc.YRI.2way.rand.30,-0.196774502499613,-0.575064647157793,0.250838550443135,20,corsym
ACB,P1.anc.YRI.2way.rand.30,P2.anc.YRI.2way.rand.30,-0.20615229355175,-0.594443932730854,0.260096199883211,20,pearson
ACB,P1.anc.YRI.2way.rand.31,P2.anc.YRI.2way.rand.31,-0.196774502499613,-0.575064647157793,0.250838550443135,20,corsym
ACB,P1.anc.YRI.2way.rand.31,P2.anc.YRI.2way.rand.31,-0.176730042882434,-0.57433404502279,0.28834093729573,20,pearson
ACB,P1.anc.YRI.2way.rand.32,P2.anc.YRI.2way.rand.32,-0.196774502499613,-0.575064647157793,0.250838550443135,20,corsym
ACB,P1.anc.YRI.2way.rand.32,P2.anc.YRI.2way.rand.32,-0.290791062804747,-0.649706859087236,0.174137984788058,20,pearson
ACB,P1.anc.YRI.2way.rand.33,P2.anc.YRI.2way.rand.33,-0.196774502499613,-0.575064647157793,0.250838550443135,20,corsym
ACB,P1.anc.YRI.2way.rand.33,P2.anc.YRI.2way.rand.33,-0.162876052997037,-0.564695799069673,0.301365996263347,20,pearson
ACB,P1.anc.YRI.2way.rand.34,P2.anc.YRI.2way.rand.34,-0.196774502499613,-0.575064647157793,0.250838550443135,20,corsym
ACB,P1.anc.YRI.2way.rand.34,P2.anc.YRI.2way.rand.34,-0.188794646364147,-0.582638566371325,0.276856244250864,20,pearson
ACB,P1.anc.YRI.2way.rand.35,P2.anc.YRI.2way.rand.35,-0.196774502499613,-0.575064647157793,0.250838550443135,20,corsym
ACB,P1.anc.YRI.2way.rand.35,P2.anc.YRI.2way.rand.35,-0.210514826709113,-0.597384911668255,0.255839216898171,20,pearson
ACB,P1.anc.YRI.2way.rand.36,P2.anc.YRI.2way.rand.36,-0.196774502499613,-0.575064647157793,0.250838550443135,20,corsym
ACB,P1.anc.YRI.2way.rand.36,P2.anc.YRI.2way.rand.36,-0.233670742883121,-0.612823070280868,0.232936658781077,20,pearson
ACB,P1.anc.YRI.2way.rand.37,P2.anc.YRI.2way.rand.37,-0.196774502499613,-0.575064647157793,0.250838550443135,20,corsym
ACB,P1.anc.YRI.2way.rand.37,P2.anc.YRI.2way.rand.37,-0.273338796890963,-0.63861403936216,0.192461798365549,20,pearson
ACB,P1.anc.YRI.2way.rand.38,P2.anc.YRI.2way.rand.38,-0.196774502499613,-0.575064647157793,0.250838550443135,20,corsym
ACB,P1.anc.YRI.2way.rand.38,P2.anc.YRI.2way.rand.38,-0.219430460145312,-0.603363148707918,0.247082677275867,20,pearson
ACB,P1.anc.YRI.2way.rand.39,P2.anc.YRI.2way.rand.39,-0.196774502499613,-0.575064647157793,0.250838550443135,20,corsym
ACB,P1.anc.YRI.2way.rand.39,P2.anc.YRI.2way.rand.39,-0.212896627165824,-0.59898621044689,0.253507385402811,20,pearson
ACB,P1.anc.YRI.2way.rand.40,P2.anc.YRI.2way.rand.40,-0.196774502499613,-0.575064647157793,0.250838550443135,20,corsym
ACB,P1.anc.YRI.2way.rand.40,P2.anc.YRI.2way.rand.40,-0.224889764003718,-0.607002620089399,0.241682913633859,20,pearson
ACB,P1.anc.YRI.2way.rand.41,P2.anc.YRI.2way.rand.41,-0.196774502499613,-0.575064647157793,0.250838550443135,20,corsym
ACB,P1.anc.YRI.2way.rand.41,P2.anc.YRI.2way.rand.41,-0.216021877089563,-0.601082661140982,0.250439457101707,20,pearson
ACB,P1.anc.YRI.2way.rand.42,P2.anc.YRI.2way.rand.42,-0.196774502499613,-0.575064647157793,0.250838550443135,20,corsym
ACB,P1.anc.YRI.2way.rand.42,P2.anc.YRI.2way.rand.42,-0.266946401472492,-0.634512631367846,0.199093117308343,20,pearson
ACB,P1.anc.YRI.2way.rand.43,P2.anc.YRI.2way.rand.43,-0.196774502499613,-0.575064647157793,0.250838550443135,20,corsym
ACB,P1.anc.YRI.2way.rand.43,P2.anc.YRI.2way.rand.43,-0.213235302158117,-0.599213653204984,0.253175374883407,20,pearson
ACB,P1.anc.YRI.2way.rand.44,P2.anc.YRI.2way.rand.44,-0.196774502499613,-0.575064647157793,0.250838550443135,20,corsym
ACB,P1.anc.YRI.2way.rand.44,P2.anc.YRI.2way.rand.44,-0.265671429604641,-0.63369211645087,0.200410657288697,20,pearson
ACB,P1.anc.YRI.2way.rand.45,P2.anc.YRI.2way.rand.45,-0.196774502499613,-0.575064647157793,0.250838550443135,20,corsym
ACB,P1.anc.YRI.2way.rand.45,P2.anc.YRI.2way.rand.45,-0.237017034848954,-0.615030378148075,0.229583616581041,20,pearson
ACB,P1.anc.YRI.2way.rand.46,P2.anc.YRI.2way.rand.46,-0.196774502499613,-0.575064647157793,0.250838550443135,20,corsym
ACB,P1.anc.YRI.2way.rand.46,P2.anc.YRI.2way.rand.46,-0.224003998205771,-0.606413207348632,0.242560987341964,20,pearson
ACB,P1.anc.YRI.2way.rand.47,P2.anc.YRI.2way.rand.47,-0.196774502499613,-0.575064647157793,0.250838550443135,20,corsym
ACB,P1.anc.YRI.2way.rand.47,P2.anc.YRI.2way.rand.47,-0.276836806618488,-0.640849637340228,0.188814947021947,20,pearson
ACB,P1.anc.YRI.2way.rand.48,P2.anc.YRI.2way.rand.48,-0.196774502499613,-0.575064647157793,0.250838550443135,20,corsym
ACB,P1.anc.YRI.2way.rand.48,P2.anc.YRI.2way.rand.48,-0.213285081457137,-0.599247078060495,0.253126565882421,20,pearson
ACB,P1.anc.YRI.2way.rand.49,P2.anc.YRI.2way.rand.49,-0.196774502499613,-0.575064647157793,0.250838550443135,20,corsym
ACB,P1.anc.YRI.2way.rand.49,P2.anc.YRI.2way.rand.49,-0.189061325898115,-0.582821207592162,0.27660087146673,20,pearson
ACB,P1.anc.YRI.2way.rand.50,P2.anc.YRI.2way.rand.50,-0.196774502499613,-0.575064647157793,0.250838550443135,20,corsym
ACB,P1.anc.YRI.2way.rand.50,P2.anc.YRI.2way.rand.50,-0.249671028447412,-0.623324086517905,0.216803169206096,20,pearson
ACB,P1.anc.YRI.2way.rand.51,P2.anc.YRI.2way.rand.51,-0.196774502499613,-0.575064647157793,0.250838550443135,20,corsym
ACB,P1.anc.YRI.2way.rand.51,P2.anc.YRI.2way.rand.51,-0.208652431908019,-0.596130659592496,0.257658766784617,20,pearson
ACB,P1.anc.YRI.2way.rand.52,P2.anc.YRI.2way.rand.52,-0.196774502499613,-0.575064647157793,0.250838550443135,20,corsym
ACB,P1.anc.YRI.2way.rand.52,P2.anc.YRI.2way.rand.52,-0.219971301991753,-0.603724418688748,0.246549023829004,20,pearson
ACB,P1.anc.YRI.2way.rand.53,P2.anc.YRI.2way.rand.53,-0.196774502499613,-0.575064647157793,0.250838550443135,20,corsym
ACB,P1.anc.YRI.2way.rand.53,P2.anc.YRI.2way.rand.53,-0.227693886835286,-0.608865792054233,0.238898094577021,20,pearson
ACB,P1.anc.YRI.2way.rand.54,P2.anc.YRI.2way.rand.54,-0.196774502499613,-0.575064647157793,0.250838550443135,20,corsym
ACB,P1.anc.YRI.2way.rand.54,P2.anc.YRI.2way.rand.54,-0.260927339139174,-0.630631741540741,0.205298378394586,20,pearson
ACB,P1.anc.YRI.2way.rand.55,P2.anc.YRI.2way.rand.55,-0.196774502499613,-0.575064647157793,0.250838550443135,20,corsym
ACB,P1.anc.YRI.2way.rand.55,P2.anc.YRI.2way.rand.55,-0.20360728992763,-0.592723420871112,0.262571285052173,20,pearson
ACB,P1.anc.YRI.2way.rand.56,P2.anc.YRI.2way.rand.56,-0.196774502499613,-0.575064647157793,0.250838550443135,20,corsym
ACB,P1.anc.YRI.2way.rand.56,P2.anc.YRI.2way.rand.56,-0.306756642062751,-0.659722595906758,0.157088274750299,20,pearson
ACB,P1.anc.YRI.2way.rand.57,P2.anc.YRI.2way.rand.57,-0.196774502499613,-0.575064647157793,0.250838550443135,20,corsym
ACB,P1.anc.YRI.2way.rand.57,P2.anc.YRI.2way.rand.57,-0.228236690438549,-0.609225967427603,0.238358139569731,20,pearson
ACB,P1.anc.YRI.2way.rand.58,P2.anc.YRI.2way.rand.58,-0.196774502499613,-0.575064647157793,0.250838550443135,20,corsym
ACB,P1.anc.YRI.2way.rand.58,P2.anc.YRI.2way.rand.58,-0.225288891861591,-0.607268073338692,0.241287001965015,20,pearson
ACB,P1.anc.YRI.2way.rand.59,P2.anc.YRI.2way.rand.59,-0.196774502499613,-0.575064647157793,0.250838550443135,20,corsym
ACB,P1.anc.YRI.2way.rand.59,P2.anc.YRI.2way.rand.59,-0.134756998881835,-0.544790417954446,0.327280422248213,20,pearson
ACB,P1.anc.YRI.2way.rand.60,P2.anc.YRI.2way.rand.60,-0.196774502499613,-0.575064647157793,0.250838550443135,20,corsym
ACB,P1.anc.YRI.2way.rand.60,P2.anc.YRI.2way.rand.60,-0.209770664309254,-0.596883973522306,0.256566656218074,20,pearson
ACB,P1.anc.YRI.2way.rand.61,P2.anc.YRI.2way.rand.61,-0.196774502499613,-0.575064647157793,0.250838550443135,20,corsym
ACB,P1.anc.YRI.2way.rand.61,P2.anc.YRI.2way.rand.61,-0.22213403551318,-0.605167501526031,0.244412204078624,20,pearson
ACB,P1.anc.YRI.2way.rand.62,P2.anc.YRI.2way.rand.62,-0.196774502499613,-0.575064647157793,0.250838550443135,20,corsym
ACB,P1.anc.YRI.2way.rand.62,P2.anc.YRI.2way.rand.62,-0.260965457929852,-0.630656377575704,0.205259197994249,20,pearson
ACB,P1.anc.YRI.2way.rand.63,P2.anc.YRI.2way.rand.63,-0.196774502499613,-0.575064647157793,0.250838550443135,20,corsym
ACB,P1.anc.YRI.2way.rand.63,P2.anc.YRI.2way.rand.63,-0.215210271447714,-0.600538736436343,0.251237078288436,20,pearson
ACB,P1.anc.YRI.2way.rand.64,P2.anc.YRI.2way.rand.64,-0.196774502499613,-0.575064647157793,0.250838550443135,20,corsym
ACB,P1.anc.YRI.2way.rand.64,P2.anc.YRI.2way.rand.64,-0.225146499337976,-0.607173380242011,0.241428264906367,20,pearson
ACB,P1.anc.YRI.2way.rand.65,P2.anc.YRI.2way.rand.65,-0.196774502499613,-0.575064647157793,0.250838550443135,20,corsym
ACB,P1.anc.YRI.2way.rand.65,P2.anc.YRI.2way.rand.65,-0.256473269912375,-0.627747953734637,0.209866227706376,20,pearson
ACB,P1.anc.YRI.2way.rand.66,P2.anc.YRI.2way.rand.66,-0.196774502499613,-0.575064647157793,0.250838550443135,20,corsym
ACB,P1.anc.YRI.2way.rand.66,P2.anc.YRI.2way.rand.66,-0.211300908485912,-0.597913740451325,0.255070226209981,20,pearson
ACB,P1.anc.YRI.2way.rand.67,P2.anc.YRI.2way.rand.67,-0.196774502499613,-0.575064647157793,0.250838550443135,20,corsym
ACB,P1.anc.YRI.2way.rand.67,P2.anc.YRI.2way.rand.67,-0.215311189741092,-0.60060638963086,0.251137933354374,20,pearson
ACB,P1.anc.YRI.2way.rand.68,P2.anc.YRI.2way.rand.68,-0.196774502499613,-0.575064647157793,0.250838550443135,20,corsym
ACB,P1.anc.YRI.2way.rand.68,P2.anc.YRI.2way.rand.68,-0.203065627428553,-0.592356779058193,0.263097275968484,20,pearson
ACB,P1.anc.YRI.2way.rand.69,P2.anc.YRI.2way.rand.69,-0.196774502499613,-0.575064647157793,0.250838550443135,20,corsym
ACB,P1.anc.YRI.2way.rand.69,P2.anc.YRI.2way.rand.69,-0.163514026040867,-0.565142058658157,0.300769976771905,20,pearson
ACB,P1.anc.YRI.2way.rand.70,P2.anc.YRI.2way.rand.70,-0.196774502499613,-0.575064647157793,0.250838550443135,20,corsym
ACB,P1.anc.YRI.2way.rand.70,P2.anc.YRI.2way.rand.70,-0.154378018367708,-0.558728962457221,0.309270743521229,20,pearson
ACB,P1.anc.YRI.2way.rand.71,P2.anc.YRI.2way.rand.71,-0.196774502499613,-0.575064647157793,0.250838550443135,20,corsym
ACB,P1.anc.YRI.2way.rand.71,P2.anc.YRI.2way.rand.71,-0.2067109860177,-0.594821153194256,0.259552034889974,20,pearson
ACB,P1.anc.YRI.2way.rand.72,P2.anc.YRI.2way.rand.72,-0.196774502499613,-0.575064647157793,0.250838550443135,20,corsym
ACB,P1.anc.YRI.2way.rand.72,P2.anc.YRI.2way.rand.72,-0.214796694269198,-0.600261426607558,0.251643285771209,20,pearson
ACB,P1.anc.YRI.2way.rand.73,P2.anc.YRI.2way.rand.73,-0.196774502499613,-0.575064647157793,0.250838550443135,20,corsym
ACB,P1.anc.YRI.2way.rand.73,P2.anc.YRI.2way.rand.73,-0.077008907183584,-0.502408588437771,0.378407253173952,20,pearson
ACB,P1.anc.YRI.2way.rand.74,P2.anc.YRI.2way.rand.74,-0.196774502499613,-0.575064647157793,0.250838550443135,20,corsym
ACB,P1.anc.YRI.2way.rand.74,P2.anc.YRI.2way.rand.74,-0.237100723772347,-0.615085505871544,0.22949961663536,20,pearson
ACB,P1.anc.YRI.2way.rand.75,P2.anc.YRI.2way.rand.75,-0.196774502499613,-0.575064647157793,0.250838550443135,20,corsym
ACB,P1.anc.YRI.2way.rand.75,P2.anc.YRI.2way.rand.75,-0.164019864631505,-0.565495723749672,0.300297144561133,20,pearson
ACB,P1.anc.YRI.2way.rand.76,P2.anc.YRI.2way.rand.76,-0.196774502499613,-0.575064647157793,0.250838550443135,20,corsym
ACB,P1.anc.YRI.2way.rand.76,P2.anc.YRI.2way.rand.76,-0.149879657586185,-0.555553434159209,0.313429278625509,20,pearson
ACB,P1.anc.YRI.2way.rand.77,P2.anc.YRI.2way.rand.77,-0.196774502499613,-0.575064647157793,0.250838550443135,20,corsym
ACB,P1.anc.YRI.2way.rand.77,P2.anc.YRI.2way.rand.77,-0.194061697393331,-0.586238468916427,0.271800297958522,20,pearson
ACB,P1.anc.YRI.2way.rand.78,P2.anc.YRI.2way.rand.78,-0.196774502499613,-0.575064647157793,0.250838550443135,20,corsym
ACB,P1.anc.YRI.2way.rand.78,P2.anc.YRI.2way.rand.78,-0.224062521871413,-0.606452163563292,0.24250299547779,20,pearson
ACB,P1.anc.YRI.2way.rand.79,P2.anc.YRI.2way.rand.79,-0.196774502499613,-0.575064647157793,0.250838550443135,20,corsym
ACB,P1.anc.YRI.2way.rand.79,P2.anc.YRI.2way.rand.79,-0.219631411926222,-0.603497398301557,0.246884429405019,20,pearson
ACB,P1.anc.YRI.2way.rand.80,P2.anc.YRI.2way.rand.80,-0.196774502499613,-0.575064647157793,0.250838550443135,20,corsym
ACB,P1.anc.YRI.2way.rand.80,P2.anc.YRI.2way.rand.80,-0.26484948539979,-0.63316271054162,0.201259151339637,20,pearson
ACB,P1.anc.YRI.2way.rand.81,P2.anc.YRI.2way.rand.81,-0.196774502499613,-0.575064647157793,0.250838550443135,20,corsym
ACB,P1.anc.YRI.2way.rand.81,P2.anc.YRI.2way.rand.81,-0.243211060553974,-0.619100557803756,0.223347733293068,20,pearson
ACB,P1.anc.YRI.2way.rand.82,P2.anc.YRI.2way.rand.82,-0.196774502499613,-0.575064647157793,0.250838550443135,20,corsym
ACB,P1.anc.YRI.2way.rand.82,P2.anc.YRI.2way.rand.82,-0.198991321910537,-0.589593775961514,0.26704484014018,20,pearson
ACB,P1.anc.YRI.2way.rand.83,P2.anc.YRI.2way.rand.83,-0.196774502499613,-0.575064647157793,0.250838550443135,20,corsym
ACB,P1.anc.YRI.2way.rand.83,P2.anc.YRI.2way.rand.83,-0.213830799818148,-0.599613418416653,0.252591328921381,20,pearson
ACB,P1.anc.YRI.2way.rand.84,P2.anc.YRI.2way.rand.84,-0.196774502499613,-0.575064647157793,0.250838550443135,20,corsym
ACB,P1.anc.YRI.2way.rand.84,P2.anc.YRI.2way.rand.84,-0.228077430527072,-0.609120307379421,0.238516593603354,20,pearson
ACB,P1.anc.YRI.2way.rand.85,P2.anc.YRI.2way.rand.85,-0.196774502499613,-0.575064647157793,0.250838550443135,20,corsym
ACB,P1.anc.YRI.2way.rand.85,P2.anc.YRI.2way.rand.85,-0.214814114925282,-0.600273109294094,0.251626178855344,20,pearson
ACB,P1.anc.YRI.2way.rand.86,P2.anc.YRI.2way.rand.86,-0.196774502499613,-0.575064647157793,0.250838550443135,20,corsym
ACB,P1.anc.YRI.2way.rand.86,P2.anc.YRI.2way.rand.86,-0.223102427296549,-0.605812845587843,0.243453944583329,20,pearson
ACB,P1.anc.YRI.2way.rand.87,P2.anc.YRI.2way.rand.87,-0.196774502499613,-0.575064647157793,0.250838550443135,20,corsym
ACB,P1.anc.YRI.2way.rand.87,P2.anc.YRI.2way.rand.87,-0.255299421711354,-0.626986244889451,0.211066682126666,20,pearson
ACB,P1.anc.YRI.2way.rand.88,P2.anc.YRI.2way.rand.88,-0.196774502499613,-0.575064647157793,0.250838550443135,20,corsym
ACB,P1.anc.YRI.2way.rand.88,P2.anc.YRI.2way.rand.88,-0.279923444394035,-0.6428172106027,0.185586269256344,20,pearson
ACB,P1.anc.YRI.2way.rand.89,P2.anc.YRI.2way.rand.89,-0.196774502499613,-0.575064647157793,0.250838550443135,20,corsym
ACB,P1.anc.YRI.2way.rand.89,P2.anc.YRI.2way.rand.89,-0.215500295346325,-0.600733146622736,0.250952124398913,20,pearson
ACB,P1.anc.YRI.2way.rand.90,P2.anc.YRI.2way.rand.90,-0.196774502499613,-0.575064647157793,0.250838550443135,20,corsym
ACB,P1.anc.YRI.2way.rand.90,P2.anc.YRI.2way.rand.90,-0.235397190004843,-0.613962622443914,0.231208113254254,20,pearson
ACB,P1.anc.YRI.2way.rand.91,P2.anc.YRI.2way.rand.91,-0.196774502499613,-0.575064647157793,0.250838550443135,20,corsym
ACB,P1.anc.YRI.2way.rand.91,P2.anc.YRI.2way.rand.91,-0.22403651179587,-0.606434850211311,0.242528769612787,20,pearson
ACB,P1.anc.YRI.2way.rand.92,P2.anc.YRI.2way.rand.92,-0.196774502499613,-0.575064647157793,0.250838550443135,20,corsym
ACB,P1.anc.YRI.2way.rand.92,P2.anc.YRI.2way.rand.92,-0.31689248524232,-0.666016734714854,0.14611874991095,20,pearson
ACB,P1.anc.YRI.2way.rand.93,P2.anc.YRI.2way.rand.93,-0.196774502499613,-0.575064647157793,0.250838550443135,20,corsym
ACB,P1.anc.YRI.2way.rand.93,P2.anc.YRI.2way.rand.93,-0.225854502235076,-0.607644105314809,0.240725683183426,20,pearson
ACB,P1.anc.YRI.2way.rand.94,P2.anc.YRI.2way.rand.94,-0.196774502499613,-0.575064647157793,0.250838550443135,20,corsym
ACB,P1.anc.YRI.2way.rand.94,P2.anc.YRI.2way.rand.94,-0.22231282321573,-0.605286684989502,0.244235355595455,20,pearson
ACB,P1.anc.YRI.2way.rand.95,P2.anc.YRI.2way.rand.95,-0.196774502499613,-0.575064647157793,0.250838550443135,20,corsym
ACB,P1.anc.YRI.2way.rand.95,P2.anc.YRI.2way.rand.95,-0.198337579247397,-0.589149585584911,0.267676793764631,20,pearson
ACB,P1.anc.YRI.2way.rand.96,P2.anc.YRI.2way.rand.96,-0.196774502499613,-0.575064647157793,0.250838550443135,20,corsym
ACB,P1.anc.YRI.2way.rand.96,P2.anc.YRI.2way.rand.96,-0.26106128226021,-0.630718305199202,0.205160698352467,20,pearson
ACB,P1.anc.YRI.2way.rand.97,P2.anc.YRI.2way.rand.97,-0.196774502499613,-0.575064647157793,0.250838550443135,20,corsym
ACB,P1.anc.YRI.2way.rand.97,P2.anc.YRI.2way.rand.97,-0.212356469104421,-0.59862332946521,0.254036686897731,20,pearson
ACB,P1.anc.YRI.2way.rand.98,P2.anc.YRI.2way.rand.98,-0.196774502499613,-0.575064647157793,0.250838550443135,20,corsym
ACB,P1.anc.YRI.2way.rand.98,P2.anc.YRI.2way.rand.98,-0.22404434326904,-0.606440063192859,0.242521009249157,20,pearson
ACB,P1.anc.YRI.2way.rand.99,P2.anc.YRI.2way.rand.99,-0.196774502499613,-0.575064647157793,0.250838550443135,20,corsym
ACB,P1.anc.YRI.2way.rand.99,P2.anc.YRI.2way.rand.99,-0.22369031645744,-0.606204374138754,0.242871761859566,20,pearson
ACB,P1.anc.YRI.2way.rand.100,P2.anc.YRI.2way.rand.100,-0.196774502499613,-0.575064647157793,0.250838550443135,20,corsym
ACB,P1.anc.YRI.2way.rand.100,P2.anc.YRI.2way.rand.100,-0.2127174053092,-0.598865825852254,0.253683036067786,20,pearson
ASW,P1.anc.YRI,P2.anc.YRI,0.251643145539651,-0.310226109201236,0.683219962320801,13,corsym
ASW,P1.anc.IBS,P2.anc.IBS,0.272188452728371,-0.290155435065842,0.69480587405721,13,corsym
ASW,P1.anc.NAM,P2.anc.NAM,0.118734289516487,-0.428995382512504,0.602624990761511,13,corsym
ASW,P1.anc.YRI.2way,P2.anc.YRI.2way,-0.138713322800172,-0.615405118713686,0.412274525345424,13,corsym
ASW,P1.adm.YRI,P2.adm.YRI,0.273402996527896,-0.288953257665861,0.695483981066351,13,corsym
ASW,P1.adm.IBS,P2.adm.IBS,0.351666115778332,-0.207558067803999,0.737650395290304,13,corsym
ASW,P1.adm.NAM,P2.adm.NAM,-0.0661115982623795,-0.567732181280548,0.471310452589825,13,corsym
ASW,P1.anc.YRI,P2.anc.YRI,0.502341881718759,-0.0672597849331215,0.82498528660124,13,pearson
ASW,P1.anc.IBS,P2.anc.IBS,0.503365952093559,-0.0658952025910379,0.825422579050679,13,pearson
ASW,P1.anc.NAM,P2.anc.NAM,0.267790456917425,-0.332212307993611,0.713499850749965,13,pearson
ASW,P1.anc.YRI.2way,P2.anc.YRI.2way,0.783959846375295,0.410130602948917,0.932256586870472,13,pearson
ASW,P1.adm.YRI,P2.adm.YRI,0.237832752312057,-0.360377229018659,0.697425745152377,13,pearson
ASW,P1.adm.IBS,P2.adm.IBS,0.329916048071522,-0.270182780894716,0.745402845689585,13,pearson
ASW,P1.adm.NAM,P2.adm.NAM,-0.130300363910669,-0.635650068496439,0.453223476478323,13,pearson
ASW,P1.anc.YRI.2way.rand.1,P2.anc.YRI.2way.rand.1,-0.138713322800172,-0.615405118713686,0.412274525345424,13,corsym
ASW,P1.anc.YRI.2way.rand.1,P2.anc.YRI.2way.rand.1,-0.183052313437973,-0.666786142448943,0.409205056294675,13,pearson
ASW,P1.anc.YRI.2way.rand.2,P2.anc.YRI.2way.rand.2,-0.138713322800172,-0.615405118713686,0.412274525345424,13,corsym
ASW,P1.anc.YRI.2way.rand.2,P2.anc.YRI.2way.rand.2,-0.194011863634077,-0.673049709634038,0.399700496264276,13,pearson
ASW,P1.anc.YRI.2way.rand.3,P2.anc.YRI.2way.rand.3,-0.138713322800172,-0.615405118713686,0.412274525345424,13,corsym
ASW,P1.anc.YRI.2way.rand.3,P2.anc.YRI.2way.rand.3,-0.184508990332073,-0.667622614535926,0.407949130909539,13,pearson
ASW,P1.anc.YRI.2way.rand.4,P2.anc.YRI.2way.rand.4,-0.138713322800172,-0.615405118713686,0.412274525345424,13,corsym
ASW,P1.anc.YRI.2way.rand.4,P2.anc.YRI.2way.rand.4,-0.148238236895814,-0.646425394025108,0.438568025082435,13,pearson
ASW,P1.anc.YRI.2way.rand.5,P2.anc.YRI.2way.rand.5,-0.138713322800172,-0.615405118713686,0.412274525345424,13,corsym
ASW,P1.anc.YRI.2way.rand.5,P2.anc.YRI.2way.rand.5,-0.175222504239156,-0.662269026903327,0.415917569728964,13,pearson
ASW,P1.anc.YRI.2way.rand.6,P2.anc.YRI.2way.rand.6,-0.138713322800172,-0.615405118713686,0.412274525345424,13,corsym
ASW,P1.anc.YRI.2way.rand.6,P2.anc.YRI.2way.rand.6,-0.153482708361641,-0.649538658834015,0.434223444582152,13,pearson
ASW,P1.anc.YRI.2way.rand.7,P2.anc.YRI.2way.rand.7,-0.138713322800172,-0.615405118713686,0.412274525345424,13,corsym
ASW,P1.anc.YRI.2way.rand.7,P2.anc.YRI.2way.rand.7,-0.13643161326366,-0.639355409602853,0.448249409881988,13,pearson
ASW,P1.anc.YRI.2way.rand.8,P2.anc.YRI.2way.rand.8,-0.138713322800172,-0.615405118713686,0.412274525345424,13,corsym
ASW,P1.anc.YRI.2way.rand.8,P2.anc.YRI.2way.rand.8,-0.170905510874222,-0.659763265195709,0.419591193635337,13,pearson
ASW,P1.anc.YRI.2way.rand.9,P2.anc.YRI.2way.rand.9,-0.138713322800172,-0.615405118713686,0.412274525345424,13,corsym
ASW,P1.anc.YRI.2way.rand.9,P2.anc.YRI.2way.rand.9,-0.0726839713395073,-0.599654432651191,0.498255361727949,13,pearson
ASW,P1.anc.YRI.2way.rand.10,P2.anc.YRI.2way.rand.10,-0.138713322800172,-0.615405118713686,0.412274525345424,13,corsym
ASW,P1.anc.YRI.2way.rand.10,P2.anc.YRI.2way.rand.10,-0.182444707433537,-0.666436874374986,0.409728262817831,13,pearson
ASW,P1.anc.YRI.2way.rand.11,P2.anc.YRI.2way.rand.11,-0.138713322800172,-0.615405118713686,0.412274525345424,13,corsym
ASW,P1.anc.YRI.2way.rand.11,P2.anc.YRI.2way.rand.11,-0.174473030969871,-0.661834781697583,0.416556734601243,13,pearson
ASW,P1.anc.YRI.2way.rand.12,P2.anc.YRI.2way.rand.12,-0.138713322800172,-0.615405118713686,0.412274525345424,13,corsym
ASW,P1.anc.YRI.2way.rand.12,P2.anc.YRI.2way.rand.12,-0.0297074216900073,-0.571340815739668,0.529952326959456,13,pearson
ASW,P1.anc.YRI.2way.rand.13,P2.anc.YRI.2way.rand.13,-0.138713322800172,-0.615405118713686,0.412274525345424,13,corsym
ASW,P1.anc.YRI.2way.rand.13,P2.anc.YRI.2way.rand.13,-0.18666081723877,-0.668856037116948,0.406089745831313,13,pearson
ASW,P1.anc.YRI.2way.rand.14,P2.anc.YRI.2way.rand.14,-0.138713322800172,-0.615405118713686,0.412274525345424,13,corsym
ASW,P1.anc.YRI.2way.rand.14,P2.anc.YRI.2way.rand.14,-0.190514459560943,-0.671058321923809,0.402747518105953,13,pearson
ASW,P1.anc.YRI.2way.rand.15,P2.anc.YRI.2way.rand.15,-0.138713322800172,-0.615405118713686,0.412274525345424,13,corsym
ASW,P1.anc.YRI.2way.rand.15,P2.anc.YRI.2way.rand.15,-0.197808795935818,-0.675203810752748,0.396377597018969,13,pearson
ASW,P1.anc.YRI.2way.rand.16,P2.anc.YRI.2way.rand.16,-0.138713322800172,-0.615405118713686,0.412274525345424,13,corsym
ASW,P1.anc.YRI.2way.rand.16,P2.anc.YRI.2way.rand.16,-0.180621641378367,-0.665387651125795,0.411295761196092,13,pearson
ASW,P1.anc.YRI.2way.rand.17,P2.anc.YRI.2way.rand.17,-0.138713322800172,-0.615405118713686,0.412274525345424,13,corsym
ASW,P1.anc.YRI.2way.rand.17,P2.anc.YRI.2way.rand.17,-0.180221238175134,-0.665156951564964,0.411639565354824,13,pearson
ASW,P1.anc.YRI.2way.rand.18,P2.anc.YRI.2way.rand.18,-0.138713322800172,-0.615405118713686,0.412274525345424,13,corsym
ASW,P1.anc.YRI.2way.rand.18,P2.anc.YRI.2way.rand.18,-0.139676838508623,-0.64130721128484,0.44560193741548,13,pearson
ASW,P1.anc.YRI.2way.rand.19,P2.anc.YRI.2way.rand.19,-0.138713322800172,-0.615405118713686,0.412274525345424,13,corsym
ASW,P1.anc.YRI.2way.rand.19,P2.anc.YRI.2way.rand.19,-0.183932271942133,-0.667291589538861,0.408446637290371,13,pearson
ASW,P1.anc.YRI.2way.rand.20,P2.anc.YRI.2way.rand.20,-0.138713322800172,-0.615405118713686,0.412274525345424,13,corsym
ASW,P1.anc.YRI.2way.rand.20,P2.anc.YRI.2way.rand.20,-0.163384445590287,-0.655371604485992,0.425945505054896,13,pearson
ASW,P1.anc.YRI.2way.rand.21,P2.anc.YRI.2way.rand.21,-0.138713322800172,-0.615405118713686,0.412274525345424,13,corsym
ASW,P1.anc.YRI.2way.rand.21,P2.anc.YRI.2way.rand.21,-0.177997553947087,-0.663874048627419,0.413545859628595,13,pearson
ASW,P1.anc.YRI.2way.rand.22,P2.anc.YRI.2way.rand.22,-0.138713322800172,-0.615405118713686,0.412274525345424,13,corsym
ASW,P1.anc.YRI.2way.rand.22,P2.anc.YRI.2way.rand.22,-0.16434961060344,-0.65593704524856,0.425133306318515,13,pearson
ASW,P1.anc.YRI.2way.rand.23,P2.anc.YRI.2way.rand.23,-0.138713322800172,-0.615405118713686,0.412274525345424,13,corsym
ASW,P1.anc.YRI.2way.rand.23,P2.anc.YRI.2way.rand.23,-0.16625208290264,-0.657049993100541,0.423529566851225,13,pearson
ASW,P1.anc.YRI.2way.rand.24,P2.anc.YRI.2way.rand.24,-0.138713322800172,-0.615405118713686,0.412274525345424,13,corsym
ASW,P1.anc.YRI.2way.rand.24,P2.anc.YRI.2way.rand.24,-0.0834651205981756,-0.606556088091772,0.490056947124675,13,pearson
ASW,P1.anc.YRI.2way.rand.25,P2.anc.YRI.2way.rand.25,-0.138713322800172,-0.615405118713686,0.412274525345424,13,corsym
ASW,P1.anc.YRI.2way.rand.25,P2.anc.YRI.2way.rand.25,-0.206372272366063,-0.680032390900277,0.388825651378165,13,pearson
ASW,P1.anc.YRI.2way.rand.26,P2.anc.YRI.2way.rand.26,-0.138713322800172,-0.615405118713686,0.412274525345424,13,corsym
ASW,P1.anc.YRI.2way.rand.26,P2.anc.YRI.2way.rand.26,-0.090826643077399,-0.61122377373239,0.484400045244609,13,pearson
ASW,P1.anc.YRI.2way.rand.27,P2.anc.YRI.2way.rand.27,-0.138713322800172,-0.615405118713686,0.412274525345424,13,corsym
ASW,P1.anc.YRI.2way.rand.27,P2.anc.YRI.2way.rand.27,-0.174592749040391,-0.661904168366912,0.416454675980689,13,pearson
ASW,P1.anc.YRI.2way.rand.28,P2.anc.YRI.2way.rand.28,-0.138713322800172,-0.615405118713686,0.412274525345424,13,corsym
ASW,P1.anc.YRI.2way.rand.28,P2.anc.YRI.2way.rand.28,-0.179831978263891,-0.664932583628734,0.411973639965271,13,pearson
ASW,P1.anc.YRI.2way.rand.29,P2.anc.YRI.2way.rand.29,-0.138713322800172,-0.615405118713686,0.412274525345424,13,corsym
ASW,P1.anc.YRI.2way.rand.29,P2.anc.YRI.2way.rand.29,-0.172967423136355,-0.660961442130217,0.417838981755874,13,pearson
ASW,P1.anc.YRI.2way.rand.30,P2.anc.YRI.2way.rand.30,-0.138713322800172,-0.615405118713686,0.412274525345424,13,corsym
ASW,P1.anc.YRI.2way.rand.30,P2.anc.YRI.2way.rand.30,-0.280976440350614,-0.720429283386819,0.319466751913143,13,pearson
ASW,P1.anc.YRI.2way.rand.31,P2.anc.YRI.2way.rand.31,-0.138713322800172,-0.615405118713686,0.412274525345424,13,corsym
ASW,P1.anc.YRI.2way.rand.31,P2.anc.YRI.2way.rand.31,-0.182224797226499,-0.666310411767745,0.409917530432154,13,pearson
ASW,P1.anc.YRI.2way.rand.32,P2.anc.YRI.2way.rand.32,-0.138713322800172,-0.615405118713686,0.412274525345424,13,corsym
ASW,P1.anc.YRI.2way.rand.32,P2.anc.YRI.2way.rand.32,-0.142687073071192,-0.643111895392035,0.4431369852017,13,pearson
ASW,P1.anc.YRI.2way.rand.33,P2.anc.YRI.2way.rand.33,-0.138713322800172,-0.615405118713686,0.412274525345424,13,corsym
ASW,P1.anc.YRI.2way.rand.33,P2.anc.YRI.2way.rand.33,-0.16428825255126,-0.655901115122388,0.425184968178217,13,pearson
ASW,P1.anc.YRI.2way.rand.34,P2.anc.YRI.2way.rand.34,-0.138713322800172,-0.615405118713686,0.412274525345424,13,corsym
ASW,P1.anc.YRI.2way.rand.34,P2.anc.YRI.2way.rand.34,-0.130460526162595,-0.63574715756677,0.453094003074176,13,pearson
ASW,P1.anc.YRI.2way.rand.35,P2.anc.YRI.2way.rand.35,-0.138713322800172,-0.615405118713686,0.412274525345424,13,corsym
ASW,P1.anc.YRI.2way.rand.35,P2.anc.YRI.2way.rand.35,-0.177536420434075,-0.663607649878638,0.413940526634403,13,pearson
ASW,P1.anc.YRI.2way.rand.36,P2.anc.YRI.2way.rand.36,-0.138713322800172,-0.615405118713686,0.412274525345424,13,corsym
ASW,P1.anc.YRI.2way.rand.36,P2.anc.YRI.2way.rand.36,-0.255144647159399,-0.706771359684339,0.344233299280986,13,pearson
ASW,P1.anc.YRI.2way.rand.37,P2.anc.YRI.2way.rand.37,-0.138713322800172,-0.615405118713686,0.412274525345424,13,corsym
ASW,P1.anc.YRI.2way.rand.37,P2.anc.YRI.2way.rand.37,-0.0594193172135708,-0.591054001557042,0.508204167692708,13,pearson
ASW,P1.anc.YRI.2way.rand.38,P2.anc.YRI.2way.rand.38,-0.138713322800172,-0.615405118713686,0.412274525345424,13,corsym
ASW,P1.anc.YRI.2way.rand.38,P2.anc.YRI.2way.rand.38,-0.1099048095988,-0.623154413650795,0.469512245316165,13,pearson
ASW,P1.anc.YRI.2way.rand.39,P2.anc.YRI.2way.rand.39,-0.138713322800172,-0.615405118713686,0.412274525345424,13,corsym
ASW,P1.anc.YRI.2way.rand.39,P2.anc.YRI.2way.rand.39,-0.184403751504235,-0.667562223766086,0.408039941483135,13,pearson
ASW,P1.anc.YRI.2way.rand.40,P2.anc.YRI.2way.rand.40,-0.138713322800172,-0.615405118713686,0.412274525345424,13,corsym
ASW,P1.anc.YRI.2way.rand.40,P2.anc.YRI.2way.rand.40,-0.21694043232062,-0.685935218834184,0.379394238507893,13,pearson
ASW,P1.anc.YRI.2way.rand.41,P2.anc.YRI.2way.rand.41,-0.138713322800172,-0.615405118713686,0.412274525345424,13,corsym
ASW,P1.anc.YRI.2way.rand.41,P2.anc.YRI.2way.rand.41,-0.109177088276505,-0.62270366918111,0.470086237744564,13,pearson
ASW,P1.anc.YRI.2way.rand.42,P2.anc.YRI.2way.rand.42,-0.138713322800172,-0.615405118713686,0.412274525345424,13,corsym
ASW,P1.anc.YRI.2way.rand.42,P2.anc.YRI.2way.rand.42,-0.179999498418219,-0.6650291523428,0.411829888609282,13,pearson
ASW,P1.anc.YRI.2way.rand.43,P2.anc.YRI.2way.rand.43,-0.138713322800172,-0.615405118713686,0.412274525345424,13,corsym
ASW,P1.anc.YRI.2way.rand.43,P2.anc.YRI.2way.rand.43,-0.177650559761044,-0.663673600125426,0.413842859737111,13,pearson
ASW,P1.anc.YRI.2way.rand.44,P2.anc.YRI.2way.rand.44,-0.138713322800172,-0.615405118713686,0.412274525345424,13,corsym
ASW,P1.anc.YRI.2way.rand.44,P2.anc.YRI.2way.rand.44,-0.199244615995746,-0.676016273580151,0.395116964166456,13,pearson
ASW,P1.anc.YRI.2way.rand.45,P2.anc.YRI.2way.rand.45,-0.138713322800172,-0.615405118713686,0.412274525345424,13,corsym
ASW,P1.anc.YRI.2way.rand.45,P2.anc.YRI.2way.rand.45,-0.137985710234636,-0.640290911927117,0.446982847655317,13,pearson
ASW,P1.anc.YRI.2way.rand.46,P2.anc.YRI.2way.rand.46,-0.138713322800172,-0.615405118713686,0.412274525345424,13,corsym
ASW,P1.anc.YRI.2way.rand.46,P2.anc.YRI.2way.rand.46,-0.0854056986583169,-0.607790051237724,0.488570399766302,13,pearson
ASW,P1.anc.YRI.2way.rand.47,P2.anc.YRI.2way.rand.47,-0.138713322800172,-0.615405118713686,0.412274525345424,13,corsym
ASW,P1.anc.YRI.2way.rand.47,P2.anc.YRI.2way.rand.47,0.00144469606443169,-0.549978392240098,0.551990610103536,13,pearson
ASW,P1.anc.YRI.2way.rand.48,P2.anc.YRI.2way.rand.48,-0.138713322800172,-0.615405118713686,0.412274525345424,13,corsym
ASW,P1.anc.YRI.2way.rand.48,P2.anc.YRI.2way.rand.48,-0.11269279539416,-0.624878119081474,0.467308671196524,13,pearson
ASW,P1.anc.YRI.2way.rand.49,P2.anc.YRI.2way.rand.49,-0.138713322800172,-0.615405118713686,0.412274525345424,13,corsym
ASW,P1.anc.YRI.2way.rand.49,P2.anc.YRI.2way.rand.49,-0.154458023017758,-0.650115804332754,0.433412456241932,13,pearson
ASW,P1.anc.YRI.2way.rand.50,P2.anc.YRI.2way.rand.50,-0.138713322800172,-0.615405118713686,0.412274525345424,13,corsym
ASW,P1.anc.YRI.2way.rand.50,P2.anc.YRI.2way.rand.50,-0.171832274767533,-0.660302115267102,0.418804174295496,13,pearson
ASW,P1.anc.YRI.2way.rand.51,P2.anc.YRI.2way.rand.51,-0.138713322800172,-0.615405118713686,0.412274525345424,13,corsym
ASW,P1.anc.YRI.2way.rand.51,P2.anc.YRI.2way.rand.51,-0.182072881821057,-0.666223034307843,0.410048247961596,13,pearson
ASW,P1.anc.YRI.2way.rand.52,P2.anc.YRI.2way.rand.52,-0.138713322800172,-0.615405118713686,0.412274525345424,13,corsym
ASW,P1.anc.YRI.2way.rand.52,P2.anc.YRI.2way.rand.52,-0.16586846121429,-0.656825746180453,0.423853248774257,13,pearson
ASW,P1.anc.YRI.2way.rand.53,P2.anc.YRI.2way.rand.53,-0.138713322800172,-0.615405118713686,0.412274525345424,13,corsym
ASW,P1.anc.YRI.2way.rand.53,P2.anc.YRI.2way.rand.53,-0.238600487447145,-0.697843536581038,0.35966880398082,13,pearson
ASW,P1.anc.YRI.2way.rand.54,P2.anc.YRI.2way.rand.54,-0.138713322800172,-0.615405118713686,0.412274525345424,13,corsym
ASW,P1.anc.YRI.2way.rand.54,P2.anc.YRI.2way.rand.54,-0.17737891346095,-0.663516629190586,0.414075280061818,13,pearson
ASW,P1.anc.YRI.2way.rand.55,P2.anc.YRI.2way.rand.55,-0.138713322800172,-0.615405118713686,0.412274525345424,13,corsym
ASW,P1.anc.YRI.2way.rand.55,P2.anc.YRI.2way.rand.55,-0.168814940498834,-0.658545892087603,0.421363277608106,13,pearson
ASW,P1.anc.YRI.2way.rand.56,P2.anc.YRI.2way.rand.56,-0.138713322800172,-0.615405118713686,0.412274525345424,13,corsym
ASW,P1.anc.YRI.2way.rand.56,P2.anc.YRI.2way.rand.56,-0.167701587349728,-0.65789652076552,0.422305182181525,13,pearson
ASW,P1.anc.YRI.2way.rand.57,P2.anc.YRI.2way.rand.57,-0.138713322800172,-0.615405118713686,0.412274525345424,13,corsym
ASW,P1.anc.YRI.2way.rand.57,P2.anc.YRI.2way.rand.57,-0.163783238476051,-0.655605303691823,0.425610030840143,13,pearson
ASW,P1.anc.YRI.2way.rand.58,P2.anc.YRI.2way.rand.58,-0.138713322800172,-0.615405118713686,0.412274525345424,13,corsym
ASW,P1.anc.YRI.2way.rand.58,P2.anc.YRI.2way.rand.58,-0.119259010797178,-0.628918126585431,0.462090222226092,13,pearson
ASW,P1.anc.YRI.2way.rand.59,P2.anc.YRI.2way.rand.59,-0.138713322800172,-0.615405118713686,0.412274525345424,13,corsym
ASW,P1.anc.YRI.2way.rand.59,P2.anc.YRI.2way.rand.59,-0.167514924843737,-0.657787577106753,0.422462975354112,13,pearson
ASW,P1.anc.YRI.2way.rand.60,P2.anc.YRI.2way.rand.60,-0.138713322800172,-0.615405118713686,0.412274525345424,13,corsym
ASW,P1.anc.YRI.2way.rand.60,P2.anc.YRI.2way.rand.60,-0.213067469711319,-0.683779123767664,0.38286505850825,13,pearson
ASW,P1.anc.YRI.2way.rand.61,P2.anc.YRI.2way.rand.61,-0.138713322800172,-0.615405118713686,0.412274525345424,13,corsym
ASW,P1.anc.YRI.2way.rand.61,P2.anc.YRI.2way.rand.61,-0.144446770907196,-0.644164294363471,0.441691929484952,13,pearson
ASW,P1.anc.YRI.2way.rand.62,P2.anc.YRI.2way.rand.62,-0.138713322800172,-0.615405118713686,0.412274525345424,13,corsym
ASW,P1.anc.YRI.2way.rand.62,P2.anc.YRI.2way.rand.62,-0.174909788480621,-0.6620878789982,0.416184330620542,13,pearson
ASW,P1.anc.YRI.2way.rand.63,P2.anc.YRI.2way.rand.63,-0.138713322800172,-0.615405118713686,0.412274525345424,13,corsym
ASW,P1.anc.YRI.2way.rand.63,P2.anc.YRI.2way.rand.63,-0.131975044206197,-0.63666445651942,0.451868465033738,13,pearson
ASW,P1.anc.YRI.2way.rand.64,P2.anc.YRI.2way.rand.64,-0.138713322800172,-0.615405118713686,0.412274525345424,13,corsym
ASW,P1.anc.YRI.2way.rand.64,P2.anc.YRI.2way.rand.64,-0.181535185154259,-0.665913659512321,0.410510720513857,13,pearson
ASW,P1.anc.YRI.2way.rand.65,P2.anc.YRI.2way.rand.65,-0.138713322800172,-0.615405118713686,0.412274525345424,13,corsym
ASW,P1.anc.YRI.2way.rand.65,P2.anc.YRI.2way.rand.65,-0.0853618376310011,-0.607762188988171,0.488604035618582,13,pearson
ASW,P1.anc.YRI.2way.rand.66,P2.anc.YRI.2way.rand.66,-0.138713322800172,-0.615405118713686,0.412274525345424,13,corsym
ASW,P1.anc.YRI.2way.rand.66,P2.anc.YRI.2way.rand.66,-0.163476473546946,-0.655425542748014,0.425868103293734,13,pearson
ASW,P1.anc.YRI.2way.rand.67,P2.anc.YRI.2way.rand.67,-0.138713322800172,-0.615405118713686,0.412274525345424,13,corsym
ASW,P1.anc.YRI.2way.rand.67,P2.anc.YRI.2way.rand.67,-0.178274281310863,-0.664033855995946,0.413308912204578,13,pearson
ASW,P1.anc.YRI.2way.rand.68,P2.anc.YRI.2way.rand.68,-0.138713322800172,-0.615405118713686,0.412274525345424,13,corsym
ASW,P1.anc.YRI.2way.rand.68,P2.anc.YRI.2way.rand.68,-0.180818000762163,-0.665500753313207,0.411127096645138,13,pearson
ASW,P1.anc.YRI.2way.rand.69,P2.anc.YRI.2way.rand.69,-0.138713322800172,-0.615405118713686,0.412274525345424,13,corsym
ASW,P1.anc.YRI.2way.rand.69,P2.anc.YRI.2way.rand.69,0.297609990754162,-0.303072805172174,0.729047078312175,13,pearson
ASW,P1.anc.YRI.2way.rand.70,P2.anc.YRI.2way.rand.70,-0.138713322800172,-0.615405118713686,0.412274525345424,13,corsym
ASW,P1.anc.YRI.2way.rand.70,P2.anc.YRI.2way.rand.70,-0.215560000734207,-0.685167669952077,0.380633263231736,13,pearson
ASW,P1.anc.YRI.2way.rand.71,P2.anc.YRI.2way.rand.71,-0.138713322800172,-0.615405118713686,0.412274525345424,13,corsym
ASW,P1.anc.YRI.2way.rand.71,P2.anc.YRI.2way.rand.71,-0.196260740027837,-0.674326539330981,0.397734266085275,13,pearson
ASW,P1.anc.YRI.2way.rand.72,P2.anc.YRI.2way.rand.72,-0.138713322800172,-0.615405118713686,0.412274525345424,13,corsym
ASW,P1.anc.YRI.2way.rand.72,P2.anc.YRI.2way.rand.72,-0.167556510892691,-0.657811850154213,0.422427824123922,13,pearson
ASW,P1.anc.YRI.2way.rand.73,P2.anc.YRI.2way.rand.73,-0.138713322800172,-0.615405118713686,0.412274525345424,13,corsym
ASW,P1.anc.YRI.2way.rand.73,P2.anc.YRI.2way.rand.73,-0.177772255257495,-0.663743908041061,0.413738712165822,13,pearson
ASW,P1.anc.YRI.2way.rand.74,P2.anc.YRI.2way.rand.74,-0.138713322800172,-0.615405118713686,0.412274525345424,13,corsym
ASW,P1.anc.YRI.2way.rand.74,P2.anc.YRI.2way.rand.74,-0.155398095578508,-0.650671554432243,0.432629870018752,13,pearson
ASW,P1.anc.YRI.2way.rand.75,P2.anc.YRI.2way.rand.75,-0.138713322800172,-0.615405118713686,0.412274525345424,13,corsym
ASW,P1.anc.YRI.2way.rand.75,P2.anc.YRI.2way.rand.75,-0.17587292073518,-0.662645613568716,0.415362408583699,13,pearson
ASW,P1.anc.YRI.2way.rand.76,P2.anc.YRI.2way.rand.76,-0.138713322800172,-0.615405118713686,0.412274525345424,13,corsym
ASW,P1.anc.YRI.2way.rand.76,P2.anc.YRI.2way.rand.76,-0.176133962568116,-0.662796685800952,0.415139473149372,13,pearson
ASW,P1.anc.YRI.2way.rand.77,P2.anc.YRI.2way.rand.77,-0.138713322800172,-0.615405118713686,0.412274525345424,13,corsym
ASW,P1.anc.YRI.2way.rand.77,P2.anc.YRI.2way.rand.77,-0.112475443927107,-0.624743918174191,0.467480721306179,13,pearson
ASW,P1.anc.YRI.2way.rand.78,P2.anc.YRI.2way.rand.78,-0.138713322800172,-0.615405118713686,0.412274525345424,13,corsym
ASW,P1.anc.YRI.2way.rand.78,P2.anc.YRI.2way.rand.78,0.0379734602908823,-0.52397487290806,0.576888626315605,13,pearson
ASW,P1.anc.YRI.2way.rand.79,P2.anc.YRI.2way.rand.79,-0.138713322800172,-0.615405118713686,0.412274525345424,13,corsym
ASW,P1.anc.YRI.2way.rand.79,P2.anc.YRI.2way.rand.79,-0.185593621137133,-0.668244654249099,0.407012519612714,13,pearson
ASW,P1.anc.YRI.2way.rand.80,P2.anc.YRI.2way.rand.80,-0.138713322800172,-0.615405118713686,0.412274525345424,13,corsym
ASW,P1.anc.YRI.2way.rand.80,P2.anc.YRI.2way.rand.80,-0.146129078803525,-0.645168643857597,0.440307576592329,13,pearson
ASW,P1.anc.YRI.2way.rand.81,P2.anc.YRI.2way.rand.81,-0.138713322800172,-0.615405118713686,0.412274525345424,13,corsym
ASW,P1.anc.YRI.2way.rand.81,P2.anc.YRI.2way.rand.81,-0.225057864704152,-0.690427667330061,0.372064803284241,13,pearson
ASW,P1.anc.YRI.2way.rand.82,P2.anc.YRI.2way.rand.82,-0.138713322800172,-0.615405118713686,0.412274525345424,13,corsym
ASW,P1.anc.YRI.2way.rand.82,P2.anc.YRI.2way.rand.82,-0.167137557440659,-0.6575672678143,0.422781869698734,13,pearson
ASW,P1.anc.YRI.2way.rand.83,P2.anc.YRI.2way.rand.83,-0.138713322800172,-0.615405118713686,0.412274525345424,13,corsym
ASW,P1.anc.YRI.2way.rand.83,P2.anc.YRI.2way.rand.83,0.208813440412948,-0.386658087343886,0.681401376811605,13,pearson
ASW,P1.anc.YRI.2way.rand.84,P2.anc.YRI.2way.rand.84,-0.138713322800172,-0.615405118713686,0.412274525345424,13,corsym
ASW,P1.anc.YRI.2way.rand.84,P2.anc.YRI.2way.rand.84,-0.205764985046835,-0.679691315651181,0.389363852935855,13,pearson
ASW,P1.anc.YRI.2way.rand.85,P2.anc.YRI.2way.rand.85,-0.138713322800172,-0.615405118713686,0.412274525345424,13,corsym
ASW,P1.anc.YRI.2way.rand.85,P2.anc.YRI.2way.rand.85,-0.063605522706586,-0.59378133730143,0.505080689775268,13,pearson
ASW,P1.anc.YRI.2way.rand.86,P2.anc.YRI.2way.rand.86,-0.138713322800172,-0.615405118713686,0.412274525345424,13,corsym
ASW,P1.anc.YRI.2way.rand.86,P2.anc.YRI.2way.rand.86,-0.135508586616708,-0.638799079942731,0.449000551119778,13,pearson
ASW,P1.anc.YRI.2way.rand.87,P2.anc.YRI.2way.rand.87,-0.138713322800172,-0.615405118713686,0.412274525345424,13,corsym
ASW,P1.anc.YRI.2way.rand.87,P2.anc.YRI.2way.rand.87,-0.180137133118494,-0.66510848114427,0.411711760327772,13,pearson
ASW,P1.anc.YRI.2way.rand.88,P2.anc.YRI.2way.rand.88,-0.138713322800172,-0.615405118713686,0.412274525345424,13,corsym
ASW,P1.anc.YRI.2way.rand.88,P2.anc.YRI.2way.rand.88,-0.00515327247476293,-0.554563958150985,0.547386265753227,13,pearson
ASW,P1.anc.YRI.2way.rand.89,P2.anc.YRI.2way.rand.89,-0.138713322800172,-0.615405118713686,0.412274525345424,13,corsym
ASW,P1.anc.YRI.2way.rand.89,P2.anc.YRI.2way.rand.89,-0.10724305300395,-0.621504085147471,0.47160933626104,13,pearson
ASW,P1.anc.YRI.2way.rand.90,P2.anc.YRI.2way.rand.90,-0.138713322800172,-0.615405118713686,0.412274525345424,13,corsym
ASW,P1.anc.YRI.2way.rand.90,P2.anc.YRI.2way.rand.90,-0.144757607911483,-0.644349996083996,0.441436355129463,13,pearson
ASW,P1.anc.YRI.2way.rand.91,P2.anc.YRI.2way.rand.91,-0.138713322800172,-0.615405118713686,0.412274525345424,13,corsym
ASW,P1.anc.YRI.2way.rand.91,P2.anc.YRI.2way.rand.91,-0.0593970611069876,-0.59103946902498,0.508220733962297,13,pearson
ASW,P1.anc.YRI.2way.rand.92,P2.anc.YRI.2way.rand.92,-0.138713322800172,-0.615405118713686,0.412274525345424,13,corsym
ASW,P1.anc.YRI.2way.rand.92,P2.anc.YRI.2way.rand.92,-0.177600601389134,-0.663644734869978,0.413885609861616,13,pearson
ASW,P1.anc.YRI.2way.rand.93,P2.anc.YRI.2way.rand.93,-0.138713322800172,-0.615405118713686,0.412274525345424,13,corsym
ASW,P1.anc.YRI.2way.rand.93,P2.anc.YRI.2way.rand.93,-0.171330064672881,-0.660010176722203,0.419230767471689,13,pearson
ASW,P1.anc.YRI.2way.rand.94,P2.anc.YRI.2way.rand.94,-0.138713322800172,-0.615405118713686,0.412274525345424,13,corsym
ASW,P1.anc.YRI.2way.rand.94,P2.anc.YRI.2way.rand.94,-0.13608185518003,-0.639144664200759,0.44853413343761,13,pearson
ASW,P1.anc.YRI.2way.rand.95,P2.anc.YRI.2way.rand.95,-0.138713322800172,-0.615405118713686,0.412274525345424,13,corsym
ASW,P1.anc.YRI.2way.rand.95,P2.anc.YRI.2way.rand.95,-0.104468103668472,-0.619778702116618,0.473788658148801,13,pearson
ASW,P1.anc.YRI.2way.rand.96,P2.anc.YRI.2way.rand.96,-0.138713322800172,-0.615405118713686,0.412274525345424,13,corsym
ASW,P1.anc.YRI.2way.rand.96,P2.anc.YRI.2way.rand.96,-0.131404896759009,-0.636319302561999,0.452330083397155,13,pearson
ASW,P1.anc.YRI.2way.rand.97,P2.anc.YRI.2way.rand.97,-0.138713322800172,-0.615405118713686,0.412274525345424,13,corsym
ASW,P1.anc.YRI.2way.rand.97,P2.anc.YRI.2way.rand.97,-0.159957454485252,-0.653359440740026,0.428821708510831,13,pearson
ASW,P1.anc.YRI.2way.rand.98,P2.anc.YRI.2way.rand.98,-0.138713322800172,-0.615405118713686,0.412274525345424,13,corsym
ASW,P1.anc.YRI.2way.rand.98,P2.anc.YRI.2way.rand.98,-0.115469256515985,-0.626589751141079,0.465107020762935,13,pearson
ASW,P1.anc.YRI.2way.rand.99,P2.anc.YRI.2way.rand.99,-0.138713322800172,-0.615405118713686,0.412274525345424,13,corsym
ASW,P1.anc.YRI.2way.rand.99,P2.anc.YRI.2way.rand.99,-0.167556510892691,-0.657811850154213,0.422427824123922,13,pearson
ASW,P1.anc.YRI.2way.rand.100,P2.anc.YRI.2way.rand.100,-0.138713322800172,-0.615405118713686,0.412274525345424,13,corsym
ASW,P1.anc.YRI.2way.rand.100,P2.anc.YRI.2way.rand.100,-0.180234576896883,-0.665164638402163,0.411628114841647,13,pearson
CLM,P1.anc.YRI,P2.anc.YRI,0.936131618779255,0.878048198527262,0.967036524089051,35,corsym
CLM,P1.anc.IBS,P2.anc.IBS,-0.0696041533645713,-0.387068308826684,0.262613383073763,35,corsym
CLM,P1.anc.NAM,P2.anc.NAM,0.17205790910778,-0.163366548510363,0.471826099393942,35,corsym
CLM,P1.anc.YRI.2way,P2.anc.YRI.2way,-0.114004915833347,-0.424470858073594,0.220448514644682,35,corsym
CLM,P1.adm.YRI,P2.adm.YRI,0.025569970855321,-0.303213474458168,0.348913177457283,35,corsym
CLM,P1.adm.IBS,P2.adm.IBS,0.278831158075725,-0.0521685489628793,0.554630497991284,35,corsym
CLM,P1.adm.NAM,P2.adm.NAM,0.271908299605789,-0.0596360277016657,0.549422353931763,35,corsym
CLM,P1.anc.YRI,P2.anc.YRI,0.951312955026793,0.904957683562989,0.975351769743841,35,pearson
CLM,P1.anc.IBS,P2.anc.IBS,-0.0293854349364757,-0.359115308843448,0.306866125200498,35,pearson
CLM,P1.anc.NAM,P2.anc.NAM,0.182587630783907,-0.160419937087066,0.486247614084343,35,pearson
CLM,P1.anc.YRI.2way,P2.anc.YRI.2way,-0.0341952631181869,-0.363301818777932,0.302498387684426,35,pearson
CLM,P1.adm.YRI,P2.adm.YRI,0.038158153319388,-0.298889086607404,0.366741190227677,35,pearson
CLM,P1.adm.IBS,P2.adm.IBS,0.277813885602238,-0.0610882398067574,0.559281829051993,35,pearson
CLM,P1.adm.NAM,P2.adm.NAM,0.262097812186146,-0.0779578167978913,0.547522035439998,35,pearson
CLM,P1.anc.YRI.2way.rand.1,P2.anc.YRI.2way.rand.1,-0.114004915833347,-0.424470858073594,0.220448514644682,35,corsym
CLM,P1.anc.YRI.2way.rand.1,P2.anc.YRI.2way.rand.1,-0.127428854477308,-0.441909607916789,0.214945394725393,35,pearson
CLM,P1.anc.YRI.2way.rand.2,P2.anc.YRI.2way.rand.2,-0.114004915833347,-0.424470858073594,0.220448514644682,35,corsym
CLM,P1.anc.YRI.2way.rand.2,P2.anc.YRI.2way.rand.2,-0.123935395477312,-0.439048768290275,0.21832833696111,35,pearson
CLM,P1.anc.YRI.2way.rand.3,P2.anc.YRI.2way.rand.3,-0.114004915833347,-0.424470858073594,0.220448514644682,35,corsym
CLM,P1.anc.YRI.2way.rand.3,P2.anc.YRI.2way.rand.3,-0.128475939659241,-0.442765835585689,0.213929831569727,35,pearson
CLM,P1.anc.YRI.2way.rand.4,P2.anc.YRI.2way.rand.4,-0.114004915833347,-0.424470858073594,0.220448514644682,35,corsym
CLM,P1.anc.YRI.2way.rand.4,P2.anc.YRI.2way.rand.4,-0.122859213940993,-0.43816617977224,0.219368818397035,35,pearson
CLM,P1.anc.YRI.2way.rand.5,P2.anc.YRI.2way.rand.5,-0.114004915833347,-0.424470858073594,0.220448514644682,35,corsym
CLM,P1.anc.YRI.2way.rand.5,P2.anc.YRI.2way.rand.5,-0.11494414239372,-0.431656208851152,0.226997481274641,35,pearson
CLM,P1.anc.YRI.2way.rand.6,P2.anc.YRI.2way.rand.6,-0.114004915833347,-0.424470858073594,0.220448514644682,35,corsym
CLM,P1.anc.YRI.2way.rand.6,P2.anc.YRI.2way.rand.6,-0.137338207361862,-0.449989849133869,0.205304612572103,35,pearson
CLM,P1.anc.YRI.2way.rand.7,P2.anc.YRI.2way.rand.7,-0.114004915833347,-0.424470858073594,0.220448514644682,35,corsym
CLM,P1.anc.YRI.2way.rand.7,P2.anc.YRI.2way.rand.7,-0.134133241797834,-0.447382059143595,0.208430007226953,35,pearson
CLM,P1.anc.YRI.2way.rand.8,P2.anc.YRI.2way.rand.8,-0.114004915833347,-0.424470858073594,0.220448514644682,35,corsym
CLM,P1.anc.YRI.2way.rand.8,P2.anc.YRI.2way.rand.8,-0.126048508769546,-0.440779988534381,0.216283055271169,35,pearson
CLM,P1.anc.YRI.2way.rand.9,P2.anc.YRI.2way.rand.9,-0.114004915833347,-0.424470858073594,0.220448514644682,35,corsym
CLM,P1.anc.YRI.2way.rand.9,P2.anc.YRI.2way.rand.9,-0.128345647259852,-0.442659323456842,0.21405624190871,35,pearson
CLM,P1.anc.YRI.2way.rand.10,P2.anc.YRI.2way.rand.10,-0.114004915833347,-0.424470858073594,0.220448514644682,35,corsym
CLM,P1.anc.YRI.2way.rand.10,P2.anc.YRI.2way.rand.10,-0.0778664579629501,-0.400714959024493,0.262183412672734,35,pearson
CLM,P1.anc.YRI.2way.rand.11,P2.anc.YRI.2way.rand.11,-0.114004915833347,-0.424470858073594,0.220448514644682,35,corsym
CLM,P1.anc.YRI.2way.rand.11,P2.anc.YRI.2way.rand.11,-0.114119748617902,-0.43097626085225,0.227789638607601,35,pearson
CLM,P1.anc.YRI.2way.rand.12,P2.anc.YRI.2way.rand.12,-0.114004915833347,-0.424470858073594,0.220448514644682,35,corsym
CLM,P1.anc.YRI.2way.rand.12,P2.anc.YRI.2way.rand.12,-0.126711459462452,-0.441322645152346,0.215640765715519,35,pearson
CLM,P1.anc.YRI.2way.rand.13,P2.anc.YRI.2way.rand.13,-0.114004915833347,-0.424470858073594,0.220448514644682,35,corsym
CLM,P1.anc.YRI.2way.rand.13,P2.anc.YRI.2way.rand.13,-0.127445377537377,-0.441923123686279,0.214929374832401,35,pearson
CLM,P1.anc.YRI.2way.rand.14,P2.anc.YRI.2way.rand.14,-0.114004915833347,-0.424470858073594,0.220448514644682,35,corsym
CLM,P1.anc.YRI.2way.rand.14,P2.anc.YRI.2way.rand.14,-0.120126229839123,-0.43592209329515,0.222007647381431,35,pearson
CLM,P1.anc.YRI.2way.rand.15,P2.anc.YRI.2way.rand.15,-0.114004915833347,-0.424470858073594,0.220448514644682,35,corsym
CLM,P1.anc.YRI.2way.rand.15,P2.anc.YRI.2way.rand.15,-0.128043275487253,-0.442412104778375,0.214349560334684,35,pearson
CLM,P1.anc.YRI.2way.rand.16,P2.anc.YRI.2way.rand.16,-0.114004915833347,-0.424470858073594,0.220448514644682,35,corsym
CLM,P1.anc.YRI.2way.rand.16,P2.anc.YRI.2way.rand.16,-0.128227283984586,-0.442562555522974,0.21417106861112,35,pearson
CLM,P1.anc.YRI.2way.rand.17,P2.anc.YRI.2way.rand.17,-0.114004915833347,-0.424470858073594,0.220448514644682,35,corsym
CLM,P1.anc.YRI.2way.rand.17,P2.anc.YRI.2way.rand.17,-0.130081511183769,-0.444077639084392,0.212371156093334,35,pearson
CLM,P1.anc.YRI.2way.rand.18,P2.anc.YRI.2way.rand.18,-0.114004915833347,-0.424470858073594,0.220448514644682,35,corsym
CLM,P1.anc.YRI.2way.rand.18,P2.anc.YRI.2way.rand.18,-0.128937683489569,-0.443143233002201,0.213481753037797,35,pearson
CLM,P1.anc.YRI.2way.rand.19,P2.anc.YRI.2way.rand.19,-0.114004915833347,-0.424470858073594,0.220448514644682,35,corsym
CLM,P1.anc.YRI.2way.rand.19,P2.anc.YRI.2way.rand.19,-0.129523813932625,-0.443622135051388,0.21291276153273,35,pearson
CLM,P1.anc.YRI.2way.rand.20,P2.anc.YRI.2way.rand.20,-0.114004915833347,-0.424470858073594,0.220448514644682,35,corsym
CLM,P1.anc.YRI.2way.rand.20,P2.anc.YRI.2way.rand.20,-0.109767587852546,-0.427380688150765,0.231964127805312,35,pearson
CLM,P1.anc.YRI.2way.rand.21,P2.anc.YRI.2way.rand.21,-0.114004915833347,-0.424470858073594,0.220448514644682,35,corsym
CLM,P1.anc.YRI.2way.rand.21,P2.anc.YRI.2way.rand.21,-0.130887398711589,-0.444735568064511,0.211588149809908,35,pearson
CLM,P1.anc.YRI.2way.rand.22,P2.anc.YRI.2way.rand.22,-0.114004915833347,-0.424470858073594,0.220448514644682,35,corsym
CLM,P1.anc.YRI.2way.rand.22,P2.anc.YRI.2way.rand.22,-0.105388611259279,-0.423752792263509,0.236151672256772,35,pearson
CLM,P1.anc.YRI.2way.rand.23,P2.anc.YRI.2way.rand.23,-0.114004915833347,-0.424470858073594,0.220448514644682,35,corsym
CLM,P1.anc.YRI.2way.rand.23,P2.anc.YRI.2way.rand.23,-0.125024159112839,-0.439941057097568,0.217274898351592,35,pearson
CLM,P1.anc.YRI.2way.rand.24,P2.anc.YRI.2way.rand.24,-0.114004915833347,-0.424470858073594,0.220448514644682,35,corsym
CLM,P1.anc.YRI.2way.rand.24,P2.anc.YRI.2way.rand.24,-0.127421846874718,-0.441903875694469,0.214952188873923,35,pearson
CLM,P1.anc.YRI.2way.rand.25,P2.anc.YRI.2way.rand.25,-0.114004915833347,-0.424470858073594,0.220448514644682,35,corsym
CLM,P1.anc.YRI.2way.rand.25,P2.anc.YRI.2way.rand.25,-0.121651940411902,-0.437175357179021,0.220535117386498,35,pearson
CLM,P1.anc.YRI.2way.rand.26,P2.anc.YRI.2way.rand.26,-0.114004915833347,-0.424470858073594,0.220448514644682,35,corsym
CLM,P1.anc.YRI.2way.rand.26,P2.anc.YRI.2way.rand.26,-0.124424385598919,-0.439449593716963,0.217855310819608,35,pearson
CLM,P1.anc.YRI.2way.rand.27,P2.anc.YRI.2way.rand.27,-0.114004915833347,-0.424470858073594,0.220448514644682,35,corsym
CLM,P1.anc.YRI.2way.rand.27,P2.anc.YRI.2way.rand.27,-0.100766108390519,-0.419912025025992,0.240558376201906,35,pearson
CLM,P1.anc.YRI.2way.rand.28,P2.anc.YRI.2way.rand.28,-0.114004915833347,-0.424470858073594,0.220448514644682,35,corsym
CLM,P1.anc.YRI.2way.rand.28,P2.anc.YRI.2way.rand.28,-0.123017692133741,-0.438296187693381,0.219215646252464,35,pearson
CLM,P1.anc.YRI.2way.rand.29,P2.anc.YRI.2way.rand.29,-0.114004915833347,-0.424470858073594,0.220448514644682,35,corsym
CLM,P1.anc.YRI.2way.rand.29,P2.anc.YRI.2way.rand.29,-0.139977635422707,-0.452133480871418,0.202725456335784,35,pearson
CLM,P1.anc.YRI.2way.rand.30,P2.anc.YRI.2way.rand.30,-0.114004915833347,-0.424470858073594,0.220448514644682,35,corsym
CLM,P1.anc.YRI.2way.rand.30,P2.anc.YRI.2way.rand.30,-0.133741929448554,-0.447063294029214,0.208811125657219,35,pearson
CLM,P1.anc.YRI.2way.rand.31,P2.anc.YRI.2way.rand.31,-0.114004915833347,-0.424470858073594,0.220448514644682,35,corsym
CLM,P1.anc.YRI.2way.rand.31,P2.anc.YRI.2way.rand.31,-0.128340862523896,-0.442655411836403,0.21406088386522,35,pearson
CLM,P1.anc.YRI.2way.rand.32,P2.anc.YRI.2way.rand.32,-0.114004915833347,-0.424470858073594,0.220448514644682,35,corsym
CLM,P1.anc.YRI.2way.rand.32,P2.anc.YRI.2way.rand.32,-0.12643252419447,-0.441094351429552,0.2159110439531,35,pearson
CLM,P1.anc.YRI.2way.rand.33,P2.anc.YRI.2way.rand.33,-0.114004915833347,-0.424470858073594,0.220448514644682,35,corsym
CLM,P1.anc.YRI.2way.rand.33,P2.anc.YRI.2way.rand.33,-0.117093734553974,-0.433427470076937,0.224929814852449,35,pearson
CLM,P1.anc.YRI.2way.rand.34,P2.anc.YRI.2way.rand.34,-0.114004915833347,-0.424470858073594,0.220448514644682,35,corsym
CLM,P1.anc.YRI.2way.rand.34,P2.anc.YRI.2way.rand.34,-0.127532983492047,-0.441994782475366,0.214844433612362,35,pearson
CLM,P1.anc.YRI.2way.rand.35,P2.anc.YRI.2way.rand.35,-0.114004915833347,-0.424470858073594,0.220448514644682,35,corsym
CLM,P1.anc.YRI.2way.rand.35,P2.anc.YRI.2way.rand.35,-0.121178290406715,-0.436786418138284,0.220992424735624,35,pearson
CLM,P1.anc.YRI.2way.rand.36,P2.anc.YRI.2way.rand.36,-0.114004915833347,-0.424470858073594,0.220448514644682,35,corsym
CLM,P1.anc.YRI.2way.rand.36,P2.anc.YRI.2way.rand.36,-0.135461163331295,-0.448463198078383,0.207135902821903,35,pearson
CLM,P1.anc.YRI.2way.rand.37,P2.anc.YRI.2way.rand.37,-0.114004915833347,-0.424470858073594,0.220448514644682,35,corsym
CLM,P1.anc.YRI.2way.rand.37,P2.anc.YRI.2way.rand.37,-0.129695478054124,-0.443762360490764,0.212746073027683,35,pearson
CLM,P1.anc.YRI.2way.rand.38,P2.anc.YRI.2way.rand.38,-0.114004915833347,-0.424470858073594,0.220448514644682,35,corsym
CLM,P1.anc.YRI.2way.rand.38,P2.anc.YRI.2way.rand.38,-0.117375571654239,-0.433659522404219,0.224658490589729,35,pearson
CLM,P1.anc.YRI.2way.rand.39,P2.anc.YRI.2way.rand.39,-0.114004915833347,-0.424470858073594,0.220448514644682,35,corsym
CLM,P1.anc.YRI.2way.rand.39,P2.anc.YRI.2way.rand.39,-0.127123201419788,-0.441659559695603,0.215241706684927,35,pearson
CLM,P1.anc.YRI.2way.rand.40,P2.anc.YRI.2way.rand.40,-0.114004915833347,-0.424470858073594,0.220448514644682,35,corsym
CLM,P1.anc.YRI.2way.rand.40,P2.anc.YRI.2way.rand.40,-0.0855494440342706,-0.407187458293641,0.254965938912856,35,pearson
CLM,P1.anc.YRI.2way.rand.41,P2.anc.YRI.2way.rand.41,-0.114004915833347,-0.424470858073594,0.220448514644682,35,corsym
CLM,P1.anc.YRI.2way.rand.41,P2.anc.YRI.2way.rand.41,-0.118107145994139,-0.434261672962893,0.223953957193536,35,pearson
CLM,P1.anc.YRI.2way.rand.42,P2.anc.YRI.2way.rand.42,-0.114004915833347,-0.424470858073594,0.220448514644682,35,corsym
CLM,P1.anc.YRI.2way.rand.42,P2.anc.YRI.2way.rand.42,-0.128199990306784,-0.44254024052915,0.214197545439316,35,pearson
CLM,P1.anc.YRI.2way.rand.43,P2.anc.YRI.2way.rand.43,-0.114004915833347,-0.424470858073594,0.220448514644682,35,corsym
CLM,P1.anc.YRI.2way.rand.43,P2.anc.YRI.2way.rand.43,-0.124969904919303,-0.439896608159355,0.217327411146864,35,pearson
CLM,P1.anc.YRI.2way.rand.44,P2.anc.YRI.2way.rand.44,-0.114004915833347,-0.424470858073594,0.220448514644682,35,corsym
CLM,P1.anc.YRI.2way.rand.44,P2.anc.YRI.2way.rand.44,-0.131236077804348,-0.445020125779079,0.21124923431569,35,pearson
CLM,P1.anc.YRI.2way.rand.45,P2.anc.YRI.2way.rand.45,-0.114004915833347,-0.424470858073594,0.220448514644682,35,corsym
CLM,P1.anc.YRI.2way.rand.45,P2.anc.YRI.2way.rand.45,-0.132168221188362,-0.445780538883078,0.21034278796404,35,pearson
CLM,P1.anc.YRI.2way.rand.46,P2.anc.YRI.2way.rand.46,-0.114004915833347,-0.424470858073594,0.220448514644682,35,corsym
CLM,P1.anc.YRI.2way.rand.46,P2.anc.YRI.2way.rand.46,-0.0718874186211386,-0.395655546386876,0.267773982073271,35,pearson
CLM,P1.anc.YRI.2way.rand.47,P2.anc.YRI.2way.rand.47,-0.114004915833347,-0.424470858073594,0.220448514644682,35,corsym
CLM,P1.anc.YRI.2way.rand.47,P2.anc.YRI.2way.rand.47,-0.118275807111044,-0.434400455951489,0.223791479514912,35,pearson
CLM,P1.anc.YRI.2way.rand.48,P2.anc.YRI.2way.rand.48,-0.114004915833347,-0.424470858073594,0.220448514644682,35,corsym
CLM,P1.anc.YRI.2way.rand.48,P2.anc.YRI.2way.rand.48,-0.103462671293379,-0.422153948151065,0.237989409617943,35,pearson
CLM,P1.anc.YRI.2way.rand.49,P2.anc.YRI.2way.rand.49,-0.114004915833347,-0.424470858073594,0.220448514644682,35,corsym
CLM,P1.anc.YRI.2way.rand.49,P2.anc.YRI.2way.rand.49,-0.126598096114668,-0.441229868176826,0.215750617048097,35,pearson
CLM,P1.anc.YRI.2way.rand.50,P2.anc.YRI.2way.rand.50,-0.114004915833347,-0.424470858073594,0.220448514644682,35,corsym
CLM,P1.anc.YRI.2way.rand.50,P2.anc.YRI.2way.rand.50,-0.117291920726616,-0.433590652271015,0.224739026779624,35,pearson
CLM,P1.anc.YRI.2way.rand.51,P2.anc.YRI.2way.rand.51,-0.114004915833347,-0.424470858073594,0.220448514644682,35,corsym
CLM,P1.anc.YRI.2way.rand.51,P2.anc.YRI.2way.rand.51,-0.0541795459549756,-0.380555112222025,0.284198239446417,35,pearson
CLM,P1.anc.YRI.2way.rand.52,P2.anc.YRI.2way.rand.52,-0.114004915833347,-0.424470858073594,0.220448514644682,35,corsym
CLM,P1.anc.YRI.2way.rand.52,P2.anc.YRI.2way.rand.52,-0.140652198095037,-0.452680754173573,0.202065533667955,35,pearson
CLM,P1.anc.YRI.2way.rand.53,P2.anc.YRI.2way.rand.53,-0.114004915833347,-0.424470858073594,0.220448514644682,35,corsym
CLM,P1.anc.YRI.2way.rand.53,P2.anc.YRI.2way.rand.53,-0.127414681810301,-0.441898014641744,0.214959135653673,35,pearson
CLM,P1.anc.YRI.2way.rand.54,P2.anc.YRI.2way.rand.54,-0.114004915833347,-0.424470858073594,0.220448514644682,35,corsym
CLM,P1.anc.YRI.2way.rand.54,P2.anc.YRI.2way.rand.54,-0.100694133947145,-0.419852132038454,0.240626879490656,35,pearson
CLM,P1.anc.YRI.2way.rand.55,P2.anc.YRI.2way.rand.55,-0.114004915833347,-0.424470858073594,0.220448514644682,35,corsym
CLM,P1.anc.YRI.2way.rand.55,P2.anc.YRI.2way.rand.55,-0.128392109384189,-0.442697306580757,0.214011165438374,35,pearson
CLM,P1.anc.YRI.2way.rand.56,P2.anc.YRI.2way.rand.56,-0.114004915833347,-0.424470858073594,0.220448514644682,35,corsym
CLM,P1.anc.YRI.2way.rand.56,P2.anc.YRI.2way.rand.56,-0.132306498443101,-0.445893302557093,0.210208272514659,35,pearson
CLM,P1.anc.YRI.2way.rand.57,P2.anc.YRI.2way.rand.57,-0.114004915833347,-0.424470858073594,0.220448514644682,35,corsym
CLM,P1.anc.YRI.2way.rand.57,P2.anc.YRI.2way.rand.57,-0.132460920627937,-0.446019220490934,0.210058036025403,35,pearson
CLM,P1.anc.YRI.2way.rand.58,P2.anc.YRI.2way.rand.58,-0.114004915833347,-0.424470858073594,0.220448514644682,35,corsym
CLM,P1.anc.YRI.2way.rand.58,P2.anc.YRI.2way.rand.58,-0.128250760915323,-0.442581749677305,0.214148293899239,35,pearson
CLM,P1.anc.YRI.2way.rand.59,P2.anc.YRI.2way.rand.59,-0.114004915833347,-0.424470858073594,0.220448514644682,35,corsym
CLM,P1.anc.YRI.2way.rand.59,P2.anc.YRI.2way.rand.59,-0.120909616334224,-0.436565743201099,0.221251761706102,35,pearson
CLM,P1.anc.YRI.2way.rand.60,P2.anc.YRI.2way.rand.60,-0.114004915833347,-0.424470858073594,0.220448514644682,35,corsym
CLM,P1.anc.YRI.2way.rand.60,P2.anc.YRI.2way.rand.60,-0.116460203473408,-0.432905695153653,0.225539520960777,35,pearson
CLM,P1.anc.YRI.2way.rand.61,P2.anc.YRI.2way.rand.61,-0.114004915833347,-0.424470858073594,0.220448514644682,35,corsym
CLM,P1.anc.YRI.2way.rand.61,P2.anc.YRI.2way.rand.61,-0.11052710772152,-0.428008896171221,0.23123651994939,35,pearson
CLM,P1.anc.YRI.2way.rand.62,P2.anc.YRI.2way.rand.62,-0.114004915833347,-0.424470858073594,0.220448514644682,35,corsym
CLM,P1.anc.YRI.2way.rand.62,P2.anc.YRI.2way.rand.62,-0.141045068584318,-0.452999382064141,0.201681046168577,35,pearson
CLM,P1.anc.YRI.2way.rand.63,P2.anc.YRI.2way.rand.63,-0.114004915833347,-0.424470858073594,0.220448514644682,35,corsym
CLM,P1.anc.YRI.2way.rand.63,P2.anc.YRI.2way.rand.63,-0.118284477162012,-0.434407589707015,0.223783126810724,35,pearson
CLM,P1.anc.YRI.2way.rand.64,P2.anc.YRI.2way.rand.64,-0.114004915833347,-0.424470858073594,0.220448514644682,35,corsym
CLM,P1.anc.YRI.2way.rand.64,P2.anc.YRI.2way.rand.64,-0.121001349718197,-0.436641092511635,0.221163221729156,35,pearson
CLM,P1.anc.YRI.2way.rand.65,P2.anc.YRI.2way.rand.65,-0.114004915833347,-0.424470858073594,0.220448514644682,35,corsym
CLM,P1.anc.YRI.2way.rand.65,P2.anc.YRI.2way.rand.65,-0.123343235951851,-0.438563206878388,0.218900949121504,35,pearson
CLM,P1.anc.YRI.2way.rand.66,P2.anc.YRI.2way.rand.66,-0.114004915833347,-0.424470858073594,0.220448514644682,35,corsym
CLM,P1.anc.YRI.2way.rand.66,P2.anc.YRI.2way.rand.66,-0.115715012984212,-0.432291686251891,0.226256344622103,35,pearson
CLM,P1.anc.YRI.2way.rand.67,P2.anc.YRI.2way.rand.67,-0.114004915833347,-0.424470858073594,0.220448514644682,35,corsym
CLM,P1.anc.YRI.2way.rand.67,P2.anc.YRI.2way.rand.67,-0.0997301639155891,-0.419049703664677,0.241544031936145,35,pearson
CLM,P1.anc.YRI.2way.rand.68,P2.anc.YRI.2way.rand.68,-0.114004915833347,-0.424470858073594,0.220448514644682,35,corsym
CLM,P1.anc.YRI.2way.rand.68,P2.anc.YRI.2way.rand.68,-0.126720780787259,-0.441330273459168,0.215631732781319,35,pearson
CLM,P1.anc.YRI.2way.rand.69,P2.anc.YRI.2way.rand.69,-0.114004915833347,-0.424470858073594,0.220448514644682,35,corsym
CLM,P1.anc.YRI.2way.rand.69,P2.anc.YRI.2way.rand.69,-0.0941731514702134,-0.414414186458006,0.246819292671516,35,pearson
CLM,P1.anc.YRI.2way.rand.70,P2.anc.YRI.2way.rand.70,-0.114004915833347,-0.424470858073594,0.220448514644682,35,corsym
CLM,P1.anc.YRI.2way.rand.70,P2.anc.YRI.2way.rand.70,-0.0967225574963553,-0.416542900483696,0.244401653098733,35,pearson
CLM,P1.anc.YRI.2way.rand.71,P2.anc.YRI.2way.rand.71,-0.114004915833347,-0.424470858073594,0.220448514644682,35,corsym
CLM,P1.anc.YRI.2way.rand.71,P2.anc.YRI.2way.rand.71,-0.128865520511878,-0.443084259325814,0.213551789853105,35,pearson
CLM,P1.anc.YRI.2way.rand.72,P2.anc.YRI.2way.rand.72,-0.114004915833347,-0.424470858073594,0.220448514644682,35,corsym
CLM,P1.anc.YRI.2way.rand.72,P2.anc.YRI.2way.rand.72,-0.126624267968077,-0.441251287913864,0.215725256772385,35,pearson
CLM,P1.anc.YRI.2way.rand.73,P2.anc.YRI.2way.rand.73,-0.114004915833347,-0.424470858073594,0.220448514644682,35,corsym
CLM,P1.anc.YRI.2way.rand.73,P2.anc.YRI.2way.rand.73,-0.13848822010002,-0.45092428392598,0.204181445338668,35,pearson
CLM,P1.anc.YRI.2way.rand.74,P2.anc.YRI.2way.rand.74,-0.114004915833347,-0.424470858073594,0.220448514644682,35,corsym
CLM,P1.anc.YRI.2way.rand.74,P2.anc.YRI.2way.rand.74,-0.000116576860635373,-0.333350171154667,0.333142909913786,35,pearson
CLM,P1.anc.YRI.2way.rand.75,P2.anc.YRI.2way.rand.75,-0.114004915833347,-0.424470858073594,0.220448514644682,35,corsym
CLM,P1.anc.YRI.2way.rand.75,P2.anc.YRI.2way.rand.75,-0.125402887732058,-0.440251295852279,0.216908270595185,35,pearson
CLM,P1.anc.YRI.2way.rand.76,P2.anc.YRI.2way.rand.76,-0.114004915833347,-0.424470858073594,0.220448514644682,35,corsym
CLM,P1.anc.YRI.2way.rand.76,P2.anc.YRI.2way.rand.76,-0.130347484379519,-0.444294817836919,0.212112783176663,35,pearson
CLM,P1.anc.YRI.2way.rand.77,P2.anc.YRI.2way.rand.77,-0.114004915833347,-0.424470858073594,0.220448514644682,35,corsym
CLM,P1.anc.YRI.2way.rand.77,P2.anc.YRI.2way.rand.77,-0.113312995303881,-0.43031051391736,0.228564407358835,35,pearson
CLM,P1.anc.YRI.2way.rand.78,P2.anc.YRI.2way.rand.78,-0.114004915833347,-0.424470858073594,0.220448514644682,35,corsym
CLM,P1.anc.YRI.2way.rand.78,P2.anc.YRI.2way.rand.78,-0.118866028049647,-0.434886001768548,0.223222747479539,35,pearson
CLM,P1.anc.YRI.2way.rand.79,P2.anc.YRI.2way.rand.79,-0.114004915833347,-0.424470858073594,0.220448514644682,35,corsym
CLM,P1.anc.YRI.2way.rand.79,P2.anc.YRI.2way.rand.79,-0.120790358440119,-0.436467778784181,0.221366859581781,35,pearson
CLM,P1.anc.YRI.2way.rand.80,P2.anc.YRI.2way.rand.80,-0.114004915833347,-0.424470858073594,0.220448514644682,35,corsym
CLM,P1.anc.YRI.2way.rand.80,P2.anc.YRI.2way.rand.80,-0.128370778805634,-0.442679868818,0.214031860049689,35,pearson
CLM,P1.anc.YRI.2way.rand.81,P2.anc.YRI.2way.rand.81,-0.114004915833347,-0.424470858073594,0.220448514644682,35,corsym
CLM,P1.anc.YRI.2way.rand.81,P2.anc.YRI.2way.rand.81,-0.130474548269102,-0.444398558039536,0.211989333281177,35,pearson
CLM,P1.anc.YRI.2way.rand.82,P2.anc.YRI.2way.rand.82,-0.114004915833347,-0.424470858073594,0.220448514644682,35,corsym
CLM,P1.anc.YRI.2way.rand.82,P2.anc.YRI.2way.rand.82,-0.128802454065413,-0.443032717371294,0.213612995269343,35,pearson
CLM,P1.anc.YRI.2way.rand.83,P2.anc.YRI.2way.rand.83,-0.114004915833347,-0.424470858073594,0.220448514644682,35,corsym
CLM,P1.anc.YRI.2way.rand.83,P2.anc.YRI.2way.rand.83,-0.120984556161837,-0.436627298705476,0.221179431092874,35,pearson
CLM,P1.anc.YRI.2way.rand.84,P2.anc.YRI.2way.rand.84,-0.114004915833347,-0.424470858073594,0.220448514644682,35,corsym
CLM,P1.anc.YRI.2way.rand.84,P2.anc.YRI.2way.rand.84,0.0183486208124094,-0.316835249150987,0.349458362209729,35,pearson
CLM,P1.anc.YRI.2way.rand.85,P2.anc.YRI.2way.rand.85,-0.114004915833347,-0.424470858073594,0.220448514644682,35,corsym
CLM,P1.anc.YRI.2way.rand.85,P2.anc.YRI.2way.rand.85,-0.130817568388056,-0.444678571779879,0.211656014869642,35,pearson
CLM,P1.anc.YRI.2way.rand.86,P2.anc.YRI.2way.rand.86,-0.114004915833347,-0.424470858073594,0.220448514644682,35,corsym
CLM,P1.anc.YRI.2way.rand.86,P2.anc.YRI.2way.rand.86,-0.126962740558234,-0.441528270538301,0.215397238453479,35,pearson
CLM,P1.anc.YRI.2way.rand.87,P2.anc.YRI.2way.rand.87,-0.114004915833347,-0.424470858073594,0.220448514644682,35,corsym
CLM,P1.anc.YRI.2way.rand.87,P2.anc.YRI.2way.rand.87,-0.110666216639762,-0.428123921600422,0.231103214400206,35,pearson
CLM,P1.anc.YRI.2way.rand.88,P2.anc.YRI.2way.rand.88,-0.114004915833347,-0.424470858073594,0.220448514644682,35,corsym
CLM,P1.anc.YRI.2way.rand.88,P2.anc.YRI.2way.rand.88,-0.124805763792602,-0.439762122544281,0.217486271767094,35,pearson
CLM,P1.anc.YRI.2way.rand.89,P2.anc.YRI.2way.rand.89,-0.114004915833347,-0.424470858073594,0.220448514644682,35,corsym
CLM,P1.anc.YRI.2way.rand.89,P2.anc.YRI.2way.rand.89,-0.0852888007569154,-0.406968408571159,0.255211413156041,35,pearson
CLM,P1.anc.YRI.2way.rand.90,P2.anc.YRI.2way.rand.90,-0.114004915833347,-0.424470858073594,0.220448514644682,35,corsym
CLM,P1.anc.YRI.2way.rand.90,P2.anc.YRI.2way.rand.90,-0.113528799294366,-0.430488632934242,0.228357201557542,35,pearson
CLM,P1.anc.YRI.2way.rand.91,P2.anc.YRI.2way.rand.91,-0.114004915833347,-0.424470858073594,0.220448514644682,35,corsym
CLM,P1.anc.YRI.2way.rand.91,P2.anc.YRI.2way.rand.91,-0.126919740882739,-0.441493085893619,0.215438914299136,35,pearson
CLM,P1.anc.YRI.2way.rand.92,P2.anc.YRI.2way.rand.92,-0.114004915833347,-0.424470858073594,0.220448514644682,35,corsym
CLM,P1.anc.YRI.2way.rand.92,P2.anc.YRI.2way.rand.92,-0.14429982291708,-0.455636008565563,0.198491673595277,35,pearson
CLM,P1.anc.YRI.2way.rand.93,P2.anc.YRI.2way.rand.93,-0.114004915833347,-0.424470858073594,0.220448514644682,35,corsym
CLM,P1.anc.YRI.2way.rand.93,P2.anc.YRI.2way.rand.93,-0.0939203872484001,-0.414202941195314,0.24705876166732,35,pearson
CLM,P1.anc.YRI.2way.rand.94,P2.anc.YRI.2way.rand.94,-0.114004915833347,-0.424470858073594,0.220448514644682,35,corsym
CLM,P1.anc.YRI.2way.rand.94,P2.anc.YRI.2way.rand.94,-0.127472628353148,-0.441945414387212,0.214902953467259,35,pearson
CLM,P1.anc.YRI.2way.rand.95,P2.anc.YRI.2way.rand.95,-0.114004915833347,-0.424470858073594,0.220448514644682,35,corsym
CLM,P1.anc.YRI.2way.rand.95,P2.anc.YRI.2way.rand.95,-0.130741044129011,-0.444616108911708,0.211730381682232,35,pearson
CLM,P1.anc.YRI.2way.rand.96,P2.anc.YRI.2way.rand.96,-0.114004915833347,-0.424470858073594,0.220448514644682,35,corsym
CLM,P1.anc.YRI.2way.rand.96,P2.anc.YRI.2way.rand.96,-0.127342409155102,-0.441838893805548,0.215029204575402,35,pearson
CLM,P1.anc.YRI.2way.rand.97,P2.anc.YRI.2way.rand.97,-0.114004915833347,-0.424470858073594,0.220448514644682,35,corsym
CLM,P1.anc.YRI.2way.rand.97,P2.anc.YRI.2way.rand.97,-0.121641451419496,-0.437166745390865,0.220545246099457,35,pearson
CLM,P1.anc.YRI.2way.rand.98,P2.anc.YRI.2way.rand.98,-0.114004915833347,-0.424470858073594,0.220448514644682,35,corsym
CLM,P1.anc.YRI.2way.rand.98,P2.anc.YRI.2way.rand.98,-0.125686598252248,-0.440483650484791,0.216633561708254,35,pearson
CLM,P1.anc.YRI.2way.rand.99,P2.anc.YRI.2way.rand.99,-0.114004915833347,-0.424470858073594,0.220448514644682,35,corsym
CLM,P1.anc.YRI.2way.rand.99,P2.anc.YRI.2way.rand.99,-0.102593681997675,-0.421431895682473,0.238817802011929,35,pearson
CLM,P1.anc.YRI.2way.rand.100,P2.anc.YRI.2way.rand.100,-0.114004915833347,-0.424470858073594,0.220448514644682,35,corsym
CLM,P1.anc.YRI.2way.rand.100,P2.anc.YRI.2way.rand.100,-0.121840423626618,-0.437330097884818,0.220353095677571,35,pearson
MXL,P1.anc.YRI,P2.anc.YRI,0.954802137768737,0.910185333436786,0.977515751670812,32,corsym
MXL,P1.anc.IBS,P2.anc.IBS,0.163686288928319,-0.187477470297479,0.477750753434263,32,corsym
MXL,P1.anc.NAM,P2.anc.NAM,0.392603952841216,0.059909356056761,0.646794753849842,32,corsym
MXL,P1.anc.YRI.2way,P2.anc.YRI.2way,-0.281125483491079,-0.567479558687564,0.0658942631858598,32,corsym
MXL,P1.adm.YRI,P2.adm.YRI,0.370917148038143,0.0345787440795649,0.631784009826594,32,corsym
MXL,P1.adm.IBS,P2.adm.IBS,0.735226236161126,0.52637322170882,0.860405056319364,32,corsym
MXL,P1.adm.NAM,P2.adm.NAM,0.758761315416974,0.563806077131692,0.873623668568005,32,corsym
MXL,P1.anc.YRI,P2.anc.YRI,0.958848208908172,0.91662176621583,0.979913427231132,32,pearson
MXL,P1.anc.IBS,P2.anc.IBS,0.151737134801464,-0.207959960177105,0.475283916550721,32,pearson
MXL,P1.anc.NAM,P2.anc.NAM,0.385066932567636,0.0420142356286786,0.646901150443329,32,pearson
MXL,P1.anc.YRI.2way,P2.anc.YRI.2way,-0.377243672402832,-0.641546899306017,-0.0328740386136055,32,pearson
MXL,P1.adm.YRI,P2.adm.YRI,0.372965214499881,0.0278996086296738,0.638607781900423,32,pearson
MXL,P1.adm.IBS,P2.adm.IBS,0.728384273061434,0.508956775456054,0.858925573949638,32,pearson
MXL,P1.adm.NAM,P2.adm.NAM,0.753120135879125,0.548455112969738,0.872649082821007,32,pearson
MXL,P1.anc.YRI.2way.rand.1,P2.anc.YRI.2way.rand.1,-0.281125483491079,-0.567479558687564,0.0658942631858598,32,corsym
MXL,P1.anc.YRI.2way.rand.1,P2.anc.YRI.2way.rand.1,-0.393410356994722,-0.652583095940617,-0.0518258472562945,32,pearson
MXL,P1.anc.YRI.2way.rand.2,P2.anc.YRI.2way.rand.2,-0.281125483491079,-0.567479558687564,0.0658942631858598,32,corsym
MXL,P1.anc.YRI.2way.rand.2,P2.anc.YRI.2way.rand.2,-0.387454887788642,-0.648530344090932,-0.0448156553838325,32,pearson
MXL,P1.anc.YRI.2way.rand.3,P2.anc.YRI.2way.rand.3,-0.281125483491079,-0.567479558687564,0.0658942631858598,32,corsym
MXL,P1.anc.YRI.2way.rand.3,P2.anc.YRI.2way.rand.3,-0.390156601477766,-0.650370721377625,-0.0479916703827207,32,pearson
MXL,P1.anc.YRI.2way.rand.4,P2.anc.YRI.2way.rand.4,-0.281125483491079,-0.567479558687564,0.0658942631858598,32,corsym
MXL,P1.anc.YRI.2way.rand.4,P2.anc.YRI.2way.rand.4,-0.38267954394739,-0.645269950481606,-0.0392188623422037,32,pearson
MXL,P1.anc.YRI.2way.rand.5,P2.anc.YRI.2way.rand.5,-0.281125483491079,-0.567479558687564,0.0658942631858598,32,corsym
MXL,P1.anc.YRI.2way.rand.5,P2.anc.YRI.2way.rand.5,-0.384561639586185,-0.646556105267599,-0.0414221439098663,32,pearson
MXL,P1.anc.YRI.2way.rand.6,P2.anc.YRI.2way.rand.6,-0.281125483491078,-0.567479558687564,0.0658942631858599,32,corsym
MXL,P1.anc.YRI.2way.rand.6,P2.anc.YRI.2way.rand.6,-0.418346459616353,-0.669392826238981,-0.0815483452365997,32,pearson
MXL,P1.anc.YRI.2way.rand.7,P2.anc.YRI.2way.rand.7,-0.281125483491079,-0.567479558687564,0.0658942631858598,32,corsym
MXL,P1.anc.YRI.2way.rand.7,P2.anc.YRI.2way.rand.7,-0.485833324815863,-0.713632796171344,-0.165110203941603,32,pearson
MXL,P1.anc.YRI.2way.rand.8,P2.anc.YRI.2way.rand.8,-0.281125483491078,-0.567479558687564,0.0658942631858599,32,corsym
MXL,P1.anc.YRI.2way.rand.8,P2.anc.YRI.2way.rand.8,-0.394038646596145,-0.653009789845119,-0.0525673761614939,32,pearson
MXL,P1.anc.YRI.2way.rand.9,P2.anc.YRI.2way.rand.9,-0.281125483491079,-0.567479558687564,0.0658942631858598,32,corsym
MXL,P1.anc.YRI.2way.rand.9,P2.anc.YRI.2way.rand.9,-0.39961650399951,-0.656790716912213,-0.059167107336187,32,pearson
MXL,P1.anc.YRI.2way.rand.10,P2.anc.YRI.2way.rand.10,-0.281125483491078,-0.567479558687564,0.0658942631858599,32,corsym
MXL,P1.anc.YRI.2way.rand.10,P2.anc.YRI.2way.rand.10,-0.382246583050346,-0.644973870214003,-0.0387124872884212,32,pearson
MXL,P1.anc.YRI.2way.rand.11,P2.anc.YRI.2way.rand.11,-0.281125483491079,-0.567479558687564,0.0658942631858598,32,corsym
MXL,P1.anc.YRI.2way.rand.11,P2.anc.YRI.2way.rand.11,-0.423790045585219,-0.673028545843196,-0.0881174598290344,32,pearson
MXL,P1.anc.YRI.2way.rand.12,P2.anc.YRI.2way.rand.12,-0.281125483491079,-0.567479558687564,0.0658942631858598,32,corsym
MXL,P1.anc.YRI.2way.rand.12,P2.anc.YRI.2way.rand.12,-0.433164581593576,-0.679261603652382,-0.0994991499262289,32,pearson
MXL,P1.anc.YRI.2way.rand.13,P2.anc.YRI.2way.rand.13,-0.281125483491079,-0.567479558687564,0.0658942631858598,32,corsym
MXL,P1.anc.YRI.2way.rand.13,P2.anc.YRI.2way.rand.13,-0.387994758415269,-0.648898342136097,-0.0454497501274197,32,pearson
MXL,P1.anc.YRI.2way.rand.14,P2.anc.YRI.2way.rand.14,-0.281125483491079,-0.567479558687564,0.0658942631858598,32,corsym
MXL,P1.anc.YRI.2way.rand.14,P2.anc.YRI.2way.rand.14,-0.404837449326755,-0.660318035083135,-0.0653716238063307,32,pearson
MXL,P1.anc.YRI.2way.rand.15,P2.anc.YRI.2way.rand.15,-0.281125483491079,-0.567479558687564,0.0658942631858598,32,corsym
MXL,P1.anc.YRI.2way.rand.15,P2.anc.YRI.2way.rand.15,-0.376373095048569,-0.640949478155256,-0.0318604608938807,32,pearson
MXL,P1.anc.YRI.2way.rand.16,P2.anc.YRI.2way.rand.16,-0.281125483491079,-0.567479558687564,0.0658942631858598,32,corsym
MXL,P1.anc.YRI.2way.rand.16,P2.anc.YRI.2way.rand.16,-0.387817148703643,-0.648777289515751,-0.0452411115578163,32,pearson
MXL,P1.anc.YRI.2way.rand.17,P2.anc.YRI.2way.rand.17,-0.281125483491079,-0.567479558687564,0.0658942631858598,32,corsym
MXL,P1.anc.YRI.2way.rand.17,P2.anc.YRI.2way.rand.17,-0.379432296556624,-0.643047396134977,-0.0354252970971789,32,pearson
MXL,P1.anc.YRI.2way.rand.18,P2.anc.YRI.2way.rand.18,-0.281125483491078,-0.567479558687564,0.0658942631858599,32,corsym
MXL,P1.anc.YRI.2way.rand.18,P2.anc.YRI.2way.rand.18,-0.400844424248265,-0.657621324436567,-0.0606239929324582,32,pearson
MXL,P1.anc.YRI.2way.rand.19,P2.anc.YRI.2way.rand.19,-0.281125483491079,-0.567479558687564,0.0658942631858598,32,corsym
MXL,P1.anc.YRI.2way.rand.19,P2.anc.YRI.2way.rand.19,-0.389376322903688,-0.649839517841888,-0.0470736983290165,32,pearson
MXL,P1.anc.YRI.2way.rand.20,P2.anc.YRI.2way.rand.20,-0.281125483491079,-0.567479558687564,0.0658942631858598,32,corsym
MXL,P1.anc.YRI.2way.rand.20,P2.anc.YRI.2way.rand.20,-0.388306282035032,-0.6491106339375,-0.0458157698874053,32,pearson
MXL,P1.anc.YRI.2way.rand.21,P2.anc.YRI.2way.rand.21,-0.281125483491079,-0.567479558687564,0.0658942631858598,32,corsym
MXL,P1.anc.YRI.2way.rand.21,P2.anc.YRI.2way.rand.21,-0.3735710170518,-0.639024413844031,-0.028602919315646,32,pearson
MXL,P1.anc.YRI.2way.rand.22,P2.anc.YRI.2way.rand.22,-0.281125483491079,-0.567479558687564,0.0658942631858598,32,corsym
MXL,P1.anc.YRI.2way.rand.22,P2.anc.YRI.2way.rand.22,-0.425958920040434,-0.674473768728356,-0.0907429352191599,32,pearson
MXL,P1.anc.YRI.2way.rand.23,P2.anc.YRI.2way.rand.23,-0.281125483491079,-0.567479558687564,0.0658942631858598,32,corsym
MXL,P1.anc.YRI.2way.rand.23,P2.anc.YRI.2way.rand.23,-0.410481595557154,-0.664118633732094,-0.0721087243634011,32,pearson
MXL,P1.anc.YRI.2way.rand.24,P2.anc.YRI.2way.rand.24,-0.281125483491078,-0.567479558687564,0.0658942631858599,32,corsym
MXL,P1.anc.YRI.2way.rand.24,P2.anc.YRI.2way.rand.24,-0.448703698575944,-0.689515832548695,-0.118559595241173,32,pearson
MXL,P1.anc.YRI.2way.rand.25,P2.anc.YRI.2way.rand.25,-0.281125483491078,-0.567479558687564,0.0658942631858599,32,corsym
MXL,P1.anc.YRI.2way.rand.25,P2.anc.YRI.2way.rand.25,-0.396534440590831,-0.654703150534967,-0.0555167213901384,32,pearson
MXL,P1.anc.YRI.2way.rand.26,P2.anc.YRI.2way.rand.26,-0.281125483491079,-0.567479558687564,0.0658942631858598,32,corsym
MXL,P1.anc.YRI.2way.rand.26,P2.anc.YRI.2way.rand.26,-0.431017277952817,-0.677837005665871,-0.0968843613690929,32,pearson
MXL,P1.anc.YRI.2way.rand.27,P2.anc.YRI.2way.rand.27,-0.281125483491079,-0.567479558687564,0.0658942631858598,32,corsym
MXL,P1.anc.YRI.2way.rand.27,P2.anc.YRI.2way.rand.27,-0.392778509241484,-0.652153819729281,-0.0510804985732911,32,pearson
MXL,P1.anc.YRI.2way.rand.28,P2.anc.YRI.2way.rand.28,-0.281125483491079,-0.567479558687564,0.0658942631858598,32,corsym
MXL,P1.anc.YRI.2way.rand.28,P2.anc.YRI.2way.rand.28,-0.428607032773497,-0.676235752088269,-0.0939548706295924,32,pearson
MXL,P1.anc.YRI.2way.rand.29,P2.anc.YRI.2way.rand.29,-0.281125483491078,-0.567479558687564,0.0658942631858599,32,corsym
MXL,P1.anc.YRI.2way.rand.29,P2.anc.YRI.2way.rand.29,-0.451963761537994,-0.691654958599774,-0.122589539853835,32,pearson
MXL,P1.anc.YRI.2way.rand.30,P2.anc.YRI.2way.rand.30,-0.281125483491079,-0.567479558687564,0.0658942631858598,32,corsym
MXL,P1.anc.YRI.2way.rand.30,P2.anc.YRI.2way.rand.30,-0.388829459934773,-0.649467068907069,-0.046430676476557,32,pearson
MXL,P1.anc.YRI.2way.rand.31,P2.anc.YRI.2way.rand.31,-0.281125483491079,-0.567479558687564,0.0658942631858598,32,corsym
MXL,P1.anc.YRI.2way.rand.31,P2.anc.YRI.2way.rand.31,-0.401641258400915,-0.658159996686265,-0.061570185730719,32,pearson
MXL,P1.anc.YRI.2way.rand.32,P2.anc.YRI.2way.rand.32,-0.281125483491079,-0.567479558687564,0.0658942631858598,32,corsym
MXL,P1.anc.YRI.2way.rand.32,P2.anc.YRI.2way.rand.32,-0.388582795557563,-0.649299033628287,-0.0461407321432889,32,pearson
MXL,P1.anc.YRI.2way.rand.33,P2.anc.YRI.2way.rand.33,-0.281125483491079,-0.567479558687564,0.0658942631858598,32,corsym
MXL,P1.anc.YRI.2way.rand.33,P2.anc.YRI.2way.rand.33,-0.452019356649491,-0.691691401508515,-0.12265835837637,32,pearson
MXL,P1.anc.YRI.2way.rand.34,P2.anc.YRI.2way.rand.34,-0.281125483491079,-0.567479558687564,0.0658942631858598,32,corsym
MXL,P1.anc.YRI.2way.rand.34,P2.anc.YRI.2way.rand.34,-0.406491972159248,-0.661433498579396,-0.0673433336980617,32,pearson
MXL,P1.anc.YRI.2way.rand.35,P2.anc.YRI.2way.rand.35,-0.281125483491079,-0.567479558687564,0.0658942631858598,32,corsym
MXL,P1.anc.YRI.2way.rand.35,P2.anc.YRI.2way.rand.35,-0.383091461340632,-0.64555156694348,-0.0397007895037795,32,pearson
MXL,P1.anc.YRI.2way.rand.36,P2.anc.YRI.2way.rand.36,-0.281125483491079,-0.567479558687564,0.0658942631858598,32,corsym
MXL,P1.anc.YRI.2way.rand.36,P2.anc.YRI.2way.rand.36,-0.352993824023856,-0.62478499696223,-0.00490339752414902,32,pearson
MXL,P1.anc.YRI.2way.rand.37,P2.anc.YRI.2way.rand.37,-0.281125483491079,-0.567479558687564,0.0658942631858598,32,corsym
MXL,P1.anc.YRI.2way.rand.37,P2.anc.YRI.2way.rand.37,-0.411636623515036,-0.664894782396945,-0.0734912328459,32,pearson
MXL,P1.anc.YRI.2way.rand.38,P2.anc.YRI.2way.rand.38,-0.281125483491078,-0.567479558687564,0.0658942631858599,32,corsym
MXL,P1.anc.YRI.2way.rand.38,P2.anc.YRI.2way.rand.38,-0.454888439214551,-0.693570445894136,-0.126214162776311,32,pearson
MXL,P1.anc.YRI.2way.rand.39,P2.anc.YRI.2way.rand.39,-0.281125483491079,-0.567479558687564,0.0658942631858598,32,corsym
MXL,P1.anc.YRI.2way.rand.39,P2.anc.YRI.2way.rand.39,-0.382921666004562,-0.645435491242198,-0.0395021162774719,32,pearson
MXL,P1.anc.YRI.2way.rand.40,P2.anc.YRI.2way.rand.40,-0.281125483491079,-0.567479558687564,0.0658942631858598,32,corsym
MXL,P1.anc.YRI.2way.rand.40,P2.anc.YRI.2way.rand.40,-0.377708396857588,-0.6418656785514,-0.0334153884852405,32,pearson
MXL,P1.anc.YRI.2way.rand.41,P2.anc.YRI.2way.rand.41,-0.281125483491079,-0.567479558687564,0.0658942631858598,32,corsym
MXL,P1.anc.YRI.2way.rand.41,P2.anc.YRI.2way.rand.41,-0.405895804273045,-0.66103169782138,-0.0666325695959602,32,pearson
MXL,P1.anc.YRI.2way.rand.42,P2.anc.YRI.2way.rand.42,-0.281125483491078,-0.567479558687564,0.0658942631858599,32,corsym
MXL,P1.anc.YRI.2way.rand.42,P2.anc.YRI.2way.rand.42,-0.38249295634162,-0.645142362237265,-0.0390006147459466,32,pearson
MXL,P1.anc.YRI.2way.rand.43,P2.anc.YRI.2way.rand.43,-0.281125483491078,-0.567479558687564,0.0658942631858599,32,corsym
MXL,P1.anc.YRI.2way.rand.43,P2.anc.YRI.2way.rand.43,-0.379071182767383,-0.642799959809716,-0.0350040410651794,32,pearson
MXL,P1.anc.YRI.2way.rand.44,P2.anc.YRI.2way.rand.44,-0.281125483491078,-0.567479558687564,0.0658942631858599,32,corsym
MXL,P1.anc.YRI.2way.rand.44,P2.anc.YRI.2way.rand.44,-0.373665321841986,-0.639089256591705,-0.0287124338494188,32,pearson
MXL,P1.anc.YRI.2way.rand.45,P2.anc.YRI.2way.rand.45,-0.281125483491078,-0.567479558687564,0.0658942631858599,32,corsym
MXL,P1.anc.YRI.2way.rand.45,P2.anc.YRI.2way.rand.45,-0.488081374924851,-0.715075848205681,-0.167975293424727,32,pearson
MXL,P1.anc.YRI.2way.rand.46,P2.anc.YRI.2way.rand.46,-0.281125483491078,-0.567479558687564,0.0658942631858599,32,corsym
MXL,P1.anc.YRI.2way.rand.46,P2.anc.YRI.2way.rand.46,-0.384645363347003,-0.646613284419468,-0.0415202330016866,32,pearson
MXL,P1.anc.YRI.2way.rand.47,P2.anc.YRI.2way.rand.47,-0.281125483491078,-0.567479558687564,0.0658942631858599,32,corsym
MXL,P1.anc.YRI.2way.rand.47,P2.anc.YRI.2way.rand.47,-0.395907077973316,-0.654277737611244,-0.0547747901587262,32,pearson
MXL,P1.anc.YRI.2way.rand.48,P2.anc.YRI.2way.rand.48,-0.281125483491079,-0.567479558687564,0.0658942631858598,32,corsym
MXL,P1.anc.YRI.2way.rand.48,P2.anc.YRI.2way.rand.48,-0.4117521843144,-0.66497240615549,-0.073629624677443,32,pearson
MXL,P1.anc.YRI.2way.rand.49,P2.anc.YRI.2way.rand.49,-0.281125483491079,-0.567479558687564,0.0658942631858598,32,corsym
MXL,P1.anc.YRI.2way.rand.49,P2.anc.YRI.2way.rand.49,-0.407100652208947,-0.661843581267061,-0.0680693703826514,32,pearson
MXL,P1.anc.YRI.2way.rand.50,P2.anc.YRI.2way.rand.50,-0.281125483491079,-0.567479558687564,0.0658942631858598,32,corsym
MXL,P1.anc.YRI.2way.rand.50,P2.anc.YRI.2way.rand.50,-0.385427276145911,-0.647147149763748,-0.0424366259158555,32,pearson
MXL,P1.anc.YRI.2way.rand.51,P2.anc.YRI.2way.rand.51,-0.281125483491079,-0.567479558687564,0.0658942631858598,32,corsym
MXL,P1.anc.YRI.2way.rand.51,P2.anc.YRI.2way.rand.51,-0.389056729801734,-0.64962186952598,-0.0466978743985663,32,pearson
MXL,P1.anc.YRI.2way.rand.52,P2.anc.YRI.2way.rand.52,-0.281125483491078,-0.567479558687564,0.0658942631858599,32,corsym
MXL,P1.anc.YRI.2way.rand.52,P2.anc.YRI.2way.rand.52,-0.427046741398777,-0.675197918712523,-0.0920615265063835,32,pearson
MXL,P1.anc.YRI.2way.rand.53,P2.anc.YRI.2way.rand.53,-0.281125483491079,-0.567479558687564,0.0658942631858598,32,corsym
MXL,P1.anc.YRI.2way.rand.53,P2.anc.YRI.2way.rand.53,-0.416604540207049,-0.668226869497143,-0.0794524244729597,32,pearson
MXL,P1.anc.YRI.2way.rand.54,P2.anc.YRI.2way.rand.54,-0.281125483491079,-0.567479558687564,0.0658942631858598,32,corsym
MXL,P1.anc.YRI.2way.rand.54,P2.anc.YRI.2way.rand.54,-0.406810684294744,-0.661648241780535,-0.0677234503756311,32,pearson
MXL,P1.anc.YRI.2way.rand.55,P2.anc.YRI.2way.rand.55,-0.281125483491079,-0.567479558687564,0.0658942631858598,32,corsym
MXL,P1.anc.YRI.2way.rand.55,P2.anc.YRI.2way.rand.55,-0.437600316378631,-0.682198567800971,-0.104915210490423,32,pearson
MXL,P1.anc.YRI.2way.rand.56,P2.anc.YRI.2way.rand.56,-0.281125483491079,-0.567479558687564,0.0658942631858598,32,corsym
MXL,P1.anc.YRI.2way.rand.56,P2.anc.YRI.2way.rand.56,-0.411663371674929,-0.664912749985822,-0.0735232644085775,32,pearson
MXL,P1.anc.YRI.2way.rand.57,P2.anc.YRI.2way.rand.57,-0.281125483491079,-0.567479558687564,0.0658942631858598,32,corsym
MXL,P1.anc.YRI.2way.rand.57,P2.anc.YRI.2way.rand.57,-0.406671355952505,-0.661554369687731,-0.0675572662843008,32,pearson
MXL,P1.anc.YRI.2way.rand.58,P2.anc.YRI.2way.rand.58,-0.281125483491079,-0.567479558687564,0.0658942631858598,32,corsym
MXL,P1.anc.YRI.2way.rand.58,P2.anc.YRI.2way.rand.58,-0.364957565164502,-0.633085963687279,-0.0186350656061239,32,pearson
MXL,P1.anc.YRI.2way.rand.59,P2.anc.YRI.2way.rand.59,-0.281125483491079,-0.567479558687564,0.0658942631858598,32,corsym
MXL,P1.anc.YRI.2way.rand.59,P2.anc.YRI.2way.rand.59,-0.44223283422724,-0.685257421836306,-0.110592690882487,32,pearson
MXL,P1.anc.YRI.2way.rand.60,P2.anc.YRI.2way.rand.60,-0.281125483491079,-0.567479558687564,0.0658942631858598,32,corsym
MXL,P1.anc.YRI.2way.rand.60,P2.anc.YRI.2way.rand.60,-0.389242571923015,-0.649748436355692,-0.0469164027306851,32,pearson
MXL,P1.anc.YRI.2way.rand.61,P2.anc.YRI.2way.rand.61,-0.281125483491079,-0.567479558687564,0.0658942631858598,32,corsym
MXL,P1.anc.YRI.2way.rand.61,P2.anc.YRI.2way.rand.61,-0.384830729995135,-0.646739870119493,-0.0417374284127483,32,pearson
MXL,P1.anc.YRI.2way.rand.62,P2.anc.YRI.2way.rand.62,-0.281125483491079,-0.567479558687564,0.0658942631858598,32,corsym
MXL,P1.anc.YRI.2way.rand.62,P2.anc.YRI.2way.rand.62,-0.40280083864115,-0.658943422013968,-0.0629482105872777,32,pearson
MXL,P1.anc.YRI.2way.rand.63,P2.anc.YRI.2way.rand.63,-0.281125483491079,-0.567479558687564,0.0658942631858598,32,corsym
MXL,P1.anc.YRI.2way.rand.63,P2.anc.YRI.2way.rand.63,-0.386715421763395,-0.648026095467398,-0.0439475775083229,32,pearson
MXL,P1.anc.YRI.2way.rand.64,P2.anc.YRI.2way.rand.64,-0.281125483491078,-0.567479558687564,0.0658942631858599,32,corsym
MXL,P1.anc.YRI.2way.rand.64,P2.anc.YRI.2way.rand.64,-0.378850129210334,-0.642648466044656,-0.034746232123545,32,pearson
MXL,P1.anc.YRI.2way.rand.65,P2.anc.YRI.2way.rand.65,-0.281125483491079,-0.567479558687564,0.0658942631858598,32,corsym
MXL,P1.anc.YRI.2way.rand.65,P2.anc.YRI.2way.rand.65,-0.420800869837305,-0.671033593623346,-0.0845066169966839,32,pearson
MXL,P1.anc.YRI.2way.rand.66,P2.anc.YRI.2way.rand.66,-0.281125483491079,-0.567479558687564,0.0658942631858598,32,corsym
MXL,P1.anc.YRI.2way.rand.66,P2.anc.YRI.2way.rand.66,-0.42660060870284,-0.674900991229385,-0.0915206092785079,32,pearson
MXL,P1.anc.YRI.2way.rand.67,P2.anc.YRI.2way.rand.67,-0.281125483491079,-0.567479558687564,0.0658942631858598,32,corsym
MXL,P1.anc.YRI.2way.rand.67,P2.anc.YRI.2way.rand.67,-0.393338045448652,-0.652533976037258,-0.0517405268565109,32,pearson
MXL,P1.anc.YRI.2way.rand.68,P2.anc.YRI.2way.rand.68,-0.281125483491078,-0.567479558687564,0.0658942631858599,32,corsym
MXL,P1.anc.YRI.2way.rand.68,P2.anc.YRI.2way.rand.68,-0.383874779958357,-0.646086903243651,-0.0406176824799995,32,pearson
MXL,P1.anc.YRI.2way.rand.69,P2.anc.YRI.2way.rand.69,-0.281125483491079,-0.567479558687564,0.0658942631858598,32,corsym
MXL,P1.anc.YRI.2way.rand.69,P2.anc.YRI.2way.rand.69,-0.427194257226504,-0.67529608146181,-0.0922404267795291,32,pearson
MXL,P1.anc.YRI.2way.rand.70,P2.anc.YRI.2way.rand.70,-0.281125483491079,-0.567479558687564,0.0658942631858598,32,corsym
MXL,P1.anc.YRI.2way.rand.70,P2.anc.YRI.2way.rand.70,-0.378761423823701,-0.642587668130647,-0.0346427902420111,32,pearson
MXL,P1.anc.YRI.2way.rand.71,P2.anc.YRI.2way.rand.71,-0.281125483491079,-0.567479558687564,0.0658942631858598,32,corsym
MXL,P1.anc.YRI.2way.rand.71,P2.anc.YRI.2way.rand.71,-0.390832733368245,-0.650830817477487,-0.0487875849914991,32,pearson
MXL,P1.anc.YRI.2way.rand.72,P2.anc.YRI.2way.rand.72,-0.281125483491079,-0.567479558687564,0.0658942631858598,32,corsym
MXL,P1.anc.YRI.2way.rand.72,P2.anc.YRI.2way.rand.72,-0.378437903351757,-0.642365901806469,-0.0342655862640848,32,pearson
MXL,P1.anc.YRI.2way.rand.73,P2.anc.YRI.2way.rand.73,-0.281125483491078,-0.567479558687564,0.0658942631858599,32,corsym
MXL,P1.anc.YRI.2way.rand.73,P2.anc.YRI.2way.rand.73,-0.447973060088765,-0.689035839101315,-0.117657901962913,32,pearson
MXL,P1.anc.YRI.2way.rand.74,P2.anc.YRI.2way.rand.74,-0.281125483491079,-0.567479558687564,0.0658942631858598,32,corsym
MXL,P1.anc.YRI.2way.rand.74,P2.anc.YRI.2way.rand.74,-0.439751237391405,-0.683619887683705,-0.107548623111912,32,pearson
MXL,P1.anc.YRI.2way.rand.75,P2.anc.YRI.2way.rand.75,-0.281125483491079,-0.567479558687564,0.0658942631858598,32,corsym
MXL,P1.anc.YRI.2way.rand.75,P2.anc.YRI.2way.rand.75,-0.361117900799589,-0.630428539609493,-0.0142137167153758,32,pearson
MXL,P1.anc.YRI.2way.rand.76,P2.anc.YRI.2way.rand.76,-0.281125483491079,-0.567479558687564,0.0658942631858598,32,corsym
MXL,P1.anc.YRI.2way.rand.76,P2.anc.YRI.2way.rand.76,-0.388079307640063,-0.648955963315853,-0.0455490808119446,32,pearson
MXL,P1.anc.YRI.2way.rand.77,P2.anc.YRI.2way.rand.77,-0.281125483491079,-0.567479558687564,0.0658942631858598,32,corsym
MXL,P1.anc.YRI.2way.rand.77,P2.anc.YRI.2way.rand.77,-0.371433909092595,-0.637553953950504,-0.0261233508750195,32,pearson
MXL,P1.anc.YRI.2way.rand.78,P2.anc.YRI.2way.rand.78,-0.281125483491078,-0.567479558687564,0.0658942631858599,32,corsym
MXL,P1.anc.YRI.2way.rand.78,P2.anc.YRI.2way.rand.78,-0.444070935590303,-0.686468749906065,-0.112851428927358,32,pearson
MXL,P1.anc.YRI.2way.rand.79,P2.anc.YRI.2way.rand.79,-0.281125483491079,-0.567479558687564,0.0658942631858598,32,corsym
MXL,P1.anc.YRI.2way.rand.79,P2.anc.YRI.2way.rand.79,-0.488192407597697,-0.715147071393739,-0.168116942363419,32,pearson
MXL,P1.anc.YRI.2way.rand.80,P2.anc.YRI.2way.rand.80,-0.281125483491078,-0.567479558687564,0.0658942631858599,32,corsym
MXL,P1.anc.YRI.2way.rand.80,P2.anc.YRI.2way.rand.80,-0.409197384056014,-0.663255034760451,-0.0705731148894528,32,pearson
MXL,P1.anc.YRI.2way.rand.81,P2.anc.YRI.2way.rand.81,-0.281125483491078,-0.567479558687564,0.0658942631858599,32,corsym
MXL,P1.anc.YRI.2way.rand.81,P2.anc.YRI.2way.rand.81,-0.362193458960253,-0.63117356828892,-0.0154508487911522,32,pearson
MXL,P1.anc.YRI.2way.rand.82,P2.anc.YRI.2way.rand.82,-0.281125483491078,-0.567479558687564,0.0658942631858599,32,corsym
MXL,P1.anc.YRI.2way.rand.82,P2.anc.YRI.2way.rand.82,-0.377540490993447,-0.641750513513705,-0.0332197743941038,32,pearson
MXL,P1.anc.YRI.2way.rand.83,P2.anc.YRI.2way.rand.83,-0.281125483491079,-0.567479558687564,0.0658942631858598,32,corsym
MXL,P1.anc.YRI.2way.rand.83,P2.anc.YRI.2way.rand.83,-0.376675741203768,-0.64115720106753,-0.0322127391434089,32,pearson
MXL,P1.anc.YRI.2way.rand.84,P2.anc.YRI.2way.rand.84,-0.281125483491079,-0.567479558687564,0.0658942631858598,32,corsym
MXL,P1.anc.YRI.2way.rand.84,P2.anc.YRI.2way.rand.84,-0.429497838791494,-0.676827834434868,-0.0950369106822565,32,pearson
MXL,P1.anc.YRI.2way.rand.85,P2.anc.YRI.2way.rand.85,-0.281125483491079,-0.567479558687564,0.0658942631858598,32,corsym
MXL,P1.anc.YRI.2way.rand.85,P2.anc.YRI.2way.rand.85,-0.389396755815903,-0.649853431548598,-0.0470977296077354,32,pearson
MXL,P1.anc.YRI.2way.rand.86,P2.anc.YRI.2way.rand.86,-0.281125483491079,-0.567479558687564,0.0658942631858598,32,corsym
MXL,P1.anc.YRI.2way.rand.86,P2.anc.YRI.2way.rand.86,-0.431535467208452,-0.678180960688471,-0.0975149425672638,32,pearson
MXL,P1.anc.YRI.2way.rand.87,P2.anc.YRI.2way.rand.87,-0.281125483491078,-0.567479558687564,0.0658942631858599,32,corsym
MXL,P1.anc.YRI.2way.rand.87,P2.anc.YRI.2way.rand.87,-0.412423362288157,-0.665423137387557,-0.0744336629927721,32,pearson
MXL,P1.anc.YRI.2way.rand.88,P2.anc.YRI.2way.rand.88,-0.281125483491079,-0.567479558687564,0.0658942631858598,32,corsym
MXL,P1.anc.YRI.2way.rand.88,P2.anc.YRI.2way.rand.88,-0.393292249262128,-0.652502866403344,-0.0516864945108957,32,pearson
MXL,P1.anc.YRI.2way.rand.89,P2.anc.YRI.2way.rand.89,-0.281125483491078,-0.567479558687564,0.0658942631858599,32,corsym
MXL,P1.anc.YRI.2way.rand.89,P2.anc.YRI.2way.rand.89,-0.408293950302891,-0.662647093278909,-0.0694937852953008,32,pearson
MXL,P1.anc.YRI.2way.rand.90,P2.anc.YRI.2way.rand.90,-0.281125483491078,-0.567479558687564,0.0658942631858599,32,corsym
MXL,P1.anc.YRI.2way.rand.90,P2.anc.YRI.2way.rand.90,-0.392199905610681,-0.651760571519132,-0.0503982921567887,32,pearson
MXL,P1.anc.YRI.2way.rand.91,P2.anc.YRI.2way.rand.91,-0.281125483491079,-0.567479558687564,0.0658942631858598,32,corsym
MXL,P1.anc.YRI.2way.rand.91,P2.anc.YRI.2way.rand.91,-0.366036293570627,-0.633831413995201,-0.0198796564317633,32,pearson
MXL,P1.anc.YRI.2way.rand.92,P2.anc.YRI.2way.rand.92,-0.281125483491079,-0.567479558687564,0.0658942631858598,32,corsym
MXL,P1.anc.YRI.2way.rand.92,P2.anc.YRI.2way.rand.92,-0.402934382616501,-0.659033610140776,-0.063106995166418,32,pearson
MXL,P1.anc.YRI.2way.rand.93,P2.anc.YRI.2way.rand.93,-0.281125483491078,-0.567479558687564,0.0658942631858599,32,corsym
MXL,P1.anc.YRI.2way.rand.93,P2.anc.YRI.2way.rand.93,-0.402454827049277,-0.658709710883979,-0.0625368807767561,32,pearson
MXL,P1.anc.YRI.2way.rand.94,P2.anc.YRI.2way.rand.94,-0.281125483491078,-0.567479558687564,0.0658942631858599,32,corsym
MXL,P1.anc.YRI.2way.rand.94,P2.anc.YRI.2way.rand.94,-0.475033495722444,-0.706673189110172,-0.151421118973825,32,pearson
MXL,P1.anc.YRI.2way.rand.95,P2.anc.YRI.2way.rand.95,-0.281125483491079,-0.567479558687564,0.0658942631858598,32,corsym
MXL,P1.anc.YRI.2way.rand.95,P2.anc.YRI.2way.rand.95,-0.385068353854111,-0.646902120834107,-0.0420159014022645,32,pearson
MXL,P1.anc.YRI.2way.rand.96,P2.anc.YRI.2way.rand.96,-0.281125483491079,-0.567479558687564,0.0658942631858598,32,corsym
MXL,P1.anc.YRI.2way.rand.96,P2.anc.YRI.2way.rand.96,-0.377386766122391,-0.64164506463463,-0.0330407046064228,32,pearson
MXL,P1.anc.YRI.2way.rand.97,P2.anc.YRI.2way.rand.97,-0.281125483491079,-0.567479558687564,0.0658942631858598,32,corsym
MXL,P1.anc.YRI.2way.rand.97,P2.anc.YRI.2way.rand.97,-0.40234880200679,-0.658638087105222,-0.0624108640023251,32,pearson
MXL,P1.anc.YRI.2way.rand.98,P2.anc.YRI.2way.rand.98,-0.281125483491079,-0.567479558687564,0.0658942631858598,32,corsym
MXL,P1.anc.YRI.2way.rand.98,P2.anc.YRI.2way.rand.98,-0.434521715203056,-0.680161019132531,-0.101154122252705,32,pearson
MXL,P1.anc.YRI.2way.rand.99,P2.anc.YRI.2way.rand.99,-0.281125483491079,-0.567479558687564,0.0658942631858598,32,corsym
MXL,P1.anc.YRI.2way.rand.99,P2.anc.YRI.2way.rand.99,-0.383761573769312,-0.646009551714551,-0.0404851362107673,32,pearson
MXL,P1.anc.YRI.2way.rand.100,P2.anc.YRI.2way.rand.100,-0.281125483491078,-0.567479558687564,0.0658942631858599,32,corsym
MXL,P1.anc.YRI.2way.rand.100,P2.anc.YRI.2way.rand.100,-0.493976026460543,-0.718850535291655,-0.175513663980796,32,pearson
PEL,P1.anc.YRI,P2.anc.YRI,0.97744134992695,0.956073646425233,0.988476101691561,35,corsym
PEL,P1.anc.IBS,P2.anc.IBS,0.312573356003268,-0.0152341421387363,0.579709516628157,35,corsym
PEL,P1.anc.NAM,P2.anc.NAM,0.759687893508313,0.576260883134872,0.870249484185831,35,corsym
PEL,P1.anc.YRI.2way,P2.anc.YRI.2way,0.0660004160281664,-0.265980868770815,0.383986031045944,35,corsym
PEL,P1.adm.YRI,P2.adm.YRI,0.0823304536903973,-0.250656279615685,0.397896643379799,35,corsym
PEL,P1.adm.IBS,P2.adm.IBS,0.388308562587841,0.0710565747947357,0.634215519931188,35,corsym
PEL,P1.adm.NAM,P2.adm.NAM,0.424825055681103,0.114431398527039,0.659650834996948,35,corsym
PEL,P1.anc.YRI,P2.anc.YRI,0.985524696834503,0.971262953764105,0.992734648086338,35,pearson
PEL,P1.anc.IBS,P2.anc.IBS,0.309388046736537,-0.0266011420002845,0.582570153500036,35,pearson
PEL,P1.anc.NAM,P2.anc.NAM,0.76166429619033,0.574149530884367,0.873258600721417,35,pearson
PEL,P1.anc.YRI.2way,P2.anc.YRI.2way,0.112545529426431,-0.22930104454467,0.429676867427383,35,pearson
PEL,P1.adm.YRI,P2.adm.YRI,0.104107031361132,-0.237374831448412,0.422689092838436,35,pearson
PEL,P1.adm.IBS,P2.adm.IBS,0.376947317972423,0.049978948567001,0.630937740501695,35,pearson
PEL,P1.adm.NAM,P2.adm.NAM,0.41475362003307,0.0945793851165514,0.657169362655215,35,pearson
PEL,P1.anc.YRI.2way.rand.1,P2.anc.YRI.2way.rand.1,0.0660004160281664,-0.265980868770815,0.383986031045944,35,corsym
PEL,P1.anc.YRI.2way.rand.1,P2.anc.YRI.2way.rand.1,0.0928425688763432,-0.248079420291152,0.413301777448695,35,pearson
PEL,P1.anc.YRI.2way.rand.2,P2.anc.YRI.2way.rand.2,0.0660004160281664,-0.265980868770815,0.383986031045944,35,corsym
PEL,P1.anc.YRI.2way.rand.2,P2.anc.YRI.2way.rand.2,0.0564571882317921,-0.282096770928434,0.382507180391994,35,pearson
PEL,P1.anc.YRI.2way.rand.3,P2.anc.YRI.2way.rand.3,0.0660004160281664,-0.265980868770815,0.383986031045944,35,corsym
PEL,P1.anc.YRI.2way.rand.3,P2.anc.YRI.2way.rand.3,0.143678778782731,-0.199100803132047,0.455133331630576,35,pearson
PEL,P1.anc.YRI.2way.rand.4,P2.anc.YRI.2way.rand.4,0.0660004160281664,-0.265980868770815,0.383986031045944,35,corsym
PEL,P1.anc.YRI.2way.rand.4,P2.anc.YRI.2way.rand.4,0.14662907028683,-0.196204750818794,0.457519548453699,35,pearson
PEL,P1.anc.YRI.2way.rand.5,P2.anc.YRI.2way.rand.5,0.0660004160281664,-0.265980868770815,0.383986031045944,35,corsym
PEL,P1.anc.YRI.2way.rand.5,P2.anc.YRI.2way.rand.5,0.0679652920161038,-0.271428899628567,0.39232596777139,35,pearson
PEL,P1.anc.YRI.2way.rand.6,P2.anc.YRI.2way.rand.6,0.0660004160281664,-0.265980868770815,0.383986031045944,35,corsym
PEL,P1.anc.YRI.2way.rand.6,P2.anc.YRI.2way.rand.6,0.0890323990947131,-0.251681469051998,0.410111055531779,35,pearson
PEL,P1.anc.YRI.2way.rand.7,P2.anc.YRI.2way.rand.7,0.0660004160281664,-0.265980868770815,0.383986031045944,35,corsym
PEL,P1.anc.YRI.2way.rand.7,P2.anc.YRI.2way.rand.7,0.0527435747721285,-0.285521470474857,0.379322906999215,35,pearson
PEL,P1.anc.YRI.2way.rand.8,P2.anc.YRI.2way.rand.8,0.0660004160281664,-0.265980868770815,0.383986031045944,35,corsym
PEL,P1.anc.YRI.2way.rand.8,P2.anc.YRI.2way.rand.8,0.0597413596731376,-0.279060897132036,0.385316785824316,35,pearson
PEL,P1.anc.YRI.2way.rand.9,P2.anc.YRI.2way.rand.9,0.0660004160281664,-0.265980868770815,0.383986031045944,35,corsym
PEL,P1.anc.YRI.2way.rand.9,P2.anc.YRI.2way.rand.9,0.0531545330170496,-0.285142908837875,0.379675668157067,35,pearson
PEL,P1.anc.YRI.2way.rand.10,P2.anc.YRI.2way.rand.10,0.0660004160281664,-0.265980868770815,0.383986031045944,35,corsym
PEL,P1.anc.YRI.2way.rand.10,P2.anc.YRI.2way.rand.10,0.0928556678623799,-0.248067020523053,0.413312733277868,35,pearson
PEL,P1.anc.YRI.2way.rand.11,P2.anc.YRI.2way.rand.11,0.0660004160281664,-0.265980868770815,0.383986031045944,35,corsym
PEL,P1.anc.YRI.2way.rand.11,P2.anc.YRI.2way.rand.11,0.0875800793795047,-0.253051979216382,0.408892777937284,35,pearson
PEL,P1.anc.YRI.2way.rand.12,P2.anc.YRI.2way.rand.12,0.0660004160281664,-0.265980868770815,0.383986031045944,35,corsym
PEL,P1.anc.YRI.2way.rand.12,P2.anc.YRI.2way.rand.12,0.0699961751709482,-0.269537598977789,0.3940510904929,35,pearson
PEL,P1.anc.YRI.2way.rand.13,P2.anc.YRI.2way.rand.13,0.0660004160281664,-0.265980868770815,0.383986031045944,35,corsym
PEL,P1.anc.YRI.2way.rand.13,P2.anc.YRI.2way.rand.13,0.0935808742228178,-0.247380351008858,0.413919142145561,35,pearson
PEL,P1.anc.YRI.2way.rand.14,P2.anc.YRI.2way.rand.14,0.0660004160281664,-0.265980868770815,0.383986031045944,35,corsym
PEL,P1.anc.YRI.2way.rand.14,P2.anc.YRI.2way.rand.14,0.0627242951181958,-0.276297602802387,0.387863463662313,35,pearson
PEL,P1.anc.YRI.2way.rand.15,P2.anc.YRI.2way.rand.15,0.0660004160281664,-0.265980868770815,0.383986031045944,35,corsym
PEL,P1.anc.YRI.2way.rand.15,P2.anc.YRI.2way.rand.15,0.0533140539455043,-0.284995934801737,0.379812573248613,35,pearson
PEL,P1.anc.YRI.2way.rand.16,P2.anc.YRI.2way.rand.16,0.0660004160281664,-0.265980868770815,0.383986031045944,35,corsym
PEL,P1.anc.YRI.2way.rand.16,P2.anc.YRI.2way.rand.16,0.0524041061111457,-0.285834098594666,0.379031439940311,35,pearson
PEL,P1.anc.YRI.2way.rand.17,P2.anc.YRI.2way.rand.17,0.0660004160281664,-0.265980868770815,0.383986031045944,35,corsym
PEL,P1.anc.YRI.2way.rand.17,P2.anc.YRI.2way.rand.17,0.0671109998358917,-0.272223693921809,0.391599611440961,35,pearson
PEL,P1.anc.YRI.2way.rand.18,P2.anc.YRI.2way.rand.18,0.0660004160281664,-0.265980868770815,0.383986031045944,35,corsym
PEL,P1.anc.YRI.2way.rand.18,P2.anc.YRI.2way.rand.18,0.0586666943021535,-0.280055059174871,0.384398074622809,35,pearson
PEL,P1.anc.YRI.2way.rand.19,P2.anc.YRI.2way.rand.19,0.0660004160281664,-0.265980868770815,0.383986031045944,35,corsym
PEL,P1.anc.YRI.2way.rand.19,P2.anc.YRI.2way.rand.19,0.121590813261847,-0.220594143882446,0.4371251690786,35,pearson
PEL,P1.anc.YRI.2way.rand.20,P2.anc.YRI.2way.rand.20,0.0660004160281664,-0.265980868770815,0.383986031045944,35,corsym
PEL,P1.anc.YRI.2way.rand.20,P2.anc.YRI.2way.rand.20,0.0681378389198607,-0.271268313688877,0.392472625558987,35,pearson
PEL,P1.anc.YRI.2way.rand.21,P2.anc.YRI.2way.rand.21,0.0660004160281664,-0.265980868770815,0.383986031045944,35,corsym
PEL,P1.anc.YRI.2way.rand.21,P2.anc.YRI.2way.rand.21,0.0523569767225718,-0.285877495944434,0.378990969625272,35,pearson
PEL,P1.anc.YRI.2way.rand.22,P2.anc.YRI.2way.rand.22,0.0660004160281664,-0.265980868770815,0.383986031045944,35,corsym
PEL,P1.anc.YRI.2way.rand.22,P2.anc.YRI.2way.rand.22,0.0524838284050567,-0.285760686118197,0.379099895152728,35,pearson
PEL,P1.anc.YRI.2way.rand.23,P2.anc.YRI.2way.rand.23,0.0660004160281664,-0.265980868770815,0.383986031045944,35,corsym
PEL,P1.anc.YRI.2way.rand.23,P2.anc.YRI.2way.rand.23,0.0883543703677704,-0.252321474347836,0.409542434067564,35,pearson
PEL,P1.anc.YRI.2way.rand.24,P2.anc.YRI.2way.rand.24,0.0660004160281664,-0.265980868770815,0.383986031045944,35,corsym
PEL,P1.anc.YRI.2way.rand.24,P2.anc.YRI.2way.rand.24,0.0571526027169167,-0.28145449814319,0.383102610446065,35,pearson
PEL,P1.anc.YRI.2way.rand.25,P2.anc.YRI.2way.rand.25,0.0660004160281664,-0.265980868770815,0.383986031045944,35,corsym
PEL,P1.anc.YRI.2way.rand.25,P2.anc.YRI.2way.rand.25,0.0523157827828907,-0.285915426719917,0.378955595095799,35,pearson
PEL,P1.anc.YRI.2way.rand.26,P2.anc.YRI.2way.rand.26,0.0660004160281664,-0.265980868770815,0.383986031045944,35,corsym
PEL,P1.anc.YRI.2way.rand.26,P2.anc.YRI.2way.rand.26,0.117115945358939,-0.224908434460354,0.433445759003965,35,pearson
PEL,P1.anc.YRI.2way.rand.27,P2.anc.YRI.2way.rand.27,0.0660004160281664,-0.265980868770815,0.383986031045944,35,corsym
PEL,P1.anc.YRI.2way.rand.27,P2.anc.YRI.2way.rand.27,0.0533539111544578,-0.284959210020936,0.379846777529365,35,pearson
PEL,P1.anc.YRI.2way.rand.28,P2.anc.YRI.2way.rand.28,0.0660004160281664,-0.265980868770815,0.383986031045944,35,corsym
PEL,P1.anc.YRI.2way.rand.28,P2.anc.YRI.2way.rand.28,0.0792953101997839,-0.260844008091993,0.401921133765552,35,pearson
PEL,P1.anc.YRI.2way.rand.29,P2.anc.YRI.2way.rand.29,0.0660004160281664,-0.265980868770815,0.383986031045944,35,corsym
PEL,P1.anc.YRI.2way.rand.29,P2.anc.YRI.2way.rand.29,0.052009979454497,-0.28619697280471,0.378692962326724,35,pearson
PEL,P1.anc.YRI.2way.rand.30,P2.anc.YRI.2way.rand.30,0.0660004160281664,-0.265980868770815,0.383986031045944,35,corsym
PEL,P1.anc.YRI.2way.rand.30,P2.anc.YRI.2way.rand.30,0.0694925531008762,-0.270006851489373,0.393623504249058,35,pearson
PEL,P1.anc.YRI.2way.rand.31,P2.anc.YRI.2way.rand.31,0.0660004160281664,-0.265980868770815,0.383986031045944,35,corsym
PEL,P1.anc.YRI.2way.rand.31,P2.anc.YRI.2way.rand.31,0.0565248700874694,-0.282034274465126,0.382565143069349,35,pearson
PEL,P1.anc.YRI.2way.rand.32,P2.anc.YRI.2way.rand.32,0.0660004160281664,-0.265980868770815,0.383986031045944,35,corsym
PEL,P1.anc.YRI.2way.rand.32,P2.anc.YRI.2way.rand.32,0.0909618544629501,-0.249858584324551,0.411727807752626,35,pearson
PEL,P1.anc.YRI.2way.rand.33,P2.anc.YRI.2way.rand.33,0.0660004160281664,-0.265980868770815,0.383986031045944,35,corsym
PEL,P1.anc.YRI.2way.rand.33,P2.anc.YRI.2way.rand.33,0.0841878574888805,-0.256247799180893,0.406042745883464,35,pearson
PEL,P1.anc.YRI.2way.rand.34,P2.anc.YRI.2way.rand.34,0.0660004160281664,-0.265980868770815,0.383986031045944,35,corsym
PEL,P1.anc.YRI.2way.rand.34,P2.anc.YRI.2way.rand.34,0.0516944889841568,-0.286487376424917,0.378421954810132,35,pearson
PEL,P1.anc.YRI.2way.rand.35,P2.anc.YRI.2way.rand.35,0.0660004160281664,-0.265980868770815,0.383986031045944,35,corsym
PEL,P1.anc.YRI.2way.rand.35,P2.anc.YRI.2way.rand.35,0.0748994194679871,-0.264960532763754,0.398206734788019,35,pearson
PEL,P1.anc.YRI.2way.rand.36,P2.anc.YRI.2way.rand.36,0.0660004160281664,-0.265980868770815,0.383986031045944,35,corsym
PEL,P1.anc.YRI.2way.rand.36,P2.anc.YRI.2way.rand.36,0.0550599795951702,-0.283386291929016,0.381310038630128,35,pearson
PEL,P1.anc.YRI.2way.rand.37,P2.anc.YRI.2way.rand.37,0.0660004160281664,-0.265980868770815,0.383986031045944,35,corsym
PEL,P1.anc.YRI.2way.rand.37,P2.anc.YRI.2way.rand.37,0.135307373510543,-0.207285837609622,0.448338035627851,35,pearson
PEL,P1.anc.YRI.2way.rand.38,P2.anc.YRI.2way.rand.38,0.0660004160281664,-0.265980868770815,0.383986031045944,35,corsym
PEL,P1.anc.YRI.2way.rand.38,P2.anc.YRI.2way.rand.38,0.122228836660095,-0.219977922889515,0.437648917809884,35,pearson
PEL,P1.anc.YRI.2way.rand.39,P2.anc.YRI.2way.rand.39,0.0660004160281664,-0.265980868770815,0.383986031045944,35,corsym
PEL,P1.anc.YRI.2way.rand.39,P2.anc.YRI.2way.rand.39,0.0850604205155093,-0.255426465947273,0.406776442920278,35,pearson
PEL,P1.anc.YRI.2way.rand.40,P2.anc.YRI.2way.rand.40,0.0660004160281664,-0.265980868770815,0.383986031045944,35,corsym
PEL,P1.anc.YRI.2way.rand.40,P2.anc.YRI.2way.rand.40,0.0730127302659161,-0.266723528498458,0.396609279238912,35,pearson
PEL,P1.anc.YRI.2way.rand.41,P2.anc.YRI.2way.rand.41,0.0660004160281664,-0.265980868770815,0.383986031045944,35,corsym
PEL,P1.anc.YRI.2way.rand.41,P2.anc.YRI.2way.rand.41,0.0548949091107395,-0.283538559074073,0.381168532344602,35,pearson
PEL,P1.anc.YRI.2way.rand.42,P2.anc.YRI.2way.rand.42,0.0660004160281664,-0.265980868770815,0.383986031045944,35,corsym
PEL,P1.anc.YRI.2way.rand.42,P2.anc.YRI.2way.rand.42,0.063104312698706,-0.275945163883033,0.388187547143189,35,pearson
PEL,P1.anc.YRI.2way.rand.43,P2.anc.YRI.2way.rand.43,0.0660004160281664,-0.265980868770815,0.383986031045944,35,corsym
PEL,P1.anc.YRI.2way.rand.43,P2.anc.YRI.2way.rand.43,0.0721099232674784,-0.267566342926187,0.395844180654229,35,pearson
PEL,P1.anc.YRI.2way.rand.44,P2.anc.YRI.2way.rand.44,0.0660004160281664,-0.265980868770815,0.383986031045944,35,corsym
PEL,P1.anc.YRI.2way.rand.44,P2.anc.YRI.2way.rand.44,0.0806764005302631,-0.259548129679932,0.403085926858689,35,pearson
PEL,P1.anc.YRI.2way.rand.45,P2.anc.YRI.2way.rand.45,0.0660004160281664,-0.265980868770815,0.383986031045944,35,corsym
PEL,P1.anc.YRI.2way.rand.45,P2.anc.YRI.2way.rand.45,0.0592065932918185,-0.279555694890387,0.38485970476953,35,pearson
PEL,P1.anc.YRI.2way.rand.46,P2.anc.YRI.2way.rand.46,0.0660004160281664,-0.265980868770815,0.383986031045944,35,corsym
PEL,P1.anc.YRI.2way.rand.46,P2.anc.YRI.2way.rand.46,0.052654141597465,-0.285603839481878,0.379246126156506,35,pearson
PEL,P1.anc.YRI.2way.rand.47,P2.anc.YRI.2way.rand.47,0.0660004160281664,-0.265980868770815,0.383986031045944,35,corsym
PEL,P1.anc.YRI.2way.rand.47,P2.anc.YRI.2way.rand.47,0.125539684731224,-0.216775820690986,0.44036333579399,35,pearson
PEL,P1.anc.YRI.2way.rand.48,P2.anc.YRI.2way.rand.48,0.0660004160281664,-0.265980868770815,0.383986031045944,35,corsym
PEL,P1.anc.YRI.2way.rand.48,P2.anc.YRI.2way.rand.48,0.08064315405171,-0.2595793392821,0.403057899488617,35,pearson
PEL,P1.anc.YRI.2way.rand.49,P2.anc.YRI.2way.rand.49,0.0660004160281664,-0.265980868770815,0.383986031045944,35,corsym
PEL,P1.anc.YRI.2way.rand.49,P2.anc.YRI.2way.rand.49,0.064400135629594,-0.274742695623409,0.389292036050485,35,pearson
PEL,P1.anc.YRI.2way.rand.50,P2.anc.YRI.2way.rand.50,0.0660004160281664,-0.265980868770815,0.383986031045944,35,corsym
PEL,P1.anc.YRI.2way.rand.50,P2.anc.YRI.2way.rand.50,0.097268830732863,-0.243883061755744,0.416998574283362,35,pearson
PEL,P1.anc.YRI.2way.rand.51,P2.anc.YRI.2way.rand.51,0.0660004160281664,-0.265980868770815,0.383986031045944,35,corsym
PEL,P1.anc.YRI.2way.rand.51,P2.anc.YRI.2way.rand.51,0.0519645996515984,-0.286238747968868,0.378653984352182,35,pearson
PEL,P1.anc.YRI.2way.rand.52,P2.anc.YRI.2way.rand.52,0.0660004160281664,-0.265980868770815,0.383986031045944,35,corsym
PEL,P1.anc.YRI.2way.rand.52,P2.anc.YRI.2way.rand.52,0.077812971421122,-0.26223352547383,0.400669786278473,35,pearson
PEL,P1.anc.YRI.2way.rand.53,P2.anc.YRI.2way.rand.53,0.0660004160281664,-0.265980868770815,0.383986031045944,35,corsym
PEL,P1.anc.YRI.2way.rand.53,P2.anc.YRI.2way.rand.53,0.0610959942688424,-0.277806702810415,0.386473918646668,35,pearson
PEL,P1.anc.YRI.2way.rand.54,P2.anc.YRI.2way.rand.54,0.0660004160281664,-0.265980868770815,0.383986031045944,35,corsym
PEL,P1.anc.YRI.2way.rand.54,P2.anc.YRI.2way.rand.54,0.091509537853007,-0.249340710849003,0.412186361513653,35,pearson
PEL,P1.anc.YRI.2way.rand.55,P2.anc.YRI.2way.rand.55,0.0660004160281664,-0.265980868770815,0.383986031045944,35,corsym
PEL,P1.anc.YRI.2way.rand.55,P2.anc.YRI.2way.rand.55,0.0518101429901833,-0.286380926090512,0.378521308545872,35,pearson
PEL,P1.anc.YRI.2way.rand.56,P2.anc.YRI.2way.rand.56,0.0660004160281664,-0.265980868770815,0.383986031045944,35,corsym
PEL,P1.anc.YRI.2way.rand.56,P2.anc.YRI.2way.rand.56,0.0591074466648812,-0.279647411495745,0.384774943582439,35,pearson
PEL,P1.anc.YRI.2way.rand.57,P2.anc.YRI.2way.rand.57,0.0660004160281664,-0.265980868770815,0.383986031045944,35,corsym
PEL,P1.anc.YRI.2way.rand.57,P2.anc.YRI.2way.rand.57,0.0525149548189304,-0.285732022203403,0.379126621527653,35,pearson
PEL,P1.anc.YRI.2way.rand.58,P2.anc.YRI.2way.rand.58,0.0660004160281664,-0.265980868770815,0.383986031045944,35,corsym
PEL,P1.anc.YRI.2way.rand.58,P2.anc.YRI.2way.rand.58,0.054810213302593,-0.283616679009102,0.381095921126954,35,pearson
PEL,P1.anc.YRI.2way.rand.59,P2.anc.YRI.2way.rand.59,0.0660004160281664,-0.265980868770815,0.383986031045944,35,corsym
PEL,P1.anc.YRI.2way.rand.59,P2.anc.YRI.2way.rand.59,0.0578472145882245,-0.280812663625718,0.383697082996295,35,pearson
PEL,P1.anc.YRI.2way.rand.60,P2.anc.YRI.2way.rand.60,0.0660004160281664,-0.265980868770815,0.383986031045944,35,corsym
PEL,P1.anc.YRI.2way.rand.60,P2.anc.YRI.2way.rand.60,0.156754615086617,-0.186219659735034,0.465675246916073,35,pearson
PEL,P1.anc.YRI.2way.rand.61,P2.anc.YRI.2way.rand.61,0.0660004160281664,-0.265980868770815,0.383986031045944,35,corsym
PEL,P1.anc.YRI.2way.rand.61,P2.anc.YRI.2way.rand.61,0.0964931137689433,-0.244619411798911,0.416351462073086,35,pearson
PEL,P1.anc.YRI.2way.rand.62,P2.anc.YRI.2way.rand.62,0.0660004160281664,-0.265980868770815,0.383986031045944,35,corsym
PEL,P1.anc.YRI.2way.rand.62,P2.anc.YRI.2way.rand.62,0.0639867020552044,-0.275126459569648,0.388939749241077,35,pearson
PEL,P1.anc.YRI.2way.rand.63,P2.anc.YRI.2way.rand.63,0.0660004160281664,-0.265980868770815,0.383986031045944,35,corsym
PEL,P1.anc.YRI.2way.rand.63,P2.anc.YRI.2way.rand.63,0.168119887501039,-0.174927007663093,0.474767411421488,35,pearson
PEL,P1.anc.YRI.2way.rand.64,P2.anc.YRI.2way.rand.64,0.0660004160281664,-0.265980868770815,0.383986031045944,35,corsym
PEL,P1.anc.YRI.2way.rand.64,P2.anc.YRI.2way.rand.64,0.0518094404161807,-0.286381572779333,0.378520705015345,35,pearson
PEL,P1.anc.YRI.2way.rand.65,P2.anc.YRI.2way.rand.65,0.0660004160281664,-0.265980868770815,0.383986031045944,35,corsym
PEL,P1.anc.YRI.2way.rand.65,P2.anc.YRI.2way.rand.65,0.0517299889835518,-0.286454702380796,0.378452452242038,35,pearson
PEL,P1.anc.YRI.2way.rand.66,P2.anc.YRI.2way.rand.66,0.0660004160281664,-0.265980868770815,0.383986031045944,35,corsym
PEL,P1.anc.YRI.2way.rand.66,P2.anc.YRI.2way.rand.66,0.0659972534838758,-0.273259177634427,0.390652048212285,35,pearson
PEL,P1.anc.YRI.2way.rand.67,P2.anc.YRI.2way.rand.67,0.0660004160281664,-0.265980868770815,0.383986031045944,35,corsym
PEL,P1.anc.YRI.2way.rand.67,P2.anc.YRI.2way.rand.67,0.0599971089763792,-0.278824199009535,0.385535326057507,35,pearson
PEL,P1.anc.YRI.2way.rand.68,P2.anc.YRI.2way.rand.68,0.0660004160281664,-0.265980868770815,0.383986031045944,35,corsym
PEL,P1.anc.YRI.2way.rand.68,P2.anc.YRI.2way.rand.68,0.0583463864725742,-0.280351232222958,0.384124124621936,35,pearson
PEL,P1.anc.YRI.2way.rand.69,P2.anc.YRI.2way.rand.69,0.0660004160281664,-0.265980868770815,0.383986031045944,35,corsym
PEL,P1.anc.YRI.2way.rand.69,P2.anc.YRI.2way.rand.69,0.0744278377724928,-0.265401410126215,0.397807631354301,35,pearson
PEL,P1.anc.YRI.2way.rand.70,P2.anc.YRI.2way.rand.70,0.0660004160281664,-0.265980868770815,0.383986031045944,35,corsym
PEL,P1.anc.YRI.2way.rand.70,P2.anc.YRI.2way.rand.70,0.0600784316579974,-0.278748925559402,0.385604809416551,35,pearson
PEL,P1.anc.YRI.2way.rand.71,P2.anc.YRI.2way.rand.71,0.0660004160281664,-0.265980868770815,0.383986031045944,35,corsym
PEL,P1.anc.YRI.2way.rand.71,P2.anc.YRI.2way.rand.71,0.0539304760804789,-0.28442784692994,0.380341468691746,35,pearson
PEL,P1.anc.YRI.2way.rand.72,P2.anc.YRI.2way.rand.72,0.0660004160281664,-0.265980868770815,0.383986031045944,35,corsym
PEL,P1.anc.YRI.2way.rand.72,P2.anc.YRI.2way.rand.72,0.0576294838461478,-0.281013883551382,0.383510770650115,35,pearson
PEL,P1.anc.YRI.2way.rand.73,P2.anc.YRI.2way.rand.73,0.0660004160281664,-0.265980868770815,0.383986031045944,35,corsym
PEL,P1.anc.YRI.2way.rand.73,P2.anc.YRI.2way.rand.73,0.0528580994998442,-0.285415984554253,0.379421223063896,35,pearson
PEL,P1.anc.YRI.2way.rand.74,P2.anc.YRI.2way.rand.74,0.0660004160281664,-0.265980868770815,0.383986031045944,35,corsym
PEL,P1.anc.YRI.2way.rand.74,P2.anc.YRI.2way.rand.74,0.0530280938233366,-0.285259391835128,0.379567144526404,35,pearson
PEL,P1.anc.YRI.2way.rand.75,P2.anc.YRI.2way.rand.75,0.0660004160281664,-0.265980868770815,0.383986031045944,35,corsym
PEL,P1.anc.YRI.2way.rand.75,P2.anc.YRI.2way.rand.75,0.0547388151370971,-0.283682530255409,0.381034707087051,35,pearson
PEL,P1.anc.YRI.2way.rand.76,P2.anc.YRI.2way.rand.76,0.0660004160281664,-0.265980868770815,0.383986031045944,35,corsym
PEL,P1.anc.YRI.2way.rand.76,P2.anc.YRI.2way.rand.76,0.0684760240426303,-0.27095351676374,0.392760021204343,35,pearson
PEL,P1.anc.YRI.2way.rand.77,P2.anc.YRI.2way.rand.77,0.0660004160281664,-0.265980868770815,0.383986031045944,35,corsym
PEL,P1.anc.YRI.2way.rand.77,P2.anc.YRI.2way.rand.77,0.0738204064632642,-0.265969082687713,0.397293376873686,35,pearson
PEL,P1.anc.YRI.2way.rand.78,P2.anc.YRI.2way.rand.78,0.0660004160281664,-0.265980868770815,0.383986031045944,35,corsym
PEL,P1.anc.YRI.2way.rand.78,P2.anc.YRI.2way.rand.78,0.189958483865645,-0.152971624733574,0.492056379332268,35,pearson
PEL,P1.anc.YRI.2way.rand.79,P2.anc.YRI.2way.rand.79,0.0660004160281664,-0.265980868770815,0.383986031045944,35,corsym
PEL,P1.anc.YRI.2way.rand.79,P2.anc.YRI.2way.rand.79,0.0551686249406565,-0.283286064114954,0.381403166255649,35,pearson
PEL,P1.anc.YRI.2way.rand.80,P2.anc.YRI.2way.rand.80,0.0660004160281664,-0.265980868770815,0.383986031045944,35,corsym
PEL,P1.anc.YRI.2way.rand.80,P2.anc.YRI.2way.rand.80,0.134579134161047,-0.207995603774285,0.447745188437925,35,pearson
PEL,P1.anc.YRI.2way.rand.81,P2.anc.YRI.2way.rand.81,0.0660004160281664,-0.265980868770815,0.383986031045944,35,corsym
PEL,P1.anc.YRI.2way.rand.81,P2.anc.YRI.2way.rand.81,0.0534237075491279,-0.28489489662003,0.379906672585494,35,pearson
PEL,P1.anc.YRI.2way.rand.82,P2.anc.YRI.2way.rand.82,0.0660004160281664,-0.265980868770815,0.383986031045944,35,corsym
PEL,P1.anc.YRI.2way.rand.82,P2.anc.YRI.2way.rand.82,0.0647486377492044,-0.274419119443879,0.389588920948832,35,pearson
PEL,P1.anc.YRI.2way.rand.83,P2.anc.YRI.2way.rand.83,0.0660004160281664,-0.265980868770815,0.383986031045944,35,corsym
PEL,P1.anc.YRI.2way.rand.83,P2.anc.YRI.2way.rand.83,0.0526638320455204,-0.285594914706515,0.379254445890227,35,pearson
PEL,P1.anc.YRI.2way.rand.84,P2.anc.YRI.2way.rand.84,0.0660004160281664,-0.265980868770815,0.383986031045944,35,corsym
PEL,P1.anc.YRI.2way.rand.84,P2.anc.YRI.2way.rand.84,0.0548986260659895,-0.28353513060431,0.381171718864024,35,pearson
PEL,P1.anc.YRI.2way.rand.85,P2.anc.YRI.2way.rand.85,0.0660004160281664,-0.265980868770815,0.383986031045944,35,corsym
PEL,P1.anc.YRI.2way.rand.85,P2.anc.YRI.2way.rand.85,0.0890425913795324,-0.25167184607024,0.410119601277407,35,pearson
PEL,P1.anc.YRI.2way.rand.86,P2.anc.YRI.2way.rand.86,0.0660004160281664,-0.265980868770815,0.383986031045944,35,corsym
PEL,P1.anc.YRI.2way.rand.86,P2.anc.YRI.2way.rand.86,0.0532329431517396,-0.285070667929073,0.379742963601453,35,pearson
PEL,P1.anc.YRI.2way.rand.87,P2.anc.YRI.2way.rand.87,0.0660004160281664,-0.265980868770815,0.383986031045944,35,corsym
PEL,P1.anc.YRI.2way.rand.87,P2.anc.YRI.2way.rand.87,0.064060138112082,-0.275058301466489,0.389002331057649,35,pearson
PEL,P1.anc.YRI.2way.rand.88,P2.anc.YRI.2way.rand.88,0.0660004160281664,-0.265980868770815,0.383986031045944,35,corsym
PEL,P1.anc.YRI.2way.rand.88,P2.anc.YRI.2way.rand.88,0.100128590493384,-0.241165029838279,0.419381422586283,35,pearson
PEL,P1.anc.YRI.2way.rand.89,P2.anc.YRI.2way.rand.89,0.0660004160281664,-0.265980868770815,0.383986031045944,35,corsym
PEL,P1.anc.YRI.2way.rand.89,P2.anc.YRI.2way.rand.89,0.0571131537511389,-0.28149094064439,0.383068840569892,35,pearson
PEL,P1.anc.YRI.2way.rand.90,P2.anc.YRI.2way.rand.90,0.0660004160281664,-0.265980868770815,0.383986031045944,35,corsym
PEL,P1.anc.YRI.2way.rand.90,P2.anc.YRI.2way.rand.90,0.0561912069462116,-0.282342346435831,0.382279369407485,35,pearson
PEL,P1.anc.YRI.2way.rand.91,P2.anc.YRI.2way.rand.91,0.0660004160281664,-0.265980868770815,0.383986031045944,35,corsym
PEL,P1.anc.YRI.2way.rand.91,P2.anc.YRI.2way.rand.91,0.111918492761901,-0.229902602960978,0.429158932240839,35,pearson
PEL,P1.anc.YRI.2way.rand.92,P2.anc.YRI.2way.rand.92,0.0660004160281664,-0.265980868770815,0.383986031045944,35,corsym
PEL,P1.anc.YRI.2way.rand.92,P2.anc.YRI.2way.rand.92,0.0523176641843902,-0.285913694376108,0.378957210735145,35,pearson
PEL,P1.anc.YRI.2way.rand.93,P2.anc.YRI.2way.rand.93,0.0660004160281664,-0.265980868770815,0.383986031045944,35,corsym
PEL,P1.anc.YRI.2way.rand.93,P2.anc.YRI.2way.rand.93,0.0842069639687263,-0.256229819740639,0.4060588160645,35,pearson
PEL,P1.anc.YRI.2way.rand.94,P2.anc.YRI.2way.rand.94,0.0660004160281664,-0.265980868770815,0.383986031045944,35,corsym
PEL,P1.anc.YRI.2way.rand.94,P2.anc.YRI.2way.rand.94,0.0734643737763118,-0.266301702136387,0.396991863299558,35,pearson
PEL,P1.anc.YRI.2way.rand.95,P2.anc.YRI.2way.rand.95,0.0660004160281664,-0.265980868770815,0.383986031045944,35,corsym
PEL,P1.anc.YRI.2way.rand.95,P2.anc.YRI.2way.rand.95,0.0643638351357446,-0.274776395377882,0.389261108200156,35,pearson
PEL,P1.anc.YRI.2way.rand.96,P2.anc.YRI.2way.rand.96,0.0660004160281664,-0.265980868770815,0.383986031045944,35,corsym
PEL,P1.anc.YRI.2way.rand.96,P2.anc.YRI.2way.rand.96,0.0786994826405593,-0.261402695442722,0.401418298184124,35,pearson
PEL,P1.anc.YRI.2way.rand.97,P2.anc.YRI.2way.rand.97,0.0660004160281664,-0.265980868770815,0.383986031045944,35,corsym
PEL,P1.anc.YRI.2way.rand.97,P2.anc.YRI.2way.rand.97,0.0520522316173813,-0.286158075687849,0.378729252842538,35,pearson
PEL,P1.anc.YRI.2way.rand.98,P2.anc.YRI.2way.rand.98,0.0660004160281664,-0.265980868770815,0.383986031045944,35,corsym
PEL,P1.anc.YRI.2way.rand.98,P2.anc.YRI.2way.rand.98,0.0542347380875911,-0.284147354788938,0.380602449410916,35,pearson
PEL,P1.anc.YRI.2way.rand.99,P2.anc.YRI.2way.rand.99,0.0660004160281664,-0.265980868770815,0.383986031045944,35,corsym
PEL,P1.anc.YRI.2way.rand.99,P2.anc.YRI.2way.rand.99,0.136144269457106,-0.206469725479416,0.449018998365046,35,pearson
PEL,P1.anc.YRI.2way.rand.100,P2.anc.YRI.2way.rand.100,0.0660004160281664,-0.265980868770815,0.383986031045944,35,corsym
PEL,P1.anc.YRI.2way.rand.100,P2.anc.YRI.2way.rand.100,0.0727574414682207,-0.266961905764177,0.3963929761433,35,pearson
PUR,P1.anc.YRI,P2.anc.YRI,0.759162883912094,0.575431827434043,0.869948166794141,35,corsym
PUR,P1.anc.IBS,P2.anc.IBS,0.347135842045693,0.0235489148034865,0.604883991643169,35,corsym
PUR,P1.anc.NAM,P2.anc.NAM,-0.263937790212409,-0.543399224193836,0.0681878639605989,35,corsym
PUR,P1.anc.YRI.2way,P2.anc.YRI.2way,0.199215581113502,-0.13586916382335,0.49340099423734,35,corsym
PUR,P1.adm.YRI,P2.adm.YRI,0.646152679761292,0.405350647307352,0.80310431626219,35,corsym
PUR,P1.adm.IBS,P2.adm.IBS,0.553944238302819,0.277917313595375,0.745471698381709,35,corsym
PUR,P1.adm.NAM,P2.adm.NAM,0.384714270225027,0.0668511108873863,0.631682831015886,35,corsym
PUR,P1.anc.YRI,P2.anc.YRI,0.781098250959136,0.605449064423967,0.88419130742731,35,pearson
PUR,P1.anc.IBS,P2.anc.IBS,0.381808546778044,0.0556416434458323,0.634343519003245,35,pearson
PUR,P1.anc.NAM,P2.anc.NAM,-0.27508069082535,-0.557244779377092,0.0640360153952496,35,pearson
PUR,P1.anc.YRI.2way,P2.anc.YRI.2way,0.252970151120528,-0.0876668326881546,0.540639973483289,35,pearson
PUR,P1.adm.YRI,P2.adm.YRI,0.639725584007625,0.389519215488509,0.801997266386376,35,pearson
PUR,P1.adm.IBS,P2.adm.IBS,0.546495077737771,0.260732511430067,0.744208211661783,35,pearson
PUR,P1.adm.NAM,P2.adm.NAM,0.377037737438469,0.050084083884572,0.63100117788154,35,pearson
PUR,P1.anc.YRI.2way.rand.1,P2.anc.YRI.2way.rand.1,0.199215581113502,-0.13586916382335,0.49340099423734,35,corsym
PUR,P1.anc.YRI.2way.rand.1,P2.anc.YRI.2way.rand.1,0.262322711574091,-0.0777177762089324,0.54769111877453,35,pearson
PUR,P1.anc.YRI.2way.rand.2,P2.anc.YRI.2way.rand.2,0.199215581113502,-0.13586916382335,0.49340099423734,35,corsym
PUR,P1.anc.YRI.2way.rand.2,P2.anc.YRI.2way.rand.2,0.189220162760001,-0.153719464771706,0.491475738671383,35,pearson
PUR,P1.anc.YRI.2way.rand.3,P2.anc.YRI.2way.rand.3,0.199215581113502,-0.13586916382335,0.49340099423734,35,corsym
PUR,P1.anc.YRI.2way.rand.3,P2.anc.YRI.2way.rand.3,0.188005602842352,-0.15494882948486,0.490519982752471,35,pearson
PUR,P1.anc.YRI.2way.rand.4,P2.anc.YRI.2way.rand.4,0.199215581113502,-0.13586916382335,0.49340099423734,35,corsym
PUR,P1.anc.YRI.2way.rand.4,P2.anc.YRI.2way.rand.4,0.192643826439754,-0.150248344753208,0.494165959350848,35,pearson
PUR,P1.anc.YRI.2way.rand.5,P2.anc.YRI.2way.rand.5,0.199215581113502,-0.13586916382335,0.49340099423734,35,corsym
PUR,P1.anc.YRI.2way.rand.5,P2.anc.YRI.2way.rand.5,0.209259569323797,-0.133281354259975,0.507140646500821,35,pearson
PUR,P1.anc.YRI.2way.rand.6,P2.anc.YRI.2way.rand.6,0.199215581113502,-0.13586916382335,0.49340099423734,35,corsym
PUR,P1.anc.YRI.2way.rand.6,P2.anc.YRI.2way.rand.6,0.214025921228812,-0.128376900165154,0.510837779194592,35,pearson
PUR,P1.anc.YRI.2way.rand.7,P2.anc.YRI.2way.rand.7,0.199215581113502,-0.13586916382335,0.49340099423734,35,corsym
PUR,P1.anc.YRI.2way.rand.7,P2.anc.YRI.2way.rand.7,0.191384446828203,-0.151526164610447,0.49317704445575,35,pearson
PUR,P1.anc.YRI.2way.rand.8,P2.anc.YRI.2way.rand.8,0.199215581113502,-0.13586916382335,0.49340099423734,35,corsym
PUR,P1.anc.YRI.2way.rand.8,P2.anc.YRI.2way.rand.8,0.213921762411301,-0.128484256220118,0.510757103135927,35,pearson
PUR,P1.anc.YRI.2way.rand.9,P2.anc.YRI.2way.rand.9,0.199215581113502,-0.13586916382335,0.49340099423734,35,corsym
PUR,P1.anc.YRI.2way.rand.9,P2.anc.YRI.2way.rand.9,0.187236434538189,-0.155726824590652,0.489914335732423,35,pearson
PUR,P1.anc.YRI.2way.rand.10,P2.anc.YRI.2way.rand.10,0.199215581113502,-0.13586916382335,0.49340099423734,35,corsym
PUR,P1.anc.YRI.2way.rand.10,P2.anc.YRI.2way.rand.10,0.307043261209919,-0.0291900405817448,0.580855979609251,35,pearson
PUR,P1.anc.YRI.2way.rand.11,P2.anc.YRI.2way.rand.11,0.199215581113502,-0.13586916382335,0.49340099423734,35,corsym
PUR,P1.anc.YRI.2way.rand.11,P2.anc.YRI.2way.rand.11,0.254732803836109,-0.0857969425046695,0.541971982699841,35,pearson
PUR,P1.anc.YRI.2way.rand.12,P2.anc.YRI.2way.rand.12,0.199215581113502,-0.13586916382335,0.49340099423734,35,corsym
PUR,P1.anc.YRI.2way.rand.12,P2.anc.YRI.2way.rand.12,0.191429631847416,-0.151480337792291,0.49321253902328,35,pearson
PUR,P1.anc.YRI.2way.rand.13,P2.anc.YRI.2way.rand.13,0.199215581113502,-0.13586916382335,0.49340099423734,35,corsym
PUR,P1.anc.YRI.2way.rand.13,P2.anc.YRI.2way.rand.13,0.186264749672411,-0.156709052382392,0.489148808221485,35,pearson
PUR,P1.anc.YRI.2way.rand.14,P2.anc.YRI.2way.rand.14,0.199215581113502,-0.13586916382335,0.49340099423734,35,corsym
PUR,P1.anc.YRI.2way.rand.14,P2.anc.YRI.2way.rand.14,0.212710120342167,-0.129732501228566,0.509818243286595,35,pearson
PUR,P1.anc.YRI.2way.rand.15,P2.anc.YRI.2way.rand.15,0.199215581113502,-0.13586916382335,0.49340099423734,35,corsym
PUR,P1.anc.YRI.2way.rand.15,P2.anc.YRI.2way.rand.15,0.189628469870243,-0.153305942042472,0.491796878392162,35,pearson
PUR,P1.anc.YRI.2way.rand.16,P2.anc.YRI.2way.rand.16,0.199215581113502,-0.13586916382335,0.49340099423734,35,corsym
PUR,P1.anc.YRI.2way.rand.16,P2.anc.YRI.2way.rand.16,0.190197935419099,-0.152729001632879,0.492244634421144,35,pearson
PUR,P1.anc.YRI.2way.rand.17,P2.anc.YRI.2way.rand.17,0.199215581113502,-0.13586916382335,0.49340099423734,35,corsym
PUR,P1.anc.YRI.2way.rand.17,P2.anc.YRI.2way.rand.17,0.185765565145463,-0.157213389477898,0.488755351564299,35,pearson
PUR,P1.anc.YRI.2way.rand.18,P2.anc.YRI.2way.rand.18,0.199215581113502,-0.13586916382335,0.49340099423734,35,corsym
PUR,P1.anc.YRI.2way.rand.18,P2.anc.YRI.2way.rand.18,0.224595598329303,-0.117440892898371,0.518997414439933,35,pearson
PUR,P1.anc.YRI.2way.rand.19,P2.anc.YRI.2way.rand.19,0.199215581113502,-0.13586916382335,0.49340099423734,35,corsym
PUR,P1.anc.YRI.2way.rand.19,P2.anc.YRI.2way.rand.19,0.203506316737057,-0.139179040965313,0.502663350371644,35,pearson
PUR,P1.anc.YRI.2way.rand.20,P2.anc.YRI.2way.rand.20,0.199215581113502,-0.13586916382335,0.49340099423734,35,corsym
PUR,P1.anc.YRI.2way.rand.20,P2.anc.YRI.2way.rand.20,0.189848621674265,-0.153082928221546,0.49196999701148,35,pearson
PUR,P1.anc.YRI.2way.rand.21,P2.anc.YRI.2way.rand.21,0.199215581113502,-0.13586916382335,0.49340099423734,35,corsym
PUR,P1.anc.YRI.2way.rand.21,P2.anc.YRI.2way.rand.21,0.200888589055797,-0.141854463283037,0.500620856068431,35,pearson
PUR,P1.anc.YRI.2way.rand.22,P2.anc.YRI.2way.rand.22,0.199215581113502,-0.13586916382335,0.49340099423734,35,corsym
PUR,P1.anc.YRI.2way.rand.22,P2.anc.YRI.2way.rand.22,0.211585751687488,-0.130889866217645,0.508946375054706,35,pearson
PUR,P1.anc.YRI.2way.rand.23,P2.anc.YRI.2way.rand.23,0.199215581113502,-0.13586916382335,0.49340099423734,35,corsym
PUR,P1.anc.YRI.2way.rand.23,P2.anc.YRI.2way.rand.23,0.226287683367715,-0.115682425286804,0.520298715838789,35,pearson
PUR,P1.anc.YRI.2way.rand.24,P2.anc.YRI.2way.rand.24,0.199215581113502,-0.13586916382335,0.49340099423734,35,corsym
PUR,P1.anc.YRI.2way.rand.24,P2.anc.YRI.2way.rand.24,0.18628655382631,-0.156687019088824,0.48916599142056,35,pearson
PUR,P1.anc.YRI.2way.rand.25,P2.anc.YRI.2way.rand.25,0.199215581113502,-0.13586916382335,0.49340099423734,35,corsym
PUR,P1.anc.YRI.2way.rand.25,P2.anc.YRI.2way.rand.25,0.241777166158082,-0.0994850268057585,0.532147813614154,35,pearson
PUR,P1.anc.YRI.2way.rand.26,P2.anc.YRI.2way.rand.26,0.199215581113502,-0.13586916382335,0.49340099423734,35,corsym
PUR,P1.anc.YRI.2way.rand.26,P2.anc.YRI.2way.rand.26,0.188600457576035,-0.154346856492653,0.490988174063876,35,pearson
PUR,P1.anc.YRI.2way.rand.27,P2.anc.YRI.2way.rand.27,0.199215581113502,-0.13586916382335,0.49340099423734,35,corsym
PUR,P1.anc.YRI.2way.rand.27,P2.anc.YRI.2way.rand.27,0.305529990517509,-0.030858464578613,0.579748400272532,35,pearson
PUR,P1.anc.YRI.2way.rand.28,P2.anc.YRI.2way.rand.28,0.199215581113502,-0.13586916382335,0.49340099423734,35,corsym
PUR,P1.anc.YRI.2way.rand.28,P2.anc.YRI.2way.rand.28,0.250516071202923,-0.0902662240620167,0.53878305830882,35,pearson
PUR,P1.anc.YRI.2way.rand.29,P2.anc.YRI.2way.rand.29,0.199215581113502,-0.13586916382335,0.49340099423734,35,corsym
PUR,P1.anc.YRI.2way.rand.29,P2.anc.YRI.2way.rand.29,0.187279372517572,-0.155683405075202,0.489948153016673,35,pearson
PUR,P1.anc.YRI.2way.rand.30,P2.anc.YRI.2way.rand.30,0.199215581113502,-0.13586916382335,0.49340099423734,35,corsym
PUR,P1.anc.YRI.2way.rand.30,P2.anc.YRI.2way.rand.30,0.189702127296957,-0.1532313309431,0.491854802321376,35,pearson
PUR,P1.anc.YRI.2way.rand.31,P2.anc.YRI.2way.rand.31,0.199215581113502,-0.13586916382335,0.49340099423734,35,corsym
PUR,P1.anc.YRI.2way.rand.31,P2.anc.YRI.2way.rand.31,0.209674186650567,-0.132855388822711,0.507462690094385,35,pearson
PUR,P1.anc.YRI.2way.rand.32,P2.anc.YRI.2way.rand.32,0.199215581113502,-0.13586916382335,0.49340099423734,35,corsym
PUR,P1.anc.YRI.2way.rand.32,P2.anc.YRI.2way.rand.32,0.2492082402188,-0.0916496006663041,0.537792323555908,35,pearson
PUR,P1.anc.YRI.2way.rand.33,P2.anc.YRI.2way.rand.33,0.199215581113502,-0.13586916382335,0.49340099423734,35,corsym
PUR,P1.anc.YRI.2way.rand.33,P2.anc.YRI.2way.rand.33,0.237953998177901,-0.103499806522508,0.529233713005985,35,pearson
PUR,P1.anc.YRI.2way.rand.34,P2.anc.YRI.2way.rand.34,0.199215581113502,-0.13586916382335,0.49340099423734,35,corsym
PUR,P1.anc.YRI.2way.rand.34,P2.anc.YRI.2way.rand.34,0.200851777772461,-0.141892050216917,0.500592110077784,35,pearson
PUR,P1.anc.YRI.2way.rand.35,P2.anc.YRI.2way.rand.35,0.199215581113502,-0.13586916382335,0.49340099423734,35,corsym
PUR,P1.anc.YRI.2way.rand.35,P2.anc.YRI.2way.rand.35,0.188674588958895,-0.154271820178887,0.491046508288154,35,pearson
PUR,P1.anc.YRI.2way.rand.36,P2.anc.YRI.2way.rand.36,0.199215581113502,-0.13586916382335,0.49340099423734,35,corsym
PUR,P1.anc.YRI.2way.rand.36,P2.anc.YRI.2way.rand.36,0.191545202021948,-0.151363119374896,0.493303319261214,35,pearson
PUR,P1.anc.YRI.2way.rand.37,P2.anc.YRI.2way.rand.37,0.199215581113502,-0.13586916382335,0.49340099423734,35,corsym
PUR,P1.anc.YRI.2way.rand.37,P2.anc.YRI.2way.rand.37,0.203575927811051,-0.139107827314512,0.502717619187856,35,pearson
PUR,P1.anc.YRI.2way.rand.38,P2.anc.YRI.2way.rand.38,0.199215581113502,-0.13586916382335,0.49340099423734,35,corsym
PUR,P1.anc.YRI.2way.rand.38,P2.anc.YRI.2way.rand.38,0.32659282482095,-0.00746632406512565,0.595073943151351,35,pearson
PUR,P1.anc.YRI.2way.rand.39,P2.anc.YRI.2way.rand.39,0.199215581113502,-0.13586916382335,0.49340099423734,35,corsym
PUR,P1.anc.YRI.2way.rand.39,P2.anc.YRI.2way.rand.39,0.186959757055177,-0.15600657314587,0.489696407004977,35,pearson
PUR,P1.anc.YRI.2way.rand.40,P2.anc.YRI.2way.rand.40,0.199215581113502,-0.13586916382335,0.49340099423734,35,corsym
PUR,P1.anc.YRI.2way.rand.40,P2.anc.YRI.2way.rand.40,0.221630837325897,-0.120516802358138,0.516714064026997,35,pearson
PUR,P1.anc.YRI.2way.rand.41,P2.anc.YRI.2way.rand.41,0.199215581113502,-0.13586916382335,0.49340099423734,35,corsym
PUR,P1.anc.YRI.2way.rand.41,P2.anc.YRI.2way.rand.41,0.222393783028689,-0.119725881218488,0.517302058279474,35,pearson
PUR,P1.anc.YRI.2way.rand.42,P2.anc.YRI.2way.rand.42,0.199215581113502,-0.13586916382335,0.49340099423734,35,corsym
PUR,P1.anc.YRI.2way.rand.42,P2.anc.YRI.2way.rand.42,0.259844319051803,-0.0803608500298555,0.545826531706457,35,pearson
PUR,P1.anc.YRI.2way.rand.43,P2.anc.YRI.2way.rand.43,0.199215581113502,-0.13586916382335,0.49340099423734,35,corsym
PUR,P1.anc.YRI.2way.rand.43,P2.anc.YRI.2way.rand.43,0.226793268824093,-0.115156588832275,0.520687272599566,35,pearson
PUR,P1.anc.YRI.2way.rand.44,P2.anc.YRI.2way.rand.44,0.199215581113502,-0.13586916382335,0.49340099423734,35,corsym
PUR,P1.anc.YRI.2way.rand.44,P2.anc.YRI.2way.rand.44,0.214244764465652,-0.128151313215785,0.511007266871778,35,pearson
PUR,P1.anc.YRI.2way.rand.45,P2.anc.YRI.2way.rand.45,0.199215581113502,-0.13586916382335,0.49340099423734,35,corsym
PUR,P1.anc.YRI.2way.rand.45,P2.anc.YRI.2way.rand.45,0.210331663218529,-0.132179657549747,0.50797319800289,35,pearson
PUR,P1.anc.YRI.2way.rand.46,P2.anc.YRI.2way.rand.46,0.199215581113502,-0.13586916382335,0.49340099423734,35,corsym
PUR,P1.anc.YRI.2way.rand.46,P2.anc.YRI.2way.rand.46,0.205474229130002,-0.137164456375373,0.504196627188942,35,pearson
PUR,P1.anc.YRI.2way.rand.47,P2.anc.YRI.2way.rand.47,0.199215581113502,-0.13586916382335,0.49340099423734,35,corsym
PUR,P1.anc.YRI.2way.rand.47,P2.anc.YRI.2way.rand.47,0.222248266492735,-0.119876767027425,0.517189931695155,35,pearson
PUR,P1.anc.YRI.2way.rand.48,P2.anc.YRI.2way.rand.48,0.199215581113502,-0.13586916382335,0.49340099423734,35,corsym
PUR,P1.anc.YRI.2way.rand.48,P2.anc.YRI.2way.rand.48,0.201490090538408,-0.141240147514417,0.501090475919686,35,pearson
PUR,P1.anc.YRI.2way.rand.49,P2.anc.YRI.2way.rand.49,0.199215581113502,-0.13586916382335,0.49340099423734,35,corsym
PUR,P1.anc.YRI.2way.rand.49,P2.anc.YRI.2way.rand.49,0.187172880445399,-0.155791088990369,0.489864279846099,35,pearson
PUR,P1.anc.YRI.2way.rand.50,P2.anc.YRI.2way.rand.50,0.199215581113502,-0.13586916382335,0.49340099423734,35,corsym
PUR,P1.anc.YRI.2way.rand.50,P2.anc.YRI.2way.rand.50,0.185552125024121,-0.157428978135922,0.488587080686196,35,pearson
PUR,P1.anc.YRI.2way.rand.51,P2.anc.YRI.2way.rand.51,0.199215581113502,-0.13586916382335,0.49340099423734,35,corsym
PUR,P1.anc.YRI.2way.rand.51,P2.anc.YRI.2way.rand.51,0.221355025990216,-0.12080262019242,0.51650143059591,35,pearson
PUR,P1.anc.YRI.2way.rand.52,P2.anc.YRI.2way.rand.52,0.199215581113502,-0.13586916382335,0.49340099423734,35,corsym
PUR,P1.anc.YRI.2way.rand.52,P2.anc.YRI.2way.rand.52,0.274280512014601,-0.0648978971740911,0.5566477628138,35,pearson
PUR,P1.anc.YRI.2way.rand.53,P2.anc.YRI.2way.rand.53,0.199215581113502,-0.13586916382335,0.49340099423734,35,corsym
PUR,P1.anc.YRI.2way.rand.53,P2.anc.YRI.2way.rand.53,0.187577534734759,-0.155381862504084,0.490182955815557,35,pearson
PUR,P1.anc.YRI.2way.rand.54,P2.anc.YRI.2way.rand.54,0.199215581113502,-0.13586916382335,0.49340099423734,35,corsym
PUR,P1.anc.YRI.2way.rand.54,P2.anc.YRI.2way.rand.54,0.192241026178934,-0.150657167595642,0.493849749437464,35,pearson
PUR,P1.anc.YRI.2way.rand.55,P2.anc.YRI.2way.rand.55,0.199215581113502,-0.13586916382335,0.49340099423734,35,corsym
PUR,P1.anc.YRI.2way.rand.55,P2.anc.YRI.2way.rand.55,0.245531694773663,-0.0955314830473821,0.535002915720169,35,pearson
PUR,P1.anc.YRI.2way.rand.56,P2.anc.YRI.2way.rand.56,0.199215581113502,-0.13586916382335,0.49340099423734,35,corsym
PUR,P1.anc.YRI.2way.rand.56,P2.anc.YRI.2way.rand.56,0.186265454673509,-0.156708339977784,0.489149363815362,35,pearson
PUR,P1.anc.YRI.2way.rand.57,P2.anc.YRI.2way.rand.57,0.199215581113502,-0.13586916382335,0.49340099423734,35,corsym
PUR,P1.anc.YRI.2way.rand.57,P2.anc.YRI.2way.rand.57,0.192745034159089,-0.150145605360987,0.494245397813345,35,pearson
PUR,P1.anc.YRI.2way.rand.58,P2.anc.YRI.2way.rand.58,0.199215581113502,-0.13586916382335,0.49340099423734,35,corsym
PUR,P1.anc.YRI.2way.rand.58,P2.anc.YRI.2way.rand.58,0.200888230333774,-0.14185482956846,0.500620575945013,35,pearson
PUR,P1.anc.YRI.2way.rand.59,P2.anc.YRI.2way.rand.59,0.199215581113502,-0.13586916382335,0.49340099423734,35,corsym
PUR,P1.anc.YRI.2way.rand.59,P2.anc.YRI.2way.rand.59,0.277413343511135,-0.0615205981308131,0.558983517508565,35,pearson
PUR,P1.anc.YRI.2way.rand.60,P2.anc.YRI.2way.rand.60,0.199215581113502,-0.13586916382335,0.49340099423734,35,corsym
PUR,P1.anc.YRI.2way.rand.60,P2.anc.YRI.2way.rand.60,0.192696547714769,-0.150194826520987,0.494207341180646,35,pearson
PUR,P1.anc.YRI.2way.rand.61,P2.anc.YRI.2way.rand.61,0.199215581113502,-0.13586916382335,0.49340099423734,35,corsym
PUR,P1.anc.YRI.2way.rand.61,P2.anc.YRI.2way.rand.61,0.256868128601402,-0.0835284894232948,0.543583683573334,35,pearson
PUR,P1.anc.YRI.2way.rand.62,P2.anc.YRI.2way.rand.62,0.199215581113502,-0.13586916382335,0.49340099423734,35,corsym
PUR,P1.anc.YRI.2way.rand.62,P2.anc.YRI.2way.rand.62,0.221043465486102,-0.121125415960479,0.516261192983693,35,pearson
PUR,P1.anc.YRI.2way.rand.63,P2.anc.YRI.2way.rand.63,0.199215581113502,-0.13586916382335,0.49340099423734,35,corsym
PUR,P1.anc.YRI.2way.rand.63,P2.anc.YRI.2way.rand.63,0.198465932444632,-0.144326061619856,0.498727588749701,35,pearson
PUR,P1.anc.YRI.2way.rand.64,P2.anc.YRI.2way.rand.64,0.199215581113502,-0.13586916382335,0.49340099423734,35,corsym
PUR,P1.anc.YRI.2way.rand.64,P2.anc.YRI.2way.rand.64,0.191231536009379,-0.151681236409271,0.493056919681891,35,pearson
PUR,P1.anc.YRI.2way.rand.65,P2.anc.YRI.2way.rand.65,0.199215581113502,-0.13586916382335,0.49340099423734,35,corsym
PUR,P1.anc.YRI.2way.rand.65,P2.anc.YRI.2way.rand.65,0.264434910578443,-0.0754614493461726,0.549277970702692,35,pearson
PUR,P1.anc.YRI.2way.rand.66,P2.anc.YRI.2way.rand.66,0.199215581113502,-0.13586916382335,0.49340099423734,35,corsym
PUR,P1.anc.YRI.2way.rand.66,P2.anc.YRI.2way.rand.66,0.215858109761675,-0.126487158135129,0.512256043844785,35,pearson
PUR,P1.anc.YRI.2way.rand.67,P2.anc.YRI.2way.rand.67,0.199215581113502,-0.13586916382335,0.49340099423734,35,corsym
PUR,P1.anc.YRI.2way.rand.67,P2.anc.YRI.2way.rand.67,0.236353011546932,-0.105177733548651,0.528011361918676,35,pearson
PUR,P1.anc.YRI.2way.rand.68,P2.anc.YRI.2way.rand.68,0.199215581113502,-0.13586916382335,0.49340099423734,35,corsym
PUR,P1.anc.YRI.2way.rand.68,P2.anc.YRI.2way.rand.68,0.217362357657483,-0.124933798398676,0.513419248250574,35,pearson
PUR,P1.anc.YRI.2way.rand.69,P2.anc.YRI.2way.rand.69,0.199215581113502,-0.13586916382335,0.49340099423734,35,corsym
PUR,P1.anc.YRI.2way.rand.69,P2.anc.YRI.2way.rand.69,0.194573070187347,-0.148288628142473,0.495679366445748,35,pearson
PUR,P1.anc.YRI.2way.rand.70,P2.anc.YRI.2way.rand.70,0.199215581113502,-0.13586916382335,0.49340099423734,35,corsym
PUR,P1.anc.YRI.2way.rand.70,P2.anc.YRI.2way.rand.70,0.187022672932861,-0.155942963745608,0.489745966862282,35,pearson
PUR,P1.anc.YRI.2way.rand.71,P2.anc.YRI.2way.rand.71,0.199215581113502,-0.13586916382335,0.49340099423734,35,corsym
PUR,P1.anc.YRI.2way.rand.71,P2.anc.YRI.2way.rand.71,0.201648474140808,-0.141078345821854,0.501214103935165,35,pearson
PUR,P1.anc.YRI.2way.rand.72,P2.anc.YRI.2way.rand.72,0.199215581113502,-0.13586916382335,0.49340099423734,35,corsym
PUR,P1.anc.YRI.2way.rand.72,P2.anc.YRI.2way.rand.72,0.197174072635374,-0.145642272993309,0.497716848368988,35,pearson
PUR,P1.anc.YRI.2way.rand.73,P2.anc.YRI.2way.rand.73,0.199215581113502,-0.13586916382335,0.49340099423734,35,corsym
PUR,P1.anc.YRI.2way.rand.73,P2.anc.YRI.2way.rand.73,0.21769272634311,-0.124592418692642,0.513674570035111,35,pearson
PUR,P1.anc.YRI.2way.rand.74,P2.anc.YRI.2way.rand.74,0.199215581113502,-0.13586916382335,0.49340099423734,35,corsym
PUR,P1.anc.YRI.2way.rand.74,P2.anc.YRI.2way.rand.74,0.207515812409209,-0.135071453654419,0.505785315937406,35,pearson
PUR,P1.anc.YRI.2way.rand.75,P2.anc.YRI.2way.rand.75,0.199215581113502,-0.13586916382335,0.49340099423734,35,corsym
PUR,P1.anc.YRI.2way.rand.75,P2.anc.YRI.2way.rand.75,0.192773883089318,-0.150116318476,0.494268040565772,35,pearson
PUR,P1.anc.YRI.2way.rand.76,P2.anc.YRI.2way.rand.76,0.199215581113502,-0.13586916382335,0.49340099423734,35,corsym
PUR,P1.anc.YRI.2way.rand.76,P2.anc.YRI.2way.rand.76,0.187457587713302,-0.155503177085087,0.490088502794899,35,pearson
PUR,P1.anc.YRI.2way.rand.77,P2.anc.YRI.2way.rand.77,0.199215581113502,-0.13586916382335,0.49340099423734,35,corsym
PUR,P1.anc.YRI.2way.rand.77,P2.anc.YRI.2way.rand.77,0.188658415260714,-0.154288191648799,0.491033781384162,35,pearson
PUR,P1.anc.YRI.2way.rand.78,P2.anc.YRI.2way.rand.78,0.199215581113502,-0.13586916382335,0.49340099423734,35,corsym
PUR,P1.anc.YRI.2way.rand.78,P2.anc.YRI.2way.rand.78,0.185826005611919,-0.157152334664256,0.488802997228022,35,pearson
PUR,P1.anc.YRI.2way.rand.79,P2.anc.YRI.2way.rand.79,0.199215581113502,-0.13586916382335,0.49340099423734,35,corsym
PUR,P1.anc.YRI.2way.rand.79,P2.anc.YRI.2way.rand.79,0.217249112555473,-0.125050799252894,0.513331715961181,35,pearson
PUR,P1.anc.YRI.2way.rand.80,P2.anc.YRI.2way.rand.80,0.199215581113502,-0.13586916382335,0.49340099423734,35,corsym
PUR,P1.anc.YRI.2way.rand.80,P2.anc.YRI.2way.rand.80,0.185816224815705,-0.157162215055193,0.48879528707709,35,pearson
PUR,P1.anc.YRI.2way.rand.81,P2.anc.YRI.2way.rand.81,0.199215581113502,-0.13586916382335,0.49340099423734,35,corsym
PUR,P1.anc.YRI.2way.rand.81,P2.anc.YRI.2way.rand.81,0.202443628805855,-0.140265754057811,0.501834585656287,35,pearson
PUR,P1.anc.YRI.2way.rand.82,P2.anc.YRI.2way.rand.82,0.199215581113502,-0.13586916382335,0.49340099423734,35,corsym
PUR,P1.anc.YRI.2way.rand.82,P2.anc.YRI.2way.rand.82,0.204932299460094,-0.13771952173494,0.503774576601469,35,pearson
PUR,P1.anc.YRI.2way.rand.83,P2.anc.YRI.2way.rand.83,0.199215581113502,-0.13586916382335,0.49340099423734,35,corsym
PUR,P1.anc.YRI.2way.rand.83,P2.anc.YRI.2way.rand.83,0.186023933262317,-0.156952376825488,0.488959012399025,35,pearson
PUR,P1.anc.YRI.2way.rand.84,P2.anc.YRI.2way.rand.84,0.199215581113502,-0.13586916382335,0.49340099423734,35,corsym
PUR,P1.anc.YRI.2way.rand.84,P2.anc.YRI.2way.rand.84,0.269569219554001,-0.0699622440401286,0.553126724979956,35,pearson
PUR,P1.anc.YRI.2way.rand.85,P2.anc.YRI.2way.rand.85,0.199215581113502,-0.13586916382335,0.49340099423734,35,corsym
PUR,P1.anc.YRI.2way.rand.85,P2.anc.YRI.2way.rand.85,0.18768532661277,-0.155272832825766,0.490267831130934,35,pearson
PUR,P1.anc.YRI.2way.rand.86,P2.anc.YRI.2way.rand.86,0.199215581113502,-0.13586916382335,0.49340099423734,35,corsym
PUR,P1.anc.YRI.2way.rand.86,P2.anc.YRI.2way.rand.86,0.20152179382538,-0.141207761501772,0.501115223238485,35,pearson
PUR,P1.anc.YRI.2way.rand.87,P2.anc.YRI.2way.rand.87,0.199215581113502,-0.13586916382335,0.49340099423734,35,corsym
PUR,P1.anc.YRI.2way.rand.87,P2.anc.YRI.2way.rand.87,0.235242275451131,-0.106340708061653,0.527162605794555,35,pearson
PUR,P1.anc.YRI.2way.rand.88,P2.anc.YRI.2way.rand.88,0.199215581113502,-0.13586916382335,0.49340099423734,35,corsym
PUR,P1.anc.YRI.2way.rand.88,P2.anc.YRI.2way.rand.88,0.20514962172918,-0.137496957694401,0.50394384262136,35,pearson
PUR,P1.anc.YRI.2way.rand.89,P2.anc.YRI.2way.rand.89,0.199215581113502,-0.13586916382335,0.49340099423734,35,corsym
PUR,P1.anc.YRI.2way.rand.89,P2.anc.YRI.2way.rand.89,0.190620195315489,-0.152301048137115,0.492576543281332,35,pearson
PUR,P1.anc.YRI.2way.rand.90,P2.anc.YRI.2way.rand.90,0.199215581113502,-0.13586916382335,0.49340099423734,35,corsym
PUR,P1.anc.YRI.2way.rand.90,P2.anc.YRI.2way.rand.90,0.195212142133876,-0.147638867633406,0.496180287488999,35,pearson
PUR,P1.anc.YRI.2way.rand.91,P2.anc.YRI.2way.rand.91,0.199215581113502,-0.13586916382335,0.49340099423734,35,corsym
PUR,P1.anc.YRI.2way.rand.91,P2.anc.YRI.2way.rand.91,0.185475677523868,-0.157506187223136,0.488526805896808,35,pearson
PUR,P1.anc.YRI.2way.rand.92,P2.anc.YRI.2way.rand.92,0.199215581113502,-0.13586916382335,0.49340099423734,35,corsym
PUR,P1.anc.YRI.2way.rand.92,P2.anc.YRI.2way.rand.92,0.189869034691151,-0.153062248061705,0.4919860477855,35,pearson
PUR,P1.anc.YRI.2way.rand.93,P2.anc.YRI.2way.rand.93,0.199215581113502,-0.13586916382335,0.49340099423734,35,corsym
PUR,P1.anc.YRI.2way.rand.93,P2.anc.YRI.2way.rand.93,0.218568465383693,-0.123687099423015,0.514351121705707,35,pearson
PUR,P1.anc.YRI.2way.rand.94,P2.anc.YRI.2way.rand.94,0.199215581113502,-0.13586916382335,0.49340099423734,35,corsym
PUR,P1.anc.YRI.2way.rand.94,P2.anc.YRI.2way.rand.94,0.194735946684012,-0.148123055617924,0.49580705226163,35,pearson
PUR,P1.anc.YRI.2way.rand.95,P2.anc.YRI.2way.rand.95,0.199215581113502,-0.13586916382335,0.49340099423734,35,corsym
PUR,P1.anc.YRI.2way.rand.95,P2.anc.YRI.2way.rand.95,0.216019799495646,-0.126320269927627,0.512381127421385,35,pearson
PUR,P1.anc.YRI.2way.rand.96,P2.anc.YRI.2way.rand.96,0.199215581113502,-0.13586916382335,0.49340099423734,35,corsym
PUR,P1.anc.YRI.2way.rand.96,P2.anc.YRI.2way.rand.96,0.209817385802355,-0.132708240894438,0.507573897113727,35,pearson
PUR,P1.anc.YRI.2way.rand.97,P2.anc.YRI.2way.rand.97,0.199215581113502,-0.13586916382335,0.49340099423734,35,corsym
PUR,P1.anc.YRI.2way.rand.97,P2.anc.YRI.2way.rand.97,0.274823380519714,-0.0643132224721855,0.557052830961324,35,pearson
PUR,P1.anc.YRI.2way.rand.98,P2.anc.YRI.2way.rand.98,0.199215581113502,-0.13586916382335,0.49340099423734,35,corsym
PUR,P1.anc.YRI.2way.rand.98,P2.anc.YRI.2way.rand.98,0.19960568416617,-0.143163817540269,0.499618643500104,35,pearson
PUR,P1.anc.YRI.2way.rand.99,P2.anc.YRI.2way.rand.99,0.199215581113502,-0.13586916382335,0.49340099423734,35,corsym
PUR,P1.anc.YRI.2way.rand.99,P2.anc.YRI.2way.rand.99,0.258396400631943,-0.0819027672727623,0.544735896412439,35,pearson
PUR,P1.anc.YRI.2way.rand.100,P2.anc.YRI.2way.rand.100,0.199215581113502,-0.13586916382335,0.49340099423734,35,corsym
PUR,P1.anc.YRI.2way.rand.100,P2.anc.YRI.2way.rand.100,0.236104037690335,-0.105438498013608,0.527821162080291,35,pearson
