Population,name_of_P1,name_of_P2,R,CIL,CIU,N,R_type
ACB,P1.anc.YRI,P2.anc.YRI,0.341281017956739,-0.0998072621947545,0.670264965350124,20,corsym
ACB,P1.anc.IBS,P2.anc.IBS,0.326146974835102,-0.116638580772148,0.660777728659095,20,corsym
ACB,P1.anc.NAM,P2.anc.NAM,0.446350762527233,0.0244465611636437,0.733294081472988,20,corsym
ACB,P1.anc.YRI.2way,P2.anc.YRI.2way,-0.196774502499613,-0.575064647157793,0.250838550443135,20,corsym
ACB,P1.adm.YRI,P2.adm.YRI,0.230652078250789,-0.217284517107233,0.598341920338989,20,corsym
ACB,P1.adm.IBS,P2.adm.IBS,0.240203835938014,-0.207628716988078,0.604794649196481,20,corsym
ACB,P1.adm.NAM,P2.adm.NAM,-0.0163368245943869,-0.439830514730852,0.413100613903114,20,corsym
ACB,P1.anc.YRI,P2.anc.YRI,0.325235284905015,-0.137003503542476,0.671160398857494,20,pearson
ACB,P1.anc.IBS,P2.anc.IBS,0.30763400655032,-0.156143249636874,0.660269384944238,20,pearson
ACB,P1.anc.NAM,P2.anc.NAM,0.783752760655805,0.522421959033107,0.91049084093533,20,pearson
ACB,P1.anc.YRI.2way,P2.anc.YRI.2way,-0.020008215143454,-0.458469683330039,0.426286933262063,20,pearson
ACB,P1.adm.YRI,P2.adm.YRI,0.215361837408393,-0.251088171990601,0.60064034052868,20,pearson
ACB,P1.adm.IBS,P2.adm.IBS,0.228072610320629,-0.238521389031556,0.609117109230998,20,pearson
ACB,P1.adm.NAM,P2.adm.NAM,NA,NA,NA,20,pearson
ACB,P1.anc.YRI.2way.rand.1,P2.anc.YRI.2way.rand.1,-0.196774502499613,-0.575064647157793,0.250838550443135,20,corsym
ACB,P1.anc.YRI.2way.rand.1,P2.anc.YRI.2way.rand.1,-0.220821880465768,-0.604292266954739,0.245709177770112,20,pearson
ACB,P1.anc.YRI.2way.rand.2,P2.anc.YRI.2way.rand.2,-0.196774502499613,-0.575064647157793,0.250838550443135,20,corsym
ACB,P1.anc.YRI.2way.rand.2,P2.anc.YRI.2way.rand.2,-0.195232500324207,-0.587036586097144,0.270672916534746,20,pearson
ACB,P1.anc.YRI.2way.rand.3,P2.anc.YRI.2way.rand.3,-0.196774502499613,-0.575064647157793,0.250838550443135,20,corsym
ACB,P1.anc.YRI.2way.rand.3,P2.anc.YRI.2way.rand.3,-0.262925940285635,-0.631922426334426,0.203242099292005,20,pearson
ACB,P1.anc.YRI.2way.rand.4,P2.anc.YRI.2way.rand.4,-0.196774502499613,-0.575064647157793,0.250838550443135,20,corsym
ACB,P1.anc.YRI.2way.rand.4,P2.anc.YRI.2way.rand.4,-0.224580777028265,-0.606797059456311,0.241989304138591,20,pearson
ACB,P1.anc.YRI.2way.rand.5,P2.anc.YRI.2way.rand.5,-0.196774502499613,-0.575064647157793,0.250838550443135,20,corsym
ACB,P1.anc.YRI.2way.rand.5,P2.anc.YRI.2way.rand.5,-0.172958885230045,-0.571721317671638,0.291903584633934,20,pearson
ACB,P1.anc.YRI.2way.rand.6,P2.anc.YRI.2way.rand.6,-0.196774502499613,-0.575064647157793,0.250838550443135,20,corsym
ACB,P1.anc.YRI.2way.rand.6,P2.anc.YRI.2way.rand.6,-0.258672103892899,-0.629172863976825,0.207613765447073,20,pearson
ACB,P1.anc.YRI.2way.rand.7,P2.anc.YRI.2way.rand.7,-0.196774502499613,-0.575064647157793,0.250838550443135,20,corsym
ACB,P1.anc.YRI.2way.rand.7,P2.anc.YRI.2way.rand.7,-0.191398431424377,-0.584420124364693,0.274360037833588,20,pearson
ACB,P1.anc.YRI.2way.rand.8,P2.anc.YRI.2way.rand.8,-0.196774502499613,-0.575064647157793,0.250838550443135,20,corsym
ACB,P1.anc.YRI.2way.rand.8,P2.anc.YRI.2way.rand.8,-0.28412343907488,-0.645486823115636,0.181176797172323,20,pearson
ACB,P1.anc.YRI.2way.rand.9,P2.anc.YRI.2way.rand.9,-0.196774502499613,-0.575064647157793,0.250838550443135,20,corsym
ACB,P1.anc.YRI.2way.rand.9,P2.anc.YRI.2way.rand.9,-0.189290280199504,-0.582977980141724,0.276381571947394,20,pearson
ACB,P1.anc.YRI.2way.rand.10,P2.anc.YRI.2way.rand.10,-0.196774502499613,-0.575064647157793,0.250838550443135,20,corsym
ACB,P1.anc.YRI.2way.rand.10,P2.anc.YRI.2way.rand.10,-0.205346200756927,-0.593899370090192,0.260880810573795,20,pearson
ACB,P1.anc.YRI.2way.rand.11,P2.anc.YRI.2way.rand.11,-0.196774502499613,-0.575064647157793,0.250838550443135,20,corsym
ACB,P1.anc.YRI.2way.rand.11,P2.anc.YRI.2way.rand.11,-0.213820002397218,-0.599606171682952,0.252601921729242,20,pearson
ACB,P1.anc.YRI.2way.rand.12,P2.anc.YRI.2way.rand.12,-0.196774502499613,-0.575064647157793,0.250838550443135,20,corsym
ACB,P1.anc.YRI.2way.rand.12,P2.anc.YRI.2way.rand.12,-0.278260500895747,-0.641757764039768,0.187326987383158,20,pearson
ACB,P1.anc.YRI.2way.rand.13,P2.anc.YRI.2way.rand.13,-0.196774502499613,-0.575064647157793,0.250838550443135,20,corsym
ACB,P1.anc.YRI.2way.rand.13,P2.anc.YRI.2way.rand.13,-0.220794457232742,-0.604273965212689,0.245736265914008,20,pearson
ACB,P1.anc.YRI.2way.rand.14,P2.anc.YRI.2way.rand.14,-0.196774502499613,-0.575064647157793,0.250838550443135,20,corsym
ACB,P1.anc.YRI.2way.rand.14,P2.anc.YRI.2way.rand.14,-0.114731343074459,-0.530326896419123,0.345321772033893,20,pearson
ACB,P1.anc.YRI.2way.rand.15,P2.anc.YRI.2way.rand.15,-0.196774502499613,-0.575064647157793,0.250838550443135,20,corsym
ACB,P1.anc.YRI.2way.rand.15,P2.anc.YRI.2way.rand.15,-0.103918616986745,-0.522415521807774,0.35492374071661,20,pearson
ACB,P1.anc.YRI.2way.rand.16,P2.anc.YRI.2way.rand.16,-0.196774502499613,-0.575064647157793,0.250838550443135,20,corsym
ACB,P1.anc.YRI.2way.rand.16,P2.anc.YRI.2way.rand.16,-0.197247872340465,-0.588408650641944,0.268729290657444,20,pearson
ACB,P1.anc.YRI.2way.rand.17,P2.anc.YRI.2way.rand.17,-0.196774502499613,-0.575064647157793,0.250838550443135,20,corsym
ACB,P1.anc.YRI.2way.rand.17,P2.anc.YRI.2way.rand.17,-0.149827604562903,-0.555516618970601,0.313477295558575,20,pearson
ACB,P1.anc.YRI.2way.rand.18,P2.anc.YRI.2way.rand.18,-0.196774502499613,-0.575064647157793,0.250838550443135,20,corsym
ACB,P1.anc.YRI.2way.rand.18,P2.anc.YRI.2way.rand.18,-0.177586377576558,-0.574926203054744,0.287530152127439,20,pearson
ACB,P1.anc.YRI.2way.rand.19,P2.anc.YRI.2way.rand.19,-0.196774502499613,-0.575064647157793,0.250838550443135,20,corsym
ACB,P1.anc.YRI.2way.rand.19,P2.anc.YRI.2way.rand.19,-0.196059350761088,-0.58759977800653,0.269875960760858,20,pearson
ACB,P1.anc.YRI.2way.rand.20,P2.anc.YRI.2way.rand.20,-0.196774502499613,-0.575064647157793,0.250838550443135,20,corsym
ACB,P1.anc.YRI.2way.rand.20,P2.anc.YRI.2way.rand.20,-0.22215651184353,-0.605182485641656,0.244389973243125,20,pearson
ACB,P1.anc.YRI.2way.rand.21,P2.anc.YRI.2way.rand.21,-0.196774502499613,-0.575064647157793,0.250838550443135,20,corsym
ACB,P1.anc.YRI.2way.rand.21,P2.anc.YRI.2way.rand.21,-0.233157043750585,-0.612483695285154,0.233450413775765,20,pearson
ACB,P1.anc.YRI.2way.rand.22,P2.anc.YRI.2way.rand.22,-0.196774502499613,-0.575064647157793,0.250838550443135,20,corsym
ACB,P1.anc.YRI.2way.rand.22,P2.anc.YRI.2way.rand.22,-0.224865533336357,-0.606986501932716,0.241706944048984,20,pearson
ACB,P1.anc.YRI.2way.rand.23,P2.anc.YRI.2way.rand.23,-0.196774502499613,-0.575064647157793,0.250838550443135,20,corsym
ACB,P1.anc.YRI.2way.rand.23,P2.anc.YRI.2way.rand.23,-0.214513154117408,-0.600071255031061,0.251921678487746,20,pearson
ACB,P1.anc.YRI.2way.rand.24,P2.anc.YRI.2way.rand.24,-0.196774502499613,-0.575064647157793,0.250838550443135,20,corsym
ACB,P1.anc.YRI.2way.rand.24,P2.anc.YRI.2way.rand.24,-0.208672977449797,-0.596144506557861,0.257638711923795,20,pearson
ACB,P1.anc.YRI.2way.rand.25,P2.anc.YRI.2way.rand.25,-0.196774502499613,-0.575064647157793,0.250838550443135,20,corsym
ACB,P1.anc.YRI.2way.rand.25,P2.anc.YRI.2way.rand.25,-0.242105478466297,-0.618375542150056,0.224463593657969,20,pearson
ACB,P1.anc.YRI.2way.rand.26,P2.anc.YRI.2way.rand.26,-0.196774502499613,-0.575064647157793,0.250838550443135,20,corsym
ACB,P1.anc.YRI.2way.rand.26,P2.anc.YRI.2way.rand.26,-0.221824469398357,-0.604961097943508,0.244718339110598,20,pearson
ACB,P1.anc.YRI.2way.rand.27,P2.anc.YRI.2way.rand.27,-0.196774502499613,-0.575064647157793,0.250838550443135,20,corsym
ACB,P1.anc.YRI.2way.rand.27,P2.anc.YRI.2way.rand.27,-0.223539549784079,-0.606103982652556,0.243021097143991,20,pearson
ACB,P1.anc.YRI.2way.rand.28,P2.anc.YRI.2way.rand.28,-0.196774502499613,-0.575064647157793,0.250838550443135,20,corsym
ACB,P1.anc.YRI.2way.rand.28,P2.anc.YRI.2way.rand.28,-0.199466030556198,-0.589916172323544,0.266585702049316,20,pearson
ACB,P1.anc.YRI.2way.rand.29,P2.anc.YRI.2way.rand.29,-0.196774502499613,-0.575064647157793,0.250838550443135,20,corsym
ACB,P1.anc.YRI.2way.rand.29,P2.anc.YRI.2way.rand.29,-0.211637828735104,-0.598140297241631,0.254740450605404,20,pearson
ACB,P1.anc.YRI.2way.rand.30,P2.anc.YRI.2way.rand.30,-0.196774502499613,-0.575064647157793,0.250838550443135,20,corsym
ACB,P1.anc.YRI.2way.rand.30,P2.anc.YRI.2way.rand.30,-0.251978746609222,-0.624827606607475,0.214455021104649,20,pearson
ACB,P1.anc.YRI.2way.rand.31,P2.anc.YRI.2way.rand.31,-0.196774502499613,-0.575064647157793,0.250838550443135,20,corsym
ACB,P1.anc.YRI.2way.rand.31,P2.anc.YRI.2way.rand.31,-0.250038976709303,-0.623563996737153,0.216429136054588,20,pearson
ACB,P1.anc.YRI.2way.rand.32,P2.anc.YRI.2way.rand.32,-0.196774502499613,-0.575064647157793,0.250838550443135,20,corsym
ACB,P1.anc.YRI.2way.rand.32,P2.anc.YRI.2way.rand.32,-0.11045391971864,-0.52720585252233,0.349131779655281,20,pearson
ACB,P1.anc.YRI.2way.rand.33,P2.anc.YRI.2way.rand.33,-0.196774502499613,-0.575064647157793,0.250838550443135,20,corsym
ACB,P1.anc.YRI.2way.rand.33,P2.anc.YRI.2way.rand.33,-0.221262893485259,-0.604586535052279,0.245273453460238,20,pearson
ACB,P1.anc.YRI.2way.rand.34,P2.anc.YRI.2way.rand.34,-0.196774502499613,-0.575064647157793,0.250838550443135,20,corsym
ACB,P1.anc.YRI.2way.rand.34,P2.anc.YRI.2way.rand.34,-0.225842463561498,-0.60763610348486,0.240737633764748,20,pearson
ACB,P1.anc.YRI.2way.rand.35,P2.anc.YRI.2way.rand.35,-0.196774502499613,-0.575064647157793,0.250838550443135,20,corsym
ACB,P1.anc.YRI.2way.rand.35,P2.anc.YRI.2way.rand.35,-0.233741902916595,-0.612870071083722,0.232865470465225,20,pearson
ACB,P1.anc.YRI.2way.rand.36,P2.anc.YRI.2way.rand.36,-0.196774502499613,-0.575064647157793,0.250838550443135,20,corsym
ACB,P1.anc.YRI.2way.rand.36,P2.anc.YRI.2way.rand.36,-0.218466624302206,-0.60271893751594,0.248033001638541,20,pearson
ACB,P1.anc.YRI.2way.rand.37,P2.anc.YRI.2way.rand.37,-0.196774502499613,-0.575064647157793,0.250838550443135,20,corsym
ACB,P1.anc.YRI.2way.rand.37,P2.anc.YRI.2way.rand.37,-0.219501628482879,-0.603410696535048,0.247012471011209,20,pearson
ACB,P1.anc.YRI.2way.rand.38,P2.anc.YRI.2way.rand.38,-0.196774502499613,-0.575064647157793,0.250838550443135,20,corsym
ACB,P1.anc.YRI.2way.rand.38,P2.anc.YRI.2way.rand.38,-0.253970529518055,-0.62612306962359,0.212423999035197,20,pearson
ACB,P1.anc.YRI.2way.rand.39,P2.anc.YRI.2way.rand.39,-0.196774502499613,-0.575064647157793,0.250838550443135,20,corsym
ACB,P1.anc.YRI.2way.rand.39,P2.anc.YRI.2way.rand.39,-0.199755381095351,-0.59011262246766,0.266305738476228,20,pearson
ACB,P1.anc.YRI.2way.rand.40,P2.anc.YRI.2way.rand.40,-0.196774502499613,-0.575064647157793,0.250838550443135,20,corsym
ACB,P1.anc.YRI.2way.rand.40,P2.anc.YRI.2way.rand.40,-0.222579275828855,-0.605464275779509,0.243971735455585,20,pearson
ACB,P1.anc.YRI.2way.rand.41,P2.anc.YRI.2way.rand.41,-0.196774502499613,-0.575064647157793,0.250838550443135,20,corsym
ACB,P1.anc.YRI.2way.rand.41,P2.anc.YRI.2way.rand.41,-0.214029303489217,-0.599746633704367,0.252396567006506,20,pearson
ACB,P1.anc.YRI.2way.rand.42,P2.anc.YRI.2way.rand.42,-0.196774502499613,-0.575064647157793,0.250838550443135,20,corsym
ACB,P1.anc.YRI.2way.rand.42,P2.anc.YRI.2way.rand.42,-0.223531930605447,-0.606098908922169,0.243028643398612,20,pearson
ACB,P1.anc.YRI.2way.rand.43,P2.anc.YRI.2way.rand.43,-0.196774502499613,-0.575064647157793,0.250838550443135,20,corsym
ACB,P1.anc.YRI.2way.rand.43,P2.anc.YRI.2way.rand.43,-0.192066700632878,-0.584876756340418,0.273718365194388,20,pearson
ACB,P1.anc.YRI.2way.rand.44,P2.anc.YRI.2way.rand.44,-0.196774502499613,-0.575064647157793,0.250838550443135,20,corsym
ACB,P1.anc.YRI.2way.rand.44,P2.anc.YRI.2way.rand.44,-0.222059457383162,-0.605117781175504,0.244485964125249,20,pearson
ACB,P1.anc.YRI.2way.rand.45,P2.anc.YRI.2way.rand.45,-0.196774502499613,-0.575064647157793,0.250838550443135,20,corsym
ACB,P1.anc.YRI.2way.rand.45,P2.anc.YRI.2way.rand.45,-0.211839541232504,-0.598275906119304,0.254542963643878,20,pearson
ACB,P1.anc.YRI.2way.rand.46,P2.anc.YRI.2way.rand.46,-0.196774502499613,-0.575064647157793,0.250838550443135,20,corsym
ACB,P1.anc.YRI.2way.rand.46,P2.anc.YRI.2way.rand.46,-0.179199446745903,-0.576040515909823,0.286001071461802,20,pearson
ACB,P1.anc.YRI.2way.rand.47,P2.anc.YRI.2way.rand.47,-0.196774502499613,-0.575064647157793,0.250838550443135,20,corsym
ACB,P1.anc.YRI.2way.rand.47,P2.anc.YRI.2way.rand.47,-0.231850800950116,-0.611620096502995,0.234755626223774,20,pearson
ACB,P1.anc.YRI.2way.rand.48,P2.anc.YRI.2way.rand.48,-0.196774502499613,-0.575064647157793,0.250838550443135,20,corsym
ACB,P1.anc.YRI.2way.rand.48,P2.anc.YRI.2way.rand.48,-0.218994072251988,-0.603071536658689,0.247513058893984,20,pearson
ACB,P1.anc.YRI.2way.rand.49,P2.anc.YRI.2way.rand.49,-0.196774502499613,-0.575064647157793,0.250838550443135,20,corsym
ACB,P1.anc.YRI.2way.rand.49,P2.anc.YRI.2way.rand.49,-0.265902222524266,-0.633840705865143,0.200172283672254,20,pearson
ACB,P1.anc.YRI.2way.rand.50,P2.anc.YRI.2way.rand.50,-0.196774502499613,-0.575064647157793,0.250838550443135,20,corsym
ACB,P1.anc.YRI.2way.rand.50,P2.anc.YRI.2way.rand.50,-0.220675131297179,-0.604194324650505,0.245854125303098,20,pearson
ACB,P1.anc.YRI.2way.rand.51,P2.anc.YRI.2way.rand.51,-0.196774502499613,-0.575064647157793,0.250838550443135,20,corsym
ACB,P1.anc.YRI.2way.rand.51,P2.anc.YRI.2way.rand.51,-0.215231070021703,-0.60055267975102,0.251216645992454,20,pearson
ACB,P1.anc.YRI.2way.rand.52,P2.anc.YRI.2way.rand.52,-0.196774502499613,-0.575064647157793,0.250838550443135,20,corsym
ACB,P1.anc.YRI.2way.rand.52,P2.anc.YRI.2way.rand.52,-0.222335200374151,-0.605301600842535,0.244213218965283,20,pearson
ACB,P1.anc.YRI.2way.rand.53,P2.anc.YRI.2way.rand.53,-0.196774502499613,-0.575064647157793,0.250838550443135,20,corsym
ACB,P1.anc.YRI.2way.rand.53,P2.anc.YRI.2way.rand.53,-0.227055359568243,-0.608441898320808,0.239532901760282,20,pearson
ACB,P1.anc.YRI.2way.rand.54,P2.anc.YRI.2way.rand.54,-0.196774502499613,-0.575064647157793,0.250838550443135,20,corsym
ACB,P1.anc.YRI.2way.rand.54,P2.anc.YRI.2way.rand.54,-0.267019984197008,-0.634559960647866,0.19901702638329,20,pearson
ACB,P1.anc.YRI.2way.rand.55,P2.anc.YRI.2way.rand.55,-0.196774502499613,-0.575064647157793,0.250838550443135,20,corsym
ACB,P1.anc.YRI.2way.rand.55,P2.anc.YRI.2way.rand.55,-0.096783475949461,-0.517155174547548,0.361207347120568,20,pearson
ACB,P1.anc.YRI.2way.rand.56,P2.anc.YRI.2way.rand.56,-0.196774502499613,-0.575064647157793,0.250838550443135,20,corsym
ACB,P1.anc.YRI.2way.rand.56,P2.anc.YRI.2way.rand.56,-0.241751178751975,-0.618143064840975,0.224820928504269,20,pearson
ACB,P1.anc.YRI.2way.rand.57,P2.anc.YRI.2way.rand.57,-0.196774502499613,-0.575064647157793,0.250838550443135,20,corsym
ACB,P1.anc.YRI.2way.rand.57,P2.anc.YRI.2way.rand.57,-0.227925087638034,-0.609019223729088,0.238668142370768,20,pearson
ACB,P1.anc.YRI.2way.rand.58,P2.anc.YRI.2way.rand.58,-0.196774502499613,-0.575064647157793,0.250838550443135,20,corsym
ACB,P1.anc.YRI.2way.rand.58,P2.anc.YRI.2way.rand.58,-0.275320249461543,-0.639881154572019,0.190397612941084,20,pearson
ACB,P1.anc.YRI.2way.rand.59,P2.anc.YRI.2way.rand.59,-0.196774502499613,-0.575064647157793,0.250838550443135,20,corsym
ACB,P1.anc.YRI.2way.rand.59,P2.anc.YRI.2way.rand.59,-0.276699588626428,-0.640762056735186,0.188958246133395,20,pearson
ACB,P1.anc.YRI.2way.rand.60,P2.anc.YRI.2way.rand.60,-0.196774502499613,-0.575064647157793,0.250838550443135,20,corsym
ACB,P1.anc.YRI.2way.rand.60,P2.anc.YRI.2way.rand.60,-0.199002383169878,-0.589601289585412,0.267034144099744,20,pearson
ACB,P1.anc.YRI.2way.rand.61,P2.anc.YRI.2way.rand.61,-0.196774502499613,-0.575064647157793,0.250838550443135,20,corsym
ACB,P1.anc.YRI.2way.rand.61,P2.anc.YRI.2way.rand.61,-0.189756812396267,-0.583297339399597,0.275934562827734,20,pearson
ACB,P1.anc.YRI.2way.rand.62,P2.anc.YRI.2way.rand.62,-0.196774502499613,-0.575064647157793,0.250838550443135,20,corsym
ACB,P1.anc.YRI.2way.rand.62,P2.anc.YRI.2way.rand.62,-0.225590728216784,-0.60746876302238,0.240987494647776,20,pearson
ACB,P1.anc.YRI.2way.rand.63,P2.anc.YRI.2way.rand.63,-0.196774502499613,-0.575064647157793,0.250838550443135,20,corsym
ACB,P1.anc.YRI.2way.rand.63,P2.anc.YRI.2way.rand.63,-0.218966229867047,-0.6030529277659,0.24754051182082,20,pearson
ACB,P1.anc.YRI.2way.rand.64,P2.anc.YRI.2way.rand.64,-0.196774502499613,-0.575064647157793,0.250838550443135,20,corsym
ACB,P1.anc.YRI.2way.rand.64,P2.anc.YRI.2way.rand.64,-0.211245872922446,-0.597876726770991,0.255124084396456,20,pearson
ACB,P1.anc.YRI.2way.rand.65,P2.anc.YRI.2way.rand.65,-0.196774502499613,-0.575064647157793,0.250838550443135,20,corsym
ACB,P1.anc.YRI.2way.rand.65,P2.anc.YRI.2way.rand.65,-0.143643380224987,-0.551131395485292,0.319165195326119,20,pearson
ACB,P1.anc.YRI.2way.rand.66,P2.anc.YRI.2way.rand.66,-0.196774502499613,-0.575064647157793,0.250838550443135,20,corsym
ACB,P1.anc.YRI.2way.rand.66,P2.anc.YRI.2way.rand.66,-0.226447455483978,-0.608038131821977,0.240136893699022,20,pearson
ACB,P1.anc.YRI.2way.rand.67,P2.anc.YRI.2way.rand.67,-0.196774502499613,-0.575064647157793,0.250838550443135,20,corsym
ACB,P1.anc.YRI.2way.rand.67,P2.anc.YRI.2way.rand.67,-0.278774470140512,-0.64208535749477,0.18678929222133,20,pearson
ACB,P1.anc.YRI.2way.rand.68,P2.anc.YRI.2way.rand.68,-0.196774502499613,-0.575064647157793,0.250838550443135,20,corsym
ACB,P1.anc.YRI.2way.rand.68,P2.anc.YRI.2way.rand.68,-0.188598732698247,-0.582504365327972,0.277043809615432,20,pearson
ACB,P1.anc.YRI.2way.rand.69,P2.anc.YRI.2way.rand.69,-0.196774502499613,-0.575064647157793,0.250838550443135,20,corsym
ACB,P1.anc.YRI.2way.rand.69,P2.anc.YRI.2way.rand.69,-0.222631120169874,-0.605498825626222,0.24392043422149,20,pearson
ACB,P1.anc.YRI.2way.rand.70,P2.anc.YRI.2way.rand.70,-0.196774502499613,-0.575064647157793,0.250838550443135,20,corsym
ACB,P1.anc.YRI.2way.rand.70,P2.anc.YRI.2way.rand.70,-0.202000589281656,-0.59163540297556,0.264130692516883,20,pearson
ACB,P1.anc.YRI.2way.rand.71,P2.anc.YRI.2way.rand.71,-0.196774502499613,-0.575064647157793,0.250838550443135,20,corsym
ACB,P1.anc.YRI.2way.rand.71,P2.anc.YRI.2way.rand.71,-0.27791377015855,-0.641536690024006,0.187689566419117,20,pearson
ACB,P1.anc.YRI.2way.rand.72,P2.anc.YRI.2way.rand.72,-0.196774502499613,-0.575064647157793,0.250838550443135,20,corsym
ACB,P1.anc.YRI.2way.rand.72,P2.anc.YRI.2way.rand.72,-0.220335971360436,-0.603967920547635,0.24618904156772,20,pearson
ACB,P1.anc.YRI.2way.rand.73,P2.anc.YRI.2way.rand.73,-0.196774502499613,-0.575064647157793,0.250838550443135,20,corsym
ACB,P1.anc.YRI.2way.rand.73,P2.anc.YRI.2way.rand.73,-0.272458378189801,-0.6380503858299,0.193377656953817,20,pearson
ACB,P1.anc.YRI.2way.rand.74,P2.anc.YRI.2way.rand.74,-0.196774502499613,-0.575064647157793,0.250838550443135,20,corsym
ACB,P1.anc.YRI.2way.rand.74,P2.anc.YRI.2way.rand.74,-0.225237593464793,-0.607233960410165,0.241337895696582,20,pearson
ACB,P1.anc.YRI.2way.rand.75,P2.anc.YRI.2way.rand.75,-0.196774502499613,-0.575064647157793,0.250838550443135,20,corsym
ACB,P1.anc.YRI.2way.rand.75,P2.anc.YRI.2way.rand.75,-0.226952183759017,-0.608373383433533,0.23963543903771,20,pearson
ACB,P1.anc.YRI.2way.rand.76,P2.anc.YRI.2way.rand.76,-0.196774502499613,-0.575064647157793,0.250838550443135,20,corsym
ACB,P1.anc.YRI.2way.rand.76,P2.anc.YRI.2way.rand.76,-0.156170838461274,-0.559991272474288,0.307608404163841,20,pearson
ACB,P1.anc.YRI.2way.rand.77,P2.anc.YRI.2way.rand.77,-0.196774502499613,-0.575064647157793,0.250838550443135,20,corsym
ACB,P1.anc.YRI.2way.rand.77,P2.anc.YRI.2way.rand.77,-0.155464783321832,-0.559494368492468,0.308263410990776,20,pearson
ACB,P1.anc.YRI.2way.rand.78,P2.anc.YRI.2way.rand.78,-0.196774502499613,-0.575064647157793,0.250838550443135,20,corsym
ACB,P1.anc.YRI.2way.rand.78,P2.anc.YRI.2way.rand.78,-0.200621303553987,-0.590700251291418,0.265467437785322,20,pearson
ACB,P1.anc.YRI.2way.rand.79,P2.anc.YRI.2way.rand.79,-0.196774502499613,-0.575064647157793,0.250838550443135,20,corsym
ACB,P1.anc.YRI.2way.rand.79,P2.anc.YRI.2way.rand.79,-0.249357035493876,-0.623119300683644,0.217122246502757,20,pearson
ACB,P1.anc.YRI.2way.rand.80,P2.anc.YRI.2way.rand.80,-0.196774502499613,-0.575064647157793,0.250838550443135,20,corsym
ACB,P1.anc.YRI.2way.rand.80,P2.anc.YRI.2way.rand.80,-0.266488274023406,-0.634217896345367,0.199566734490959,20,pearson
ACB,P1.anc.YRI.2way.rand.81,P2.anc.YRI.2way.rand.81,-0.196774502499613,-0.575064647157793,0.250838550443135,20,corsym
ACB,P1.anc.YRI.2way.rand.81,P2.anc.YRI.2way.rand.81,-0.221970423158645,-0.605058419205799,0.244574014620524,20,pearson
ACB,P1.anc.YRI.2way.rand.82,P2.anc.YRI.2way.rand.82,-0.196774502499613,-0.575064647157793,0.250838550443135,20,corsym
ACB,P1.anc.YRI.2way.rand.82,P2.anc.YRI.2way.rand.82,-0.219218690282788,-0.603221648338557,0.247291555409465,20,pearson
ACB,P1.anc.YRI.2way.rand.83,P2.anc.YRI.2way.rand.83,-0.196774502499613,-0.575064647157793,0.250838550443135,20,corsym
ACB,P1.anc.YRI.2way.rand.83,P2.anc.YRI.2way.rand.83,-0.237396619334575,-0.615280389119523,0.229202565660629,20,pearson
ACB,P1.anc.YRI.2way.rand.84,P2.anc.YRI.2way.rand.84,-0.196774502499613,-0.575064647157793,0.250838550443135,20,corsym
ACB,P1.anc.YRI.2way.rand.84,P2.anc.YRI.2way.rand.84,-0.241074491597173,-0.617698866734338,0.225503063988486,20,pearson
ACB,P1.anc.YRI.2way.rand.85,P2.anc.YRI.2way.rand.85,-0.196774502499613,-0.575064647157793,0.250838550443135,20,corsym
ACB,P1.anc.YRI.2way.rand.85,P2.anc.YRI.2way.rand.85,-0.206043035117707,-0.594370143152573,0.260202582699917,20,pearson
ACB,P1.anc.YRI.2way.rand.86,P2.anc.YRI.2way.rand.86,-0.196774502499613,-0.575064647157793,0.250838550443135,20,corsym
ACB,P1.anc.YRI.2way.rand.86,P2.anc.YRI.2way.rand.86,-0.2243052265763,-0.606613700096459,0.242262460626487,20,pearson
ACB,P1.anc.YRI.2way.rand.87,P2.anc.YRI.2way.rand.87,-0.196774502499613,-0.575064647157793,0.250838550443135,20,corsym
ACB,P1.anc.YRI.2way.rand.87,P2.anc.YRI.2way.rand.87,-0.224058968399952,-0.606449798251211,0.242506516754124,20,pearson
ACB,P1.anc.YRI.2way.rand.88,P2.anc.YRI.2way.rand.88,-0.196774502499613,-0.575064647157793,0.250838550443135,20,corsym
ACB,P1.anc.YRI.2way.rand.88,P2.anc.YRI.2way.rand.88,-0.22114684285248,-0.604509109841898,0.245388130669251,20,pearson
ACB,P1.anc.YRI.2way.rand.89,P2.anc.YRI.2way.rand.89,-0.196774502499613,-0.575064647157793,0.250838550443135,20,corsym
ACB,P1.anc.YRI.2way.rand.89,P2.anc.YRI.2way.rand.89,-0.228471147718593,-0.60938149211345,0.238124823463378,20,pearson
ACB,P1.anc.YRI.2way.rand.90,P2.anc.YRI.2way.rand.90,-0.196774502499613,-0.575064647157793,0.250838550443135,20,corsym
ACB,P1.anc.YRI.2way.rand.90,P2.anc.YRI.2way.rand.90,-0.241732558958263,-0.618130845455321,0.224839704335409,20,pearson
ACB,P1.anc.YRI.2way.rand.91,P2.anc.YRI.2way.rand.91,-0.196774502499613,-0.575064647157793,0.250838550443135,20,corsym
ACB,P1.anc.YRI.2way.rand.91,P2.anc.YRI.2way.rand.91,-0.221337593242654,-0.604636368471039,0.245199630844222,20,pearson
ACB,P1.anc.YRI.2way.rand.92,P2.anc.YRI.2way.rand.92,-0.196774502499613,-0.575064647157793,0.250838550443135,20,corsym
ACB,P1.anc.YRI.2way.rand.92,P2.anc.YRI.2way.rand.92,-0.269510587323216,-0.636160321994023,0.196438208362653,20,pearson
ACB,P1.anc.YRI.2way.rand.93,P2.anc.YRI.2way.rand.93,-0.196774502499613,-0.575064647157793,0.250838550443135,20,corsym
ACB,P1.anc.YRI.2way.rand.93,P2.anc.YRI.2way.rand.93,-0.211493921221135,-0.598043536426125,0.254881319726475,20,pearson
ACB,P1.anc.YRI.2way.rand.94,P2.anc.YRI.2way.rand.94,-0.196774502499613,-0.575064647157793,0.250838550443135,20,corsym
ACB,P1.anc.YRI.2way.rand.94,P2.anc.YRI.2way.rand.94,-0.207246879257312,-0.595182819437162,0.259029797930535,20,pearson
ACB,P1.anc.YRI.2way.rand.95,P2.anc.YRI.2way.rand.95,-0.196774502499613,-0.575064647157793,0.250838550443135,20,corsym
ACB,P1.anc.YRI.2way.rand.95,P2.anc.YRI.2way.rand.95,-0.249197461401188,-0.623015207004583,0.217284366310924,20,pearson
ACB,P1.anc.YRI.2way.rand.96,P2.anc.YRI.2way.rand.96,-0.196774502499613,-0.575064647157793,0.250838550443135,20,corsym
ACB,P1.anc.YRI.2way.rand.96,P2.anc.YRI.2way.rand.96,-0.182905827778181,-0.578595318915196,0.282478673696279,20,pearson
ACB,P1.anc.YRI.2way.rand.97,P2.anc.YRI.2way.rand.97,-0.196774502499613,-0.575064647157793,0.250838550443135,20,corsym
ACB,P1.anc.YRI.2way.rand.97,P2.anc.YRI.2way.rand.97,-0.222385394571522,-0.605335057609811,0.244163562528076,20,pearson
ACB,P1.anc.YRI.2way.rand.98,P2.anc.YRI.2way.rand.98,-0.196774502499613,-0.575064647157793,0.250838550443135,20,corsym
ACB,P1.anc.YRI.2way.rand.98,P2.anc.YRI.2way.rand.98,-0.220555527838268,-0.604114491174008,0.245972244963385,20,pearson
ACB,P1.anc.YRI.2way.rand.99,P2.anc.YRI.2way.rand.99,-0.196774502499613,-0.575064647157793,0.250838550443135,20,corsym
ACB,P1.anc.YRI.2way.rand.99,P2.anc.YRI.2way.rand.99,-0.225185456085711,-0.607199288123524,0.24138961916248,20,pearson
ACB,P1.anc.YRI.2way.rand.100,P2.anc.YRI.2way.rand.100,-0.196774502499613,-0.575064647157793,0.250838550443135,20,corsym
ACB,P1.anc.YRI.2way.rand.100,P2.anc.YRI.2way.rand.100,-0.221985556428115,-0.605068509341801,0.244559049099612,20,pearson
ASW,P1.anc.YRI,P2.anc.YRI,0.725717965806621,0.328957613508195,0.904710461000807,13,corsym
ASW,P1.anc.IBS,P2.anc.IBS,0.195240488024986,-0.362865729196282,0.650255609499342,13,corsym
ASW,P1.anc.NAM,P2.anc.NAM,0.992407109712077,0.976075446234471,0.997603777675071,13,corsym
ASW,P1.anc.YRI.2way,P2.anc.YRI.2way,-0.138713322800172,-0.615405118713686,0.412274525345424,13,corsym
ASW,P1.adm.YRI,P2.adm.YRI,0.273402996527896,-0.288953257665861,0.695483981066351,13,corsym
ASW,P1.adm.IBS,P2.adm.IBS,0.351666115778332,-0.207558067803999,0.737650395290304,13,corsym
ASW,P1.adm.NAM,P2.adm.NAM,-0.0661115982623795,-0.567732181280548,0.471310452589825,13,corsym
ASW,P1.anc.YRI,P2.anc.YRI,0.718640315594058,0.277556260042288,0.90949983454789,13,pearson
ASW,P1.anc.IBS,P2.anc.IBS,0.187528825657313,-0.40533831141411,0.669352827363464,13,pearson
ASW,P1.anc.NAM,P2.anc.NAM,0.997004774818724,0.989691788811499,0.999131950062405,13,pearson
ASW,P1.anc.YRI.2way,P2.anc.YRI.2way,0.783959846375295,0.410130602948917,0.932256586870472,13,pearson
ASW,P1.adm.YRI,P2.adm.YRI,0.237832752312057,-0.360377229018659,0.697425745152377,13,pearson
ASW,P1.adm.IBS,P2.adm.IBS,0.329916048071522,-0.270182780894716,0.745402845689585,13,pearson
ASW,P1.adm.NAM,P2.adm.NAM,-0.130300363910669,-0.635650068496439,0.453223476478323,13,pearson
ASW,P1.anc.YRI.2way.rand.1,P2.anc.YRI.2way.rand.1,-0.138713322800172,-0.615405118713686,0.412274525345424,13,corsym
ASW,P1.anc.YRI.2way.rand.1,P2.anc.YRI.2way.rand.1,-0.0882185384631678,-0.609574195611182,0.48640973919672,13,pearson
ASW,P1.anc.YRI.2way.rand.2,P2.anc.YRI.2way.rand.2,-0.138713322800172,-0.615405118713686,0.412274525345424,13,corsym
ASW,P1.anc.YRI.2way.rand.2,P2.anc.YRI.2way.rand.2,-0.175643569086114,-0.662512848635328,0.415558221312932,13,pearson
ASW,P1.anc.YRI.2way.rand.3,P2.anc.YRI.2way.rand.3,-0.138713322800172,-0.615405118713686,0.412274525345424,13,corsym
ASW,P1.anc.YRI.2way.rand.3,P2.anc.YRI.2way.rand.3,-0.159243578079256,-0.65293940779235,0.429419351907669,13,pearson
ASW,P1.anc.YRI.2way.rand.4,P2.anc.YRI.2way.rand.4,-0.138713322800172,-0.615405118713686,0.412274525345424,13,corsym
ASW,P1.anc.YRI.2way.rand.4,P2.anc.YRI.2way.rand.4,-0.170234015231407,-0.659372521887638,0.420160881883386,13,pearson
ASW,P1.anc.YRI.2way.rand.5,P2.anc.YRI.2way.rand.5,-0.138713322800172,-0.615405118713686,0.412274525345424,13,corsym
ASW,P1.anc.YRI.2way.rand.5,P2.anc.YRI.2way.rand.5,-0.192321713969072,-0.672088221395255,0.401174635025053,13,pearson
ASW,P1.anc.YRI.2way.rand.6,P2.anc.YRI.2way.rand.6,-0.138713322800172,-0.615405118713686,0.412274525345424,13,corsym
ASW,P1.anc.YRI.2way.rand.6,P2.anc.YRI.2way.rand.6,-0.154984398639789,-0.6504270513053,0.432974371285878,13,pearson
ASW,P1.anc.YRI.2way.rand.7,P2.anc.YRI.2way.rand.7,-0.138713322800172,-0.615405118713686,0.412274525345424,13,corsym
ASW,P1.anc.YRI.2way.rand.7,P2.anc.YRI.2way.rand.7,-0.13956327845641,-0.641239021392927,0.445694753497795,13,pearson
ASW,P1.anc.YRI.2way.rand.8,P2.anc.YRI.2way.rand.8,-0.138713322800172,-0.615405118713686,0.412274525345424,13,corsym
ASW,P1.anc.YRI.2way.rand.8,P2.anc.YRI.2way.rand.8,-0.183315754486743,-0.666937509352279,0.408978087407428,13,pearson
ASW,P1.anc.YRI.2way.rand.9,P2.anc.YRI.2way.rand.9,-0.138713322800172,-0.615405118713686,0.412274525345424,13,corsym
ASW,P1.anc.YRI.2way.rand.9,P2.anc.YRI.2way.rand.9,-0.180687119555893,-0.665425368756916,0.411239522666868,13,pearson
ASW,P1.anc.YRI.2way.rand.10,P2.anc.YRI.2way.rand.10,-0.138713322800172,-0.615405118713686,0.412274525345424,13,corsym
ASW,P1.anc.YRI.2way.rand.10,P2.anc.YRI.2way.rand.10,-0.191470079224293,-0.671603131736408,0.40191626296615,13,pearson
ASW,P1.anc.YRI.2way.rand.11,P2.anc.YRI.2way.rand.11,-0.138713322800172,-0.615405118713686,0.412274525345424,13,corsym
ASW,P1.anc.YRI.2way.rand.11,P2.anc.YRI.2way.rand.11,-0.181860784445723,-0.666101019635834,0.410230709147346,13,pearson
ASW,P1.anc.YRI.2way.rand.12,P2.anc.YRI.2way.rand.12,-0.138713322800171,-0.615405118713686,0.412274525345424,13,corsym
ASW,P1.anc.YRI.2way.rand.12,P2.anc.YRI.2way.rand.12,-0.146796355860947,-0.645566535762062,0.439757708144228,13,pearson
ASW,P1.anc.YRI.2way.rand.13,P2.anc.YRI.2way.rand.13,-0.138713322800172,-0.615405118713686,0.412274525345424,13,corsym
ASW,P1.anc.YRI.2way.rand.13,P2.anc.YRI.2way.rand.13,-0.194693453971804,-0.673436993481911,0.399105146902329,13,pearson
ASW,P1.anc.YRI.2way.rand.14,P2.anc.YRI.2way.rand.14,-0.138713322800172,-0.615405118713686,0.412274525345424,13,corsym
ASW,P1.anc.YRI.2way.rand.14,P2.anc.YRI.2way.rand.14,-0.170668795979564,-0.659625550962272,0.419792072603799,13,pearson
ASW,P1.anc.YRI.2way.rand.15,P2.anc.YRI.2way.rand.15,-0.138713322800172,-0.615405118713686,0.412274525345424,13,corsym
ASW,P1.anc.YRI.2way.rand.15,P2.anc.YRI.2way.rand.15,-0.13608185518003,-0.639144664200759,0.44853413343761,13,pearson
ASW,P1.anc.YRI.2way.rand.16,P2.anc.YRI.2way.rand.16,-0.138713322800172,-0.615405118713686,0.412274525345424,13,corsym
ASW,P1.anc.YRI.2way.rand.16,P2.anc.YRI.2way.rand.16,-0.182269033683576,-0.666335852832276,0.409879462040837,13,pearson
ASW,P1.anc.YRI.2way.rand.17,P2.anc.YRI.2way.rand.17,-0.138713322800172,-0.615405118713686,0.412274525345424,13,corsym
ASW,P1.anc.YRI.2way.rand.17,P2.anc.YRI.2way.rand.17,-0.128428076435165,-0.63451391587434,0.45473518909158,13,pearson
ASW,P1.anc.YRI.2way.rand.18,P2.anc.YRI.2way.rand.18,-0.138713322800172,-0.615405118713686,0.412274525345424,13,corsym
ASW,P1.anc.YRI.2way.rand.18,P2.anc.YRI.2way.rand.18,0.0131065709700991,-0.54179129203723,0.560047474512223,13,pearson
ASW,P1.anc.YRI.2way.rand.19,P2.anc.YRI.2way.rand.19,-0.138713322800172,-0.615405118713686,0.412274525345424,13,corsym
ASW,P1.anc.YRI.2way.rand.19,P2.anc.YRI.2way.rand.19,-0.187061244397099,-0.669085268497374,0.405743195827447,13,pearson
ASW,P1.anc.YRI.2way.rand.20,P2.anc.YRI.2way.rand.20,-0.138713322800172,-0.615405118713686,0.412274525345424,13,corsym
ASW,P1.anc.YRI.2way.rand.20,P2.anc.YRI.2way.rand.20,-0.14719441395259,-0.645803765703975,0.43942947956057,13,pearson
ASW,P1.anc.YRI.2way.rand.21,P2.anc.YRI.2way.rand.21,-0.138713322800172,-0.615405118713686,0.412274525345424,13,corsym
ASW,P1.anc.YRI.2way.rand.21,P2.anc.YRI.2way.rand.21,-0.178262446839839,-0.664027022611985,0.413319047094145,13,pearson
ASW,P1.anc.YRI.2way.rand.22,P2.anc.YRI.2way.rand.22,-0.138713322800172,-0.615405118713686,0.412274525345424,13,corsym
ASW,P1.anc.YRI.2way.rand.22,P2.anc.YRI.2way.rand.22,-0.173819967932081,-0.661456129780213,0.417113203039012,13,pearson
ASW,P1.anc.YRI.2way.rand.23,P2.anc.YRI.2way.rand.23,-0.138713322800172,-0.615405118713686,0.412274525345424,13,corsym
ASW,P1.anc.YRI.2way.rand.23,P2.anc.YRI.2way.rand.23,-0.169994439123534,-0.65923304856451,0.420364022590475,13,pearson
ASW,P1.anc.YRI.2way.rand.24,P2.anc.YRI.2way.rand.24,-0.138713322800172,-0.615405118713686,0.412274525345424,13,corsym
ASW,P1.anc.YRI.2way.rand.24,P2.anc.YRI.2way.rand.24,-0.155052181254417,-0.6504671192144,0.432917937872636,13,pearson
ASW,P1.anc.YRI.2way.rand.25,P2.anc.YRI.2way.rand.25,-0.138713322800171,-0.615405118713686,0.412274525345424,13,corsym
ASW,P1.anc.YRI.2way.rand.25,P2.anc.YRI.2way.rand.25,-0.117534810277943,-0.627859932628078,0.463464426193159,13,pearson
ASW,P1.anc.YRI.2way.rand.26,P2.anc.YRI.2way.rand.26,-0.138713322800172,-0.615405118713686,0.412274525345424,13,corsym
ASW,P1.anc.YRI.2way.rand.26,P2.anc.YRI.2way.rand.26,-0.17385391471805,-0.66147581856423,0.417084288237133,13,pearson
ASW,P1.anc.YRI.2way.rand.27,P2.anc.YRI.2way.rand.27,-0.138713322800172,-0.615405118713686,0.412274525345424,13,corsym
ASW,P1.anc.YRI.2way.rand.27,P2.anc.YRI.2way.rand.27,-0.179527381874751,-0.664756954346676,0.412234942873779,13,pearson
ASW,P1.anc.YRI.2way.rand.28,P2.anc.YRI.2way.rand.28,-0.138713322800172,-0.615405118713686,0.412274525345424,13,corsym
ASW,P1.anc.YRI.2way.rand.28,P2.anc.YRI.2way.rand.28,-0.180493038138517,-0.665313564131758,0.411406204072133,13,pearson
ASW,P1.anc.YRI.2way.rand.29,P2.anc.YRI.2way.rand.29,-0.138713322800172,-0.615405118713686,0.412274525345424,13,corsym
ASW,P1.anc.YRI.2way.rand.29,P2.anc.YRI.2way.rand.29,-0.18344346167153,-0.667010872472932,0.408868034296747,13,pearson
ASW,P1.anc.YRI.2way.rand.30,P2.anc.YRI.2way.rand.30,-0.138713322800172,-0.615405118713686,0.412274525345424,13,corsym
ASW,P1.anc.YRI.2way.rand.30,P2.anc.YRI.2way.rand.30,-0.177997553947087,-0.663874048627419,0.413545859628595,13,pearson
ASW,P1.anc.YRI.2way.rand.31,P2.anc.YRI.2way.rand.31,-0.138713322800172,-0.615405118713686,0.412274525345424,13,corsym
ASW,P1.anc.YRI.2way.rand.31,P2.anc.YRI.2way.rand.31,-0.181767714860026,-0.666047470691459,0.410310759236688,13,pearson
ASW,P1.anc.YRI.2way.rand.32,P2.anc.YRI.2way.rand.32,-0.138713322800172,-0.615405118713686,0.412274525345424,13,corsym
ASW,P1.anc.YRI.2way.rand.32,P2.anc.YRI.2way.rand.32,-0.189886239220727,-0.67069988329934,0.40329344912476,13,pearson
ASW,P1.anc.YRI.2way.rand.33,P2.anc.YRI.2way.rand.33,-0.138713322800172,-0.615405118713686,0.412274525345424,13,corsym
ASW,P1.anc.YRI.2way.rand.33,P2.anc.YRI.2way.rand.33,-0.195922683188607,-0.67413478542021,0.398030183666498,13,pearson
ASW,P1.anc.YRI.2way.rand.34,P2.anc.YRI.2way.rand.34,-0.138713322800172,-0.615405118713686,0.412274525345424,13,corsym
ASW,P1.anc.YRI.2way.rand.34,P2.anc.YRI.2way.rand.34,-0.195462686546468,-0.673873760765505,0.398432642659039,13,pearson
ASW,P1.anc.YRI.2way.rand.35,P2.anc.YRI.2way.rand.35,-0.138713322800172,-0.615405118713686,0.412274525345424,13,corsym
ASW,P1.anc.YRI.2way.rand.35,P2.anc.YRI.2way.rand.35,-0.120130181393925,-0.629452073194361,0.461394827819052,13,pearson
ASW,P1.anc.YRI.2way.rand.36,P2.anc.YRI.2way.rand.36,-0.138713322800172,-0.615405118713686,0.412274525345424,13,corsym
ASW,P1.anc.YRI.2way.rand.36,P2.anc.YRI.2way.rand.36,-0.130863927877916,-0.635991625619317,0.452767788431729,13,pearson
ASW,P1.anc.YRI.2way.rand.37,P2.anc.YRI.2way.rand.37,-0.138713322800172,-0.615405118713686,0.412274525345424,13,corsym
ASW,P1.anc.YRI.2way.rand.37,P2.anc.YRI.2way.rand.37,-0.177834903224784,-0.663780098702747,0.413685091707142,13,pearson
ASW,P1.anc.YRI.2way.rand.38,P2.anc.YRI.2way.rand.38,-0.138713322800172,-0.615405118713686,0.412274525345424,13,corsym
ASW,P1.anc.YRI.2way.rand.38,P2.anc.YRI.2way.rand.38,-0.176094348985698,-0.662773762859067,0.415173308586102,13,pearson
ASW,P1.anc.YRI.2way.rand.39,P2.anc.YRI.2way.rand.39,-0.138713322800172,-0.615405118713686,0.412274525345424,13,corsym
ASW,P1.anc.YRI.2way.rand.39,P2.anc.YRI.2way.rand.39,-0.180366920962854,-0.665240900058403,0.411514495068877,13,pearson
ASW,P1.anc.YRI.2way.rand.40,P2.anc.YRI.2way.rand.40,-0.138713322800172,-0.615405118713686,0.412274525345424,13,corsym
ASW,P1.anc.YRI.2way.rand.40,P2.anc.YRI.2way.rand.40,-0.177650559761044,-0.663673600125426,0.413842859737111,13,pearson
ASW,P1.anc.YRI.2way.rand.41,P2.anc.YRI.2way.rand.41,-0.138713322800172,-0.615405118713686,0.412274525345424,13,corsym
ASW,P1.anc.YRI.2way.rand.41,P2.anc.YRI.2way.rand.41,-0.181910887745533,-0.666129845233646,0.410187611015604,13,pearson
ASW,P1.anc.YRI.2way.rand.42,P2.anc.YRI.2way.rand.42,-0.138713322800172,-0.615405118713686,0.412274525345424,13,corsym
ASW,P1.anc.YRI.2way.rand.42,P2.anc.YRI.2way.rand.42,-0.197315033476266,-0.6749241459542,0.39681059743322,13,pearson
ASW,P1.anc.YRI.2way.rand.43,P2.anc.YRI.2way.rand.43,-0.138713322800172,-0.615405118713686,0.412274525345424,13,corsym
ASW,P1.anc.YRI.2way.rand.43,P2.anc.YRI.2way.rand.43,-0.159504562094025,-0.653093001648334,0.429200920958051,13,pearson
ASW,P1.anc.YRI.2way.rand.44,P2.anc.YRI.2way.rand.44,-0.138713322800172,-0.615405118713686,0.412274525345424,13,corsym
ASW,P1.anc.YRI.2way.rand.44,P2.anc.YRI.2way.rand.44,-0.0951047250102431,-0.613919826582782,0.481090338918467,13,pearson
ASW,P1.anc.YRI.2way.rand.45,P2.anc.YRI.2way.rand.45,-0.138713322800172,-0.615405118713686,0.412274525345424,13,corsym
ASW,P1.anc.YRI.2way.rand.45,P2.anc.YRI.2way.rand.45,-0.143203394122603,-0.643420880699232,0.442713300102384,13,pearson
ASW,P1.anc.YRI.2way.rand.46,P2.anc.YRI.2way.rand.46,-0.138713322800172,-0.615405118713686,0.412274525345424,13,corsym
ASW,P1.anc.YRI.2way.rand.46,P2.anc.YRI.2way.rand.46,-0.155405918167124,-0.650676176748777,0.432623354195353,13,pearson
ASW,P1.anc.YRI.2way.rand.47,P2.anc.YRI.2way.rand.47,-0.138713322800172,-0.615405118713686,0.412274525345424,13,corsym
ASW,P1.anc.YRI.2way.rand.47,P2.anc.YRI.2way.rand.47,-0.168119027134977,-0.658140080999306,0.421952174433093,13,pearson
ASW,P1.anc.YRI.2way.rand.48,P2.anc.YRI.2way.rand.48,-0.138713322800172,-0.615405118713686,0.412274525345424,13,corsym
ASW,P1.anc.YRI.2way.rand.48,P2.anc.YRI.2way.rand.48,-0.0826733654280678,-0.606051906639589,0.49066250126225,13,pearson
ASW,P1.anc.YRI.2way.rand.49,P2.anc.YRI.2way.rand.49,-0.138713322800172,-0.615405118713686,0.412274525345424,13,corsym
ASW,P1.anc.YRI.2way.rand.49,P2.anc.YRI.2way.rand.49,-0.14499529908447,-0.644491958931781,0.441240858063512,13,pearson
ASW,P1.anc.YRI.2way.rand.50,P2.anc.YRI.2way.rand.50,-0.138713322800171,-0.615405118713686,0.412274525345424,13,corsym
ASW,P1.anc.YRI.2way.rand.50,P2.anc.YRI.2way.rand.50,0.261287153262453,-0.338418730234339,0.710049857060245,13,pearson
ASW,P1.anc.YRI.2way.rand.51,P2.anc.YRI.2way.rand.51,-0.138713322800172,-0.615405118713686,0.412274525345424,13,corsym
ASW,P1.anc.YRI.2way.rand.51,P2.anc.YRI.2way.rand.51,-0.153645637497938,-0.649635112447835,0.434088032882683,13,pearson
ASW,P1.anc.YRI.2way.rand.52,P2.anc.YRI.2way.rand.52,-0.138713322800172,-0.615405118713686,0.412274525345424,13,corsym
ASW,P1.anc.YRI.2way.rand.52,P2.anc.YRI.2way.rand.52,-0.158450159609429,-0.652472217049276,0.430082981955815,13,pearson
ASW,P1.anc.YRI.2way.rand.53,P2.anc.YRI.2way.rand.53,-0.138713322800172,-0.615405118713686,0.412274525345424,13,corsym
ASW,P1.anc.YRI.2way.rand.53,P2.anc.YRI.2way.rand.53,-0.190849350365933,-0.671249306127129,0.402456321392446,13,pearson
ASW,P1.anc.YRI.2way.rand.54,P2.anc.YRI.2way.rand.54,-0.138713322800172,-0.615405118713686,0.412274525345424,13,corsym
ASW,P1.anc.YRI.2way.rand.54,P2.anc.YRI.2way.rand.54,-0.1659994882543,-0.656902348097673,0.423742711261013,13,pearson
ASW,P1.anc.YRI.2way.rand.55,P2.anc.YRI.2way.rand.55,-0.138713322800172,-0.615405118713686,0.412274525345424,13,corsym
ASW,P1.anc.YRI.2way.rand.55,P2.anc.YRI.2way.rand.55,-0.204394031238169,-0.678920582454475,0.390577352942663,13,pearson
ASW,P1.anc.YRI.2way.rand.56,P2.anc.YRI.2way.rand.56,-0.138713322800172,-0.615405118713686,0.412274525345424,13,corsym
ASW,P1.anc.YRI.2way.rand.56,P2.anc.YRI.2way.rand.56,-0.163378613481047,-0.655368186074798,0.425950409964175,13,pearson
ASW,P1.anc.YRI.2way.rand.57,P2.anc.YRI.2way.rand.57,-0.138713322800172,-0.615405118713686,0.412274525345424,13,corsym
ASW,P1.anc.YRI.2way.rand.57,P2.anc.YRI.2way.rand.57,-0.201518473234867,-0.677300575012754,0.393115954369592,13,pearson
ASW,P1.anc.YRI.2way.rand.58,P2.anc.YRI.2way.rand.58,-0.138713322800172,-0.615405118713686,0.412274525345424,13,corsym
ASW,P1.anc.YRI.2way.rand.58,P2.anc.YRI.2way.rand.58,-0.000434815787920349,-0.551288041833913,0.550682417154002,13,pearson
ASW,P1.anc.YRI.2way.rand.59,P2.anc.YRI.2way.rand.59,-0.138713322800172,-0.615405118713686,0.412274525345424,13,corsym
ASW,P1.anc.YRI.2way.rand.59,P2.anc.YRI.2way.rand.59,-0.0314254045497939,-0.572497941365688,0.528714556203316,13,pearson
ASW,P1.anc.YRI.2way.rand.60,P2.anc.YRI.2way.rand.60,-0.138713322800172,-0.615405118713686,0.412274525345424,13,corsym
ASW,P1.anc.YRI.2way.rand.60,P2.anc.YRI.2way.rand.60,-0.143233419126838,-0.643438843741185,0.442688653994295,13,pearson
ASW,P1.anc.YRI.2way.rand.61,P2.anc.YRI.2way.rand.61,-0.138713322800172,-0.615405118713686,0.412274525345424,13,corsym
ASW,P1.anc.YRI.2way.rand.61,P2.anc.YRI.2way.rand.61,-0.1620299273762,-0.654577130508508,0.427083749843626,13,pearson
ASW,P1.anc.YRI.2way.rand.62,P2.anc.YRI.2way.rand.62,-0.138713322800172,-0.615405118713686,0.412274525345424,13,corsym
ASW,P1.anc.YRI.2way.rand.62,P2.anc.YRI.2way.rand.62,-0.101050850424462,-0.617647086227906,0.476462720630834,13,pearson
ASW,P1.anc.YRI.2way.rand.63,P2.anc.YRI.2way.rand.63,-0.138713322800172,-0.615405118713686,0.412274525345424,13,corsym
ASW,P1.anc.YRI.2way.rand.63,P2.anc.YRI.2way.rand.63,-0.19972392563057,-0.676287234467426,0.394695637064989,13,pearson
ASW,P1.anc.YRI.2way.rand.64,P2.anc.YRI.2way.rand.64,-0.138713322800172,-0.615405118713686,0.412274525345424,13,corsym
ASW,P1.anc.YRI.2way.rand.64,P2.anc.YRI.2way.rand.64,-0.181411038473174,-0.665842205494225,0.410617455730449,13,pearson
ASW,P1.anc.YRI.2way.rand.65,P2.anc.YRI.2way.rand.65,-0.138713322800172,-0.615405118713686,0.412274525345424,13,corsym
ASW,P1.anc.YRI.2way.rand.65,P2.anc.YRI.2way.rand.65,-0.198149273747804,-0.675396575911143,0.396078864093018,13,pearson
ASW,P1.anc.YRI.2way.rand.66,P2.anc.YRI.2way.rand.66,-0.138713322800172,-0.615405118713686,0.412274525345424,13,corsym
ASW,P1.anc.YRI.2way.rand.66,P2.anc.YRI.2way.rand.66,-0.107490876818537,-0.621657932521961,0.471414361886754,13,pearson
ASW,P1.anc.YRI.2way.rand.67,P2.anc.YRI.2way.rand.67,-0.138713322800172,-0.615405118713686,0.412274525345424,13,corsym
ASW,P1.anc.YRI.2way.rand.67,P2.anc.YRI.2way.rand.67,-0.156183518131023,-0.651135472403026,0.431975345794172,13,pearson
ASW,P1.anc.YRI.2way.rand.68,P2.anc.YRI.2way.rand.68,-0.138713322800172,-0.615405118713686,0.412274525345424,13,corsym
ASW,P1.anc.YRI.2way.rand.68,P2.anc.YRI.2way.rand.68,-0.182275915580858,-0.666339810615588,0.409873539528531,13,pearson
ASW,P1.anc.YRI.2way.rand.69,P2.anc.YRI.2way.rand.69,-0.138713322800172,-0.615405118713686,0.412274525345424,13,corsym
ASW,P1.anc.YRI.2way.rand.69,P2.anc.YRI.2way.rand.69,-0.171335584124052,-0.660013386023443,0.419226080491702,13,pearson
ASW,P1.anc.YRI.2way.rand.70,P2.anc.YRI.2way.rand.70,-0.138713322800172,-0.615405118713686,0.412274525345424,13,corsym
ASW,P1.anc.YRI.2way.rand.70,P2.anc.YRI.2way.rand.70,-0.191494381901898,-0.671616980206946,0.40189511028333,13,pearson
ASW,P1.anc.YRI.2way.rand.71,P2.anc.YRI.2way.rand.71,-0.138713322800172,-0.615405118713686,0.412274525345424,13,corsym
ASW,P1.anc.YRI.2way.rand.71,P2.anc.YRI.2way.rand.71,-0.180577985629143,-0.665362502571581,0.411333254163667,13,pearson
ASW,P1.anc.YRI.2way.rand.72,P2.anc.YRI.2way.rand.72,-0.138713322800172,-0.615405118713686,0.412274525345424,13,corsym
ASW,P1.anc.YRI.2way.rand.72,P2.anc.YRI.2way.rand.72,-0.148674005364524,-0.646684711861159,0.438208071278249,13,pearson
ASW,P1.anc.YRI.2way.rand.73,P2.anc.YRI.2way.rand.73,-0.138713322800172,-0.615405118713686,0.412274525345424,13,corsym
ASW,P1.anc.YRI.2way.rand.73,P2.anc.YRI.2way.rand.73,-0.159639049639256,-0.653172134171244,0.429088334520044,13,pearson
ASW,P1.anc.YRI.2way.rand.74,P2.anc.YRI.2way.rand.74,-0.138713322800172,-0.615405118713686,0.412274525345424,13,corsym
ASW,P1.anc.YRI.2way.rand.74,P2.anc.YRI.2way.rand.74,-0.167442936288666,-0.657745556242325,0.422523820562713,13,pearson
ASW,P1.anc.YRI.2way.rand.75,P2.anc.YRI.2way.rand.75,-0.138713322800172,-0.615405118713686,0.412274525345424,13,corsym
ASW,P1.anc.YRI.2way.rand.75,P2.anc.YRI.2way.rand.75,-0.1783960045474,-0.664104135933193,0.413204661475004,13,pearson
ASW,P1.anc.YRI.2way.rand.76,P2.anc.YRI.2way.rand.76,-0.138713322800172,-0.615405118713686,0.412274525345424,13,corsym
ASW,P1.anc.YRI.2way.rand.76,P2.anc.YRI.2way.rand.76,-0.131246631631,-0.636223456687728,0.452458166900111,13,pearson
ASW,P1.anc.YRI.2way.rand.77,P2.anc.YRI.2way.rand.77,-0.138713322800172,-0.615405118713686,0.412274525345424,13,corsym
ASW,P1.anc.YRI.2way.rand.77,P2.anc.YRI.2way.rand.77,-0.174468584500428,-0.661832204434521,0.416560524891114,13,pearson
ASW,P1.anc.YRI.2way.rand.78,P2.anc.YRI.2way.rand.78,-0.138713322800172,-0.615405118713686,0.412274525345424,13,corsym
ASW,P1.anc.YRI.2way.rand.78,P2.anc.YRI.2way.rand.78,-0.151209887642714,-0.648191488159439,0.436109638428736,13,pearson
ASW,P1.anc.YRI.2way.rand.79,P2.anc.YRI.2way.rand.79,-0.138713322800172,-0.615405118713686,0.412274525345424,13,corsym
ASW,P1.anc.YRI.2way.rand.79,P2.anc.YRI.2way.rand.79,-0.111117445008493,-0.623904753153784,0.468554686153242,13,pearson
ASW,P1.anc.YRI.2way.rand.80,P2.anc.YRI.2way.rand.80,-0.138713322800172,-0.615405118713686,0.412274525345424,13,corsym
ASW,P1.anc.YRI.2way.rand.80,P2.anc.YRI.2way.rand.80,-0.169878890092676,-0.65916576768679,0.42046197745281,13,pearson
ASW,P1.anc.YRI.2way.rand.81,P2.anc.YRI.2way.rand.81,-0.138713322800172,-0.615405118713686,0.412274525345424,13,corsym
ASW,P1.anc.YRI.2way.rand.81,P2.anc.YRI.2way.rand.81,-0.171600663204259,-0.660167496044958,0.419000944896081,13,pearson
ASW,P1.anc.YRI.2way.rand.82,P2.anc.YRI.2way.rand.82,-0.138713322800171,-0.615405118713686,0.412274525345424,13,corsym
ASW,P1.anc.YRI.2way.rand.82,P2.anc.YRI.2way.rand.82,-0.211010820202908,-0.682630826998324,0.384701345394349,13,pearson
ASW,P1.anc.YRI.2way.rand.83,P2.anc.YRI.2way.rand.83,-0.138713322800172,-0.615405118713686,0.412274525345424,13,corsym
ASW,P1.anc.YRI.2way.rand.83,P2.anc.YRI.2way.rand.83,-0.179432197841921,-0.66470206054302,0.412316578066584,13,pearson
ASW,P1.anc.YRI.2way.rand.84,P2.anc.YRI.2way.rand.84,-0.138713322800172,-0.615405118713686,0.412274525345424,13,corsym
ASW,P1.anc.YRI.2way.rand.84,P2.anc.YRI.2way.rand.84,-0.18216441706487,-0.666275684392195,0.40996948821755,13,pearson
ASW,P1.anc.YRI.2way.rand.85,P2.anc.YRI.2way.rand.85,-0.138713322800172,-0.615405118713686,0.412274525345424,13,corsym
ASW,P1.anc.YRI.2way.rand.85,P2.anc.YRI.2way.rand.85,-0.210396815513555,-0.682287555424863,0.385248649207706,13,pearson
ASW,P1.anc.YRI.2way.rand.86,P2.anc.YRI.2way.rand.86,-0.138713322800172,-0.615405118713686,0.412274525345424,13,corsym
ASW,P1.anc.YRI.2way.rand.86,P2.anc.YRI.2way.rand.86,-0.179868400474911,-0.66495358096633,0.411942388069368,13,pearson
ASW,P1.anc.YRI.2way.rand.87,P2.anc.YRI.2way.rand.87,-0.138713322800172,-0.615405118713686,0.412274525345424,13,corsym
ASW,P1.anc.YRI.2way.rand.87,P2.anc.YRI.2way.rand.87,-0.178979260096307,-0.664440773961051,0.412704912858469,13,pearson
ASW,P1.anc.YRI.2way.rand.88,P2.anc.YRI.2way.rand.88,-0.138713322800172,-0.615405118713686,0.412274525345424,13,corsym
ASW,P1.anc.YRI.2way.rand.88,P2.anc.YRI.2way.rand.88,-0.167654849378482,-0.657869244552761,0.422344694986589,13,pearson
ASW,P1.anc.YRI.2way.rand.89,P2.anc.YRI.2way.rand.89,-0.138713322800172,-0.615405118713686,0.412274525345424,13,corsym
ASW,P1.anc.YRI.2way.rand.89,P2.anc.YRI.2way.rand.89,-0.118391072523869,-0.628385682563684,0.462782326297622,13,pearson
ASW,P1.anc.YRI.2way.rand.90,P2.anc.YRI.2way.rand.90,-0.138713322800172,-0.615405118713686,0.412274525345424,13,corsym
ASW,P1.anc.YRI.2way.rand.90,P2.anc.YRI.2way.rand.90,-0.174821979933523,-0.662037003608115,0.416259217048294,13,pearson
ASW,P1.anc.YRI.2way.rand.91,P2.anc.YRI.2way.rand.91,-0.138713322800172,-0.615405118713686,0.412274525345424,13,corsym
ASW,P1.anc.YRI.2way.rand.91,P2.anc.YRI.2way.rand.91,-0.174055105277857,-0.661592493208779,0.416912895905232,13,pearson
ASW,P1.anc.YRI.2way.rand.92,P2.anc.YRI.2way.rand.92,-0.138713322800172,-0.615405118713686,0.412274525345424,13,corsym
ASW,P1.anc.YRI.2way.rand.92,P2.anc.YRI.2way.rand.92,-0.171910368086176,-0.660347498247715,0.418737815925767,13,pearson
ASW,P1.anc.YRI.2way.rand.93,P2.anc.YRI.2way.rand.93,-0.138713322800172,-0.615405118713686,0.412274525345424,13,corsym
ASW,P1.anc.YRI.2way.rand.93,P2.anc.YRI.2way.rand.93,-0.110719238608317,-0.623658460145526,0.468869280636773,13,pearson
ASW,P1.anc.YRI.2way.rand.94,P2.anc.YRI.2way.rand.94,-0.138713322800172,-0.615405118713686,0.412274525345424,13,corsym
ASW,P1.anc.YRI.2way.rand.94,P2.anc.YRI.2way.rand.94,-0.19473792437094,-0.673462252708853,0.399066285893333,13,pearson
ASW,P1.anc.YRI.2way.rand.95,P2.anc.YRI.2way.rand.95,-0.138713322800172,-0.615405118713686,0.412274525345424,13,corsym
ASW,P1.anc.YRI.2way.rand.95,P2.anc.YRI.2way.rand.95,-0.173429639734074,-0.661229695164805,0.417445586357685,13,pearson
ASW,P1.anc.YRI.2way.rand.96,P2.anc.YRI.2way.rand.96,-0.138713322800172,-0.615405118713686,0.412274525345424,13,corsym
ASW,P1.anc.YRI.2way.rand.96,P2.anc.YRI.2way.rand.96,-0.123141261612989,-0.631293888677513,0.458985778060757,13,pearson
ASW,P1.anc.YRI.2way.rand.97,P2.anc.YRI.2way.rand.97,-0.138713322800172,-0.615405118713686,0.412274525345424,13,corsym
ASW,P1.anc.YRI.2way.rand.97,P2.anc.YRI.2way.rand.97,-0.147123447292692,-0.645761478886175,0.439488008340789,13,pearson
ASW,P1.anc.YRI.2way.rand.98,P2.anc.YRI.2way.rand.98,-0.138713322800172,-0.615405118713686,0.412274525345424,13,corsym
ASW,P1.anc.YRI.2way.rand.98,P2.anc.YRI.2way.rand.98,-0.161262162874609,-0.654126325217084,0.427728098796702,13,pearson
ASW,P1.anc.YRI.2way.rand.99,P2.anc.YRI.2way.rand.99,-0.138713322800172,-0.615405118713686,0.412274525345424,13,corsym
ASW,P1.anc.YRI.2way.rand.99,P2.anc.YRI.2way.rand.99,-0.131300024932635,-0.636255793586549,0.452414958549597,13,pearson
ASW,P1.anc.YRI.2way.rand.100,P2.anc.YRI.2way.rand.100,-0.138713322800172,-0.615405118713686,0.412274525345424,13,corsym
ASW,P1.anc.YRI.2way.rand.100,P2.anc.YRI.2way.rand.100,-0.169854925993984,-0.659151813100461,0.420482290915382,13,pearson
CLM,P1.anc.YRI,P2.anc.YRI,0.164590713573268,-0.170836895591162,0.465830330563901,35,corsym
CLM,P1.anc.IBS,P2.anc.IBS,0.0610117484040771,-0.270629158968508,0.379707494187257,35,corsym
CLM,P1.anc.NAM,P2.anc.NAM,0.105337930790664,-0.22877842437915,0.41725220580365,35,corsym
CLM,P1.anc.YRI.2way,P2.anc.YRI.2way,-0.114004915833347,-0.424470858073594,0.220448514644682,35,corsym
CLM,P1.adm.YRI,P2.adm.YRI,0.025569970855321,-0.303213474458168,0.348913177457283,35,corsym
CLM,P1.adm.IBS,P2.adm.IBS,0.278831158075725,-0.0521685489628793,0.554630497991284,35,corsym
CLM,P1.adm.NAM,P2.adm.NAM,0.271908299605789,-0.0596360277016657,0.549422353931763,35,corsym
CLM,P1.anc.YRI,P2.anc.YRI,0.150767113917398,-0.192132679815564,0.460858900007774,35,pearson
CLM,P1.anc.IBS,P2.anc.IBS,0.141765828338943,-0.200975391081308,0.453583729281649,35,pearson
CLM,P1.anc.NAM,P2.anc.NAM,0.186650290139721,-0.156319409917432,0.489452606416804,35,pearson
CLM,P1.anc.YRI.2way,P2.anc.YRI.2way,-0.0341952631181869,-0.363301818777932,0.302498387684426,35,pearson
CLM,P1.adm.YRI,P2.adm.YRI,0.038158153319388,-0.298889086607404,0.366741190227677,35,pearson
CLM,P1.adm.IBS,P2.adm.IBS,0.277813885602238,-0.0610882398067574,0.559281829051993,35,pearson
CLM,P1.adm.NAM,P2.adm.NAM,0.262097812186146,-0.0779578167978913,0.547522035439998,35,pearson
CLM,P1.anc.YRI.2way.rand.1,P2.anc.YRI.2way.rand.1,-0.114004915833347,-0.424470858073594,0.220448514644682,35,corsym
CLM,P1.anc.YRI.2way.rand.1,P2.anc.YRI.2way.rand.1,-0.129640671872943,-0.443717593221507,0.212799292839451,35,pearson
CLM,P1.anc.YRI.2way.rand.2,P2.anc.YRI.2way.rand.2,-0.114004915833347,-0.424470858073594,0.220448514644682,35,corsym
CLM,P1.anc.YRI.2way.rand.2,P2.anc.YRI.2way.rand.2,-0.117844922327932,-0.434045872114017,0.224206529484731,35,pearson
CLM,P1.anc.YRI.2way.rand.3,P2.anc.YRI.2way.rand.3,-0.114004915833347,-0.424470858073594,0.220448514644682,35,corsym
CLM,P1.anc.YRI.2way.rand.3,P2.anc.YRI.2way.rand.3,-0.116184582657,-0.432678628192575,0.225804693003821,35,pearson
CLM,P1.anc.YRI.2way.rand.4,P2.anc.YRI.2way.rand.4,-0.114004915833347,-0.424470858073594,0.220448514644682,35,corsym
CLM,P1.anc.YRI.2way.rand.4,P2.anc.YRI.2way.rand.4,-0.117205260300629,-0.433519300508954,0.224822455481573,35,pearson
CLM,P1.anc.YRI.2way.rand.5,P2.anc.YRI.2way.rand.5,-0.114004915833347,-0.424470858073594,0.220448514644682,35,corsym
CLM,P1.anc.YRI.2way.rand.5,P2.anc.YRI.2way.rand.5,-0.112806585860686,-0.429892439744587,0.229050518544709,35,pearson
CLM,P1.anc.YRI.2way.rand.6,P2.anc.YRI.2way.rand.6,-0.114004915833347,-0.424470858073594,0.220448514644682,35,corsym
CLM,P1.anc.YRI.2way.rand.6,P2.anc.YRI.2way.rand.6,-0.124647135125644,-0.439632140026148,0.217639780037147,35,pearson
CLM,P1.anc.YRI.2way.rand.7,P2.anc.YRI.2way.rand.7,-0.114004915833347,-0.424470858073594,0.220448514644682,35,corsym
CLM,P1.anc.YRI.2way.rand.7,P2.anc.YRI.2way.rand.7,-0.124859718978164,-0.439806331160732,0.217434054348956,35,pearson
CLM,P1.anc.YRI.2way.rand.8,P2.anc.YRI.2way.rand.8,-0.114004915833347,-0.424470858073594,0.220448514644682,35,corsym
CLM,P1.anc.YRI.2way.rand.8,P2.anc.YRI.2way.rand.8,-0.0760286149390189,-0.399161884925246,0.263904280576733,35,pearson
CLM,P1.anc.YRI.2way.rand.9,P2.anc.YRI.2way.rand.9,-0.114004915833347,-0.424470858073594,0.220448514644682,35,corsym
CLM,P1.anc.YRI.2way.rand.9,P2.anc.YRI.2way.rand.9,-0.0952734518547624,-0.415333350025234,0.245776381891644,35,pearson
CLM,P1.anc.YRI.2way.rand.10,P2.anc.YRI.2way.rand.10,-0.114004915833347,-0.424470858073594,0.220448514644682,35,corsym
CLM,P1.anc.YRI.2way.rand.10,P2.anc.YRI.2way.rand.10,-0.115443591077012,-0.432067971862182,0.226517342443142,35,pearson
CLM,P1.anc.YRI.2way.rand.11,P2.anc.YRI.2way.rand.11,-0.114004915833347,-0.424470858073594,0.220448514644682,35,corsym
CLM,P1.anc.YRI.2way.rand.11,P2.anc.YRI.2way.rand.11,-0.0415643682870525,-0.369690265653901,0.295779065979868,35,pearson
CLM,P1.anc.YRI.2way.rand.12,P2.anc.YRI.2way.rand.12,-0.114004915833347,-0.424470858073594,0.220448514644682,35,corsym
CLM,P1.anc.YRI.2way.rand.12,P2.anc.YRI.2way.rand.12,-0.132849348548077,-0.446335894991685,0.209680065121111,35,pearson
CLM,P1.anc.YRI.2way.rand.13,P2.anc.YRI.2way.rand.13,-0.114004915833347,-0.424470858073594,0.220448514644682,35,corsym
CLM,P1.anc.YRI.2way.rand.13,P2.anc.YRI.2way.rand.13,-0.106773956247587,-0.424901628964419,0.234828259651155,35,pearson
CLM,P1.anc.YRI.2way.rand.14,P2.anc.YRI.2way.rand.14,-0.114004915833347,-0.424470858073594,0.220448514644682,35,corsym
CLM,P1.anc.YRI.2way.rand.14,P2.anc.YRI.2way.rand.14,-0.0865661444063549,-0.408041559709749,0.254007989224731,35,pearson
CLM,P1.anc.YRI.2way.rand.15,P2.anc.YRI.2way.rand.15,-0.114004915833347,-0.424470858073594,0.220448514644682,35,corsym
CLM,P1.anc.YRI.2way.rand.15,P2.anc.YRI.2way.rand.15,-0.0631541210497601,-0.388230018334301,0.275898963468013,35,pearson
CLM,P1.anc.YRI.2way.rand.16,P2.anc.YRI.2way.rand.16,-0.114004915833347,-0.424470858073594,0.220448514644682,35,corsym
CLM,P1.anc.YRI.2way.rand.16,P2.anc.YRI.2way.rand.16,-0.123603413264833,-0.438776570814021,0.218649389369816,35,pearson
CLM,P1.anc.YRI.2way.rand.17,P2.anc.YRI.2way.rand.17,-0.114004915833347,-0.424470858073594,0.220448514644682,35,corsym
CLM,P1.anc.YRI.2way.rand.17,P2.anc.YRI.2way.rand.17,-0.12513038943751,-0.440028084153194,0.217172071966202,35,pearson
CLM,P1.anc.YRI.2way.rand.18,P2.anc.YRI.2way.rand.18,-0.114004915833347,-0.424470858073594,0.220448514644682,35,corsym
CLM,P1.anc.YRI.2way.rand.18,P2.anc.YRI.2way.rand.18,-0.126872171298656,-0.441454160777064,0.215485017906762,35,pearson
CLM,P1.anc.YRI.2way.rand.19,P2.anc.YRI.2way.rand.19,-0.114004915833347,-0.424470858073594,0.220448514644682,35,corsym
CLM,P1.anc.YRI.2way.rand.19,P2.anc.YRI.2way.rand.19,-0.131615692878111,-0.445329858379718,0.210880155438447,35,pearson
CLM,P1.anc.YRI.2way.rand.20,P2.anc.YRI.2way.rand.20,-0.114004915833347,-0.424470858073594,0.220448514644682,35,corsym
CLM,P1.anc.YRI.2way.rand.20,P2.anc.YRI.2way.rand.20,-0.0969759324630429,-0.416754273186382,0.244161141937396,35,pearson
CLM,P1.anc.YRI.2way.rand.21,P2.anc.YRI.2way.rand.21,-0.114004915833347,-0.424470858073594,0.220448514644682,35,corsym
CLM,P1.anc.YRI.2way.rand.21,P2.anc.YRI.2way.rand.21,-0.130021071021768,-0.444028281902057,0.212429862480279,35,pearson
CLM,P1.anc.YRI.2way.rand.22,P2.anc.YRI.2way.rand.22,-0.114004915833347,-0.424470858073594,0.220448514644682,35,corsym
CLM,P1.anc.YRI.2way.rand.22,P2.anc.YRI.2way.rand.22,-0.139280977861457,-0.451568035151761,0.203406667777644,35,pearson
CLM,P1.anc.YRI.2way.rand.23,P2.anc.YRI.2way.rand.23,-0.114004915833347,-0.424470858073594,0.220448514644682,35,corsym
CLM,P1.anc.YRI.2way.rand.23,P2.anc.YRI.2way.rand.23,-0.124747891493013,-0.439714702712299,0.21754227796064,35,pearson
CLM,P1.anc.YRI.2way.rand.24,P2.anc.YRI.2way.rand.24,-0.114004915833347,-0.424470858073594,0.220448514644682,35,corsym
CLM,P1.anc.YRI.2way.rand.24,P2.anc.YRI.2way.rand.24,-0.126054604208298,-0.440784978988527,0.21627715114869,35,pearson
CLM,P1.anc.YRI.2way.rand.25,P2.anc.YRI.2way.rand.25,-0.114004915833347,-0.424470858073594,0.220448514644682,35,corsym
CLM,P1.anc.YRI.2way.rand.25,P2.anc.YRI.2way.rand.25,-0.128089637393679,-0.442450013300531,0.214304590563211,35,pearson
CLM,P1.anc.YRI.2way.rand.26,P2.anc.YRI.2way.rand.26,-0.114004915833347,-0.424470858073594,0.220448514644682,35,corsym
CLM,P1.anc.YRI.2way.rand.26,P2.anc.YRI.2way.rand.26,-0.134966436657519,-0.448060519052121,0.207618170854205,35,pearson
CLM,P1.anc.YRI.2way.rand.27,P2.anc.YRI.2way.rand.27,-0.114004915833347,-0.424470858073594,0.220448514644682,35,corsym
CLM,P1.anc.YRI.2way.rand.27,P2.anc.YRI.2way.rand.27,-0.111300051172227,-0.428647892185663,0.230495659803602,35,pearson
CLM,P1.anc.YRI.2way.rand.28,P2.anc.YRI.2way.rand.28,-0.114004915833347,-0.424470858073594,0.220448514644682,35,corsym
CLM,P1.anc.YRI.2way.rand.28,P2.anc.YRI.2way.rand.28,-0.122519359021568,-0.437887334585552,0.219697237677223,35,pearson
CLM,P1.anc.YRI.2way.rand.29,P2.anc.YRI.2way.rand.29,-0.114004915833347,-0.424470858073594,0.220448514644682,35,corsym
CLM,P1.anc.YRI.2way.rand.29,P2.anc.YRI.2way.rand.29,-0.122262293625038,-0.437676376482073,0.219945601671243,35,pearson
CLM,P1.anc.YRI.2way.rand.30,P2.anc.YRI.2way.rand.30,-0.114004915833347,-0.424470858073594,0.220448514644682,35,corsym
CLM,P1.anc.YRI.2way.rand.30,P2.anc.YRI.2way.rand.30,-0.117132250576001,-0.433459184957762,0.224892738649653,35,pearson
CLM,P1.anc.YRI.2way.rand.31,P2.anc.YRI.2way.rand.31,-0.114004915833347,-0.424470858073594,0.220448514644682,35,corsym
CLM,P1.anc.YRI.2way.rand.31,P2.anc.YRI.2way.rand.31,-0.12265002362359,-0.437994549851512,0.219570978932465,35,pearson
CLM,P1.anc.YRI.2way.rand.32,P2.anc.YRI.2way.rand.32,-0.114004915833347,-0.424470858073594,0.220448514644682,35,corsym
CLM,P1.anc.YRI.2way.rand.32,P2.anc.YRI.2way.rand.32,-0.120519635227624,-0.436245365371047,0.221628103903917,35,pearson
CLM,P1.anc.YRI.2way.rand.33,P2.anc.YRI.2way.rand.33,-0.114004915833347,-0.424470858073594,0.220448514644682,35,corsym
CLM,P1.anc.YRI.2way.rand.33,P2.anc.YRI.2way.rand.33,-0.107660893911503,-0.425636609561065,0.233980307411407,35,pearson
CLM,P1.anc.YRI.2way.rand.34,P2.anc.YRI.2way.rand.34,-0.114004915833347,-0.424470858073594,0.220448514644682,35,corsym
CLM,P1.anc.YRI.2way.rand.34,P2.anc.YRI.2way.rand.34,-0.122253300697816,-0.437668995899086,0.219954289393946,35,pearson
CLM,P1.anc.YRI.2way.rand.35,P2.anc.YRI.2way.rand.35,-0.114004915833347,-0.424470858073594,0.220448514644682,35,corsym
CLM,P1.anc.YRI.2way.rand.35,P2.anc.YRI.2way.rand.35,-0.130181642834955,-0.44415940528983,0.212273891359395,35,pearson
CLM,P1.anc.YRI.2way.rand.36,P2.anc.YRI.2way.rand.36,-0.114004915833347,-0.424470858073594,0.220448514644682,35,corsym
CLM,P1.anc.YRI.2way.rand.36,P2.anc.YRI.2way.rand.36,-0.12673454777207,-0.441341539884385,0.21561839162333,35,pearson
CLM,P1.anc.YRI.2way.rand.37,P2.anc.YRI.2way.rand.37,-0.114004915833347,-0.424470858073594,0.220448514644682,35,corsym
CLM,P1.anc.YRI.2way.rand.37,P2.anc.YRI.2way.rand.37,-0.126986704082231,-0.441547878361298,0.215374012152651,35,pearson
CLM,P1.anc.YRI.2way.rand.38,P2.anc.YRI.2way.rand.38,-0.114004915833347,-0.424470858073594,0.220448514644682,35,corsym
CLM,P1.anc.YRI.2way.rand.38,P2.anc.YRI.2way.rand.38,-0.130416923030775,-0.444351511460466,0.212045320877393,35,pearson
CLM,P1.anc.YRI.2way.rand.39,P2.anc.YRI.2way.rand.39,-0.114004915833347,-0.424470858073594,0.220448514644682,35,corsym
CLM,P1.anc.YRI.2way.rand.39,P2.anc.YRI.2way.rand.39,-0.132101400529976,-0.445726043758496,0.210407786132222,35,pearson
CLM,P1.anc.YRI.2way.rand.40,P2.anc.YRI.2way.rand.40,-0.114004915833347,-0.424470858073594,0.220448514644682,35,corsym
CLM,P1.anc.YRI.2way.rand.40,P2.anc.YRI.2way.rand.40,-0.126757152954982,-0.441360038970746,0.215596485364453,35,pearson
CLM,P1.anc.YRI.2way.rand.41,P2.anc.YRI.2way.rand.41,-0.114004915833347,-0.424470858073594,0.220448514644682,35,corsym
CLM,P1.anc.YRI.2way.rand.41,P2.anc.YRI.2way.rand.41,-0.128011283580873,-0.442385945451541,0.21438059075579,35,pearson
CLM,P1.anc.YRI.2way.rand.42,P2.anc.YRI.2way.rand.42,-0.114004915833347,-0.424470858073594,0.220448514644682,35,corsym
CLM,P1.anc.YRI.2way.rand.42,P2.anc.YRI.2way.rand.42,-0.139423806595634,-0.451683983279819,0.203267032839099,35,pearson
CLM,P1.anc.YRI.2way.rand.43,P2.anc.YRI.2way.rand.43,-0.114004915833347,-0.424470858073594,0.220448514644682,35,corsym
CLM,P1.anc.YRI.2way.rand.43,P2.anc.YRI.2way.rand.43,-0.121302741972926,-0.436888623323848,0.220872281774911,35,pearson
CLM,P1.anc.YRI.2way.rand.44,P2.anc.YRI.2way.rand.44,-0.114004915833347,-0.424470858073594,0.220448514644682,35,corsym
CLM,P1.anc.YRI.2way.rand.44,P2.anc.YRI.2way.rand.44,-0.106655253794678,-0.42480323170671,0.234941705093852,35,pearson
CLM,P1.anc.YRI.2way.rand.45,P2.anc.YRI.2way.rand.45,-0.114004915833347,-0.424470858073594,0.220448514644682,35,corsym
CLM,P1.anc.YRI.2way.rand.45,P2.anc.YRI.2way.rand.45,-0.125968466755461,-0.440714454776853,0.216360582700139,35,pearson
CLM,P1.anc.YRI.2way.rand.46,P2.anc.YRI.2way.rand.46,-0.114004915833347,-0.424470858073594,0.220448514644682,35,corsym
CLM,P1.anc.YRI.2way.rand.46,P2.anc.YRI.2way.rand.46,-0.123881786725049,-0.439004817540749,0.218380185776438,35,pearson
CLM,P1.anc.YRI.2way.rand.47,P2.anc.YRI.2way.rand.47,-0.114004915833347,-0.424470858073594,0.220448514644682,35,corsym
CLM,P1.anc.YRI.2way.rand.47,P2.anc.YRI.2way.rand.47,-0.131472874120225,-0.445213339610645,0.211019021728492,35,pearson
CLM,P1.anc.YRI.2way.rand.48,P2.anc.YRI.2way.rand.48,-0.114004915833347,-0.424470858073594,0.220448514644682,35,corsym
CLM,P1.anc.YRI.2way.rand.48,P2.anc.YRI.2way.rand.48,-0.134857274286343,-0.447971650055632,0.207724561779969,35,pearson
CLM,P1.anc.YRI.2way.rand.49,P2.anc.YRI.2way.rand.49,-0.114004915833347,-0.424470858073594,0.220448514644682,35,corsym
CLM,P1.anc.YRI.2way.rand.49,P2.anc.YRI.2way.rand.49,-0.115970058216172,-0.432501866967046,0.226011049765165,35,pearson
CLM,P1.anc.YRI.2way.rand.50,P2.anc.YRI.2way.rand.50,-0.114004915833347,-0.424470858073594,0.220448514644682,35,corsym
CLM,P1.anc.YRI.2way.rand.50,P2.anc.YRI.2way.rand.50,-0.13026873438861,-0.444230518868505,0.212189287847984,35,pearson
CLM,P1.anc.YRI.2way.rand.51,P2.anc.YRI.2way.rand.51,-0.114004915833347,-0.424470858073594,0.220448514644682,35,corsym
CLM,P1.anc.YRI.2way.rand.51,P2.anc.YRI.2way.rand.51,-0.127881935947622,-0.442280174277358,0.214506043927436,35,pearson
CLM,P1.anc.YRI.2way.rand.52,P2.anc.YRI.2way.rand.52,-0.114004915833347,-0.424470858073594,0.220448514644682,35,corsym
CLM,P1.anc.YRI.2way.rand.52,P2.anc.YRI.2way.rand.52,-0.127977762038156,-0.442358534788885,0.214413104100044,35,pearson
CLM,P1.anc.YRI.2way.rand.53,P2.anc.YRI.2way.rand.53,-0.114004915833347,-0.424470858073594,0.220448514644682,35,corsym
CLM,P1.anc.YRI.2way.rand.53,P2.anc.YRI.2way.rand.53,-0.126156739189868,-0.440868595988234,0.216178218131903,35,pearson
CLM,P1.anc.YRI.2way.rand.54,P2.anc.YRI.2way.rand.54,-0.114004915833347,-0.424470858073594,0.220448514644682,35,corsym
CLM,P1.anc.YRI.2way.rand.54,P2.anc.YRI.2way.rand.54,-0.12818202916664,-0.442525555497282,0.214214968761061,35,pearson
CLM,P1.anc.YRI.2way.rand.55,P2.anc.YRI.2way.rand.55,-0.114004915833347,-0.424470858073594,0.220448514644682,35,corsym
CLM,P1.anc.YRI.2way.rand.55,P2.anc.YRI.2way.rand.55,-0.101085799247437,-0.42017801975879,0.24025406216907,35,pearson
CLM,P1.anc.YRI.2way.rand.56,P2.anc.YRI.2way.rand.56,-0.114004915833347,-0.424470858073594,0.220448514644682,35,corsym
CLM,P1.anc.YRI.2way.rand.56,P2.anc.YRI.2way.rand.56,-0.0995306011487535,-0.418883521191074,0.241733826297526,35,pearson
CLM,P1.anc.YRI.2way.rand.57,P2.anc.YRI.2way.rand.57,-0.114004915833347,-0.424470858073594,0.220448514644682,35,corsym
CLM,P1.anc.YRI.2way.rand.57,P2.anc.YRI.2way.rand.57,-0.128348231788333,-0.442661436357263,0.214053734497708,35,pearson
CLM,P1.anc.YRI.2way.rand.58,P2.anc.YRI.2way.rand.58,-0.114004915833347,-0.424470858073594,0.220448514644682,35,corsym
CLM,P1.anc.YRI.2way.rand.58,P2.anc.YRI.2way.rand.58,-0.1196405927089,-0.435522919430973,0.222476029803304,35,pearson
CLM,P1.anc.YRI.2way.rand.59,P2.anc.YRI.2way.rand.59,-0.114004915833347,-0.424470858073594,0.220448514644682,35,corsym
CLM,P1.anc.YRI.2way.rand.59,P2.anc.YRI.2way.rand.59,-0.128950930001786,-0.443154058140398,0.213468896429729,35,pearson
CLM,P1.anc.YRI.2way.rand.60,P2.anc.YRI.2way.rand.60,-0.114004915833347,-0.424470858073594,0.220448514644682,35,corsym
CLM,P1.anc.YRI.2way.rand.60,P2.anc.YRI.2way.rand.60,-0.0777890175872348,-0.400649555251447,0.262255967790521,35,pearson
CLM,P1.anc.YRI.2way.rand.61,P2.anc.YRI.2way.rand.61,-0.114004915833347,-0.424470858073594,0.220448514644682,35,corsym
CLM,P1.anc.YRI.2way.rand.61,P2.anc.YRI.2way.rand.61,-0.129233415636635,-0.443384885475374,0.21319469737557,35,pearson
CLM,P1.anc.YRI.2way.rand.62,P2.anc.YRI.2way.rand.62,-0.114004915833347,-0.424470858073594,0.220448514644682,35,corsym
CLM,P1.anc.YRI.2way.rand.62,P2.anc.YRI.2way.rand.62,-0.127898683633811,-0.442293869821229,0.214489801125394,35,pearson
CLM,P1.anc.YRI.2way.rand.63,P2.anc.YRI.2way.rand.63,-0.114004915833347,-0.424470858073594,0.220448514644682,35,corsym
CLM,P1.anc.YRI.2way.rand.63,P2.anc.YRI.2way.rand.63,-0.105575069321008,-0.423907477587252,0.23597362363407,35,pearson
CLM,P1.anc.YRI.2way.rand.64,P2.anc.YRI.2way.rand.64,-0.114004915833347,-0.424470858073594,0.220448514644682,35,corsym
CLM,P1.anc.YRI.2way.rand.64,P2.anc.YRI.2way.rand.64,-0.127793450428931,-0.442207812158093,0.214591858773918,35,pearson
CLM,P1.anc.YRI.2way.rand.65,P2.anc.YRI.2way.rand.65,-0.114004915833347,-0.424470858073594,0.220448514644682,35,corsym
CLM,P1.anc.YRI.2way.rand.65,P2.anc.YRI.2way.rand.65,-0.0427776582224803,-0.370739128618404,0.294669550109184,35,pearson
CLM,P1.anc.YRI.2way.rand.66,P2.anc.YRI.2way.rand.66,-0.114004915833347,-0.424470858073594,0.220448514644682,35,corsym
CLM,P1.anc.YRI.2way.rand.66,P2.anc.YRI.2way.rand.66,-0.121578233341757,-0.437114840162623,0.220606291178573,35,pearson
CLM,P1.anc.YRI.2way.rand.67,P2.anc.YRI.2way.rand.67,-0.114004915833347,-0.424470858073594,0.220448514644682,35,corsym
CLM,P1.anc.YRI.2way.rand.67,P2.anc.YRI.2way.rand.67,-0.122040139224719,-0.437494039756001,0.220160200640884,35,pearson
CLM,P1.anc.YRI.2way.rand.68,P2.anc.YRI.2way.rand.68,-0.114004915833347,-0.424470858073594,0.220448514644682,35,corsym
CLM,P1.anc.YRI.2way.rand.68,P2.anc.YRI.2way.rand.68,-0.132676750558652,-0.446195190334414,0.209848029173024,35,pearson
CLM,P1.anc.YRI.2way.rand.69,P2.anc.YRI.2way.rand.69,-0.114004915833347,-0.424470858073594,0.220448514644682,35,corsym
CLM,P1.anc.YRI.2way.rand.69,P2.anc.YRI.2way.rand.69,-0.127601048575131,-0.442050454703864,0.214778435308153,35,pearson
CLM,P1.anc.YRI.2way.rand.70,P2.anc.YRI.2way.rand.70,-0.114004915833347,-0.424470858073594,0.220448514644682,35,corsym
CLM,P1.anc.YRI.2way.rand.70,P2.anc.YRI.2way.rand.70,-0.12523805607038,-0.440116281840093,0.217067847544104,35,pearson
CLM,P1.anc.YRI.2way.rand.71,P2.anc.YRI.2way.rand.71,-0.114004915833347,-0.424470858073594,0.220448514644682,35,corsym
CLM,P1.anc.YRI.2way.rand.71,P2.anc.YRI.2way.rand.71,-0.138076078104414,-0.450589479558432,0.204584070183246,35,pearson
CLM,P1.anc.YRI.2way.rand.72,P2.anc.YRI.2way.rand.72,-0.114004915833347,-0.424470858073594,0.220448514644682,35,corsym
CLM,P1.anc.YRI.2way.rand.72,P2.anc.YRI.2way.rand.72,-0.122135633352726,-0.437572421245811,0.220067958309608,35,pearson
CLM,P1.anc.YRI.2way.rand.73,P2.anc.YRI.2way.rand.73,-0.114004915833347,-0.424470858073594,0.220448514644682,35,corsym
CLM,P1.anc.YRI.2way.rand.73,P2.anc.YRI.2way.rand.73,-0.128382556839685,-0.442689497398396,0.214020433213538,35,pearson
CLM,P1.anc.YRI.2way.rand.74,P2.anc.YRI.2way.rand.74,-0.114004915833347,-0.424470858073594,0.220448514644682,35,corsym
CLM,P1.anc.YRI.2way.rand.74,P2.anc.YRI.2way.rand.74,-0.139918310215556,-0.452085339030867,0.202783479122315,35,pearson
CLM,P1.anc.YRI.2way.rand.75,P2.anc.YRI.2way.rand.75,-0.114004915833347,-0.424470858073594,0.220448514644682,35,corsym
CLM,P1.anc.YRI.2way.rand.75,P2.anc.YRI.2way.rand.75,-0.0101782998317258,-0.342263925117736,0.324167784004673,35,pearson
CLM,P1.anc.YRI.2way.rand.76,P2.anc.YRI.2way.rand.76,-0.114004915833347,-0.424470858073594,0.220448514644682,35,corsym
CLM,P1.anc.YRI.2way.rand.76,P2.anc.YRI.2way.rand.76,-0.100673147650038,-0.419834667926937,0.240646853028776,35,pearson
CLM,P1.anc.YRI.2way.rand.77,P2.anc.YRI.2way.rand.77,-0.114004915833347,-0.424470858073594,0.220448514644682,35,corsym
CLM,P1.anc.YRI.2way.rand.77,P2.anc.YRI.2way.rand.77,-0.125735343119154,-0.44052356754983,0.21658635797204,35,pearson
CLM,P1.anc.YRI.2way.rand.78,P2.anc.YRI.2way.rand.78,-0.114004915833347,-0.424470858073594,0.220448514644682,35,corsym
CLM,P1.anc.YRI.2way.rand.78,P2.anc.YRI.2way.rand.78,-0.0685386088111778,-0.392813199893099,0.270895252268611,35,pearson
CLM,P1.anc.YRI.2way.rand.79,P2.anc.YRI.2way.rand.79,-0.114004915833347,-0.424470858073594,0.220448514644682,35,corsym
CLM,P1.anc.YRI.2way.rand.79,P2.anc.YRI.2way.rand.79,-0.129584035308642,-0.443671329195566,0.212854287919088,35,pearson
CLM,P1.anc.YRI.2way.rand.80,P2.anc.YRI.2way.rand.80,-0.114004915833347,-0.424470858073594,0.220448514644682,35,corsym
CLM,P1.anc.YRI.2way.rand.80,P2.anc.YRI.2way.rand.80,-0.0846905064300717,-0.406465450308883,0.255774721709724,35,pearson
CLM,P1.anc.YRI.2way.rand.81,P2.anc.YRI.2way.rand.81,-0.114004915833347,-0.424470858073594,0.220448514644682,35,corsym
CLM,P1.anc.YRI.2way.rand.81,P2.anc.YRI.2way.rand.81,-0.113815971270699,-0.430725618958691,0.228081423216982,35,pearson
CLM,P1.anc.YRI.2way.rand.82,P2.anc.YRI.2way.rand.82,-0.114004915833347,-0.424470858073594,0.220448514644682,35,corsym
CLM,P1.anc.YRI.2way.rand.82,P2.anc.YRI.2way.rand.82,-0.123015136961787,-0.438294091657284,0.219218116007873,35,pearson
CLM,P1.anc.YRI.2way.rand.83,P2.anc.YRI.2way.rand.83,-0.114004915833347,-0.424470858073594,0.220448514644682,35,corsym
CLM,P1.anc.YRI.2way.rand.83,P2.anc.YRI.2way.rand.83,-0.119829625596037,-0.435678311503093,0.222293732033003,35,pearson
CLM,P1.anc.YRI.2way.rand.84,P2.anc.YRI.2way.rand.84,-0.114004915833347,-0.424470858073594,0.220448514644682,35,corsym
CLM,P1.anc.YRI.2way.rand.84,P2.anc.YRI.2way.rand.84,-0.106205141146543,-0.424430046843498,0.235371798936994,35,pearson
CLM,P1.anc.YRI.2way.rand.85,P2.anc.YRI.2way.rand.85,-0.114004915833347,-0.424470858073594,0.220448514644682,35,corsym
CLM,P1.anc.YRI.2way.rand.85,P2.anc.YRI.2way.rand.85,-0.121046364781976,-0.436678066024396,0.22111977165896,35,pearson
CLM,P1.anc.YRI.2way.rand.86,P2.anc.YRI.2way.rand.86,-0.114004915833347,-0.424470858073594,0.220448514644682,35,corsym
CLM,P1.anc.YRI.2way.rand.86,P2.anc.YRI.2way.rand.86,-0.130284580625467,-0.444243457500513,0.212173893756353,35,pearson
CLM,P1.anc.YRI.2way.rand.87,P2.anc.YRI.2way.rand.87,-0.114004915833347,-0.424470858073594,0.220448514644682,35,corsym
CLM,P1.anc.YRI.2way.rand.87,P2.anc.YRI.2way.rand.87,-0.0105033159621234,-0.34255086612135,0.323876860360696,35,pearson
CLM,P1.anc.YRI.2way.rand.88,P2.anc.YRI.2way.rand.88,-0.114004915833347,-0.424470858073594,0.220448514644682,35,corsym
CLM,P1.anc.YRI.2way.rand.88,P2.anc.YRI.2way.rand.88,-0.139508275299941,-0.451752549869738,0.203184446380766,35,pearson
CLM,P1.anc.YRI.2way.rand.89,P2.anc.YRI.2way.rand.89,-0.114004915833347,-0.424470858073594,0.220448514644682,35,corsym
CLM,P1.anc.YRI.2way.rand.89,P2.anc.YRI.2way.rand.89,-0.0631072635863501,-0.388190063380469,0.275942426790631,35,pearson
CLM,P1.anc.YRI.2way.rand.90,P2.anc.YRI.2way.rand.90,-0.114004915833347,-0.424470858073594,0.220448514644682,35,corsym
CLM,P1.anc.YRI.2way.rand.90,P2.anc.YRI.2way.rand.90,-0.125794164733493,-0.440571734784131,0.216529393946316,35,pearson
CLM,P1.anc.YRI.2way.rand.91,P2.anc.YRI.2way.rand.91,-0.114004915833347,-0.424470858073594,0.220448514644682,35,corsym
CLM,P1.anc.YRI.2way.rand.91,P2.anc.YRI.2way.rand.91,-0.117251086791654,-0.43355703219176,0.224778338568043,35,pearson
CLM,P1.anc.YRI.2way.rand.92,P2.anc.YRI.2way.rand.92,-0.114004915833347,-0.424470858073594,0.220448514644682,35,corsym
CLM,P1.anc.YRI.2way.rand.92,P2.anc.YRI.2way.rand.92,-0.122565708712833,-0.437925367293327,0.219652452155226,35,pearson
CLM,P1.anc.YRI.2way.rand.93,P2.anc.YRI.2way.rand.93,-0.114004915833347,-0.424470858073594,0.220448514644682,35,corsym
CLM,P1.anc.YRI.2way.rand.93,P2.anc.YRI.2way.rand.93,-0.13095407035938,-0.44478998383106,0.211523351448037,35,pearson
CLM,P1.anc.YRI.2way.rand.94,P2.anc.YRI.2way.rand.94,-0.114004915833347,-0.424470858073594,0.220448514644682,35,corsym
CLM,P1.anc.YRI.2way.rand.94,P2.anc.YRI.2way.rand.94,-0.0989283228376537,-0.418381854511578,0.242306465389118,35,pearson
CLM,P1.anc.YRI.2way.rand.95,P2.anc.YRI.2way.rand.95,-0.114004915833347,-0.424470858073594,0.220448514644682,35,corsym
CLM,P1.anc.YRI.2way.rand.95,P2.anc.YRI.2way.rand.95,-0.125254572425616,-0.440129811068424,0.217051858542918,35,pearson
CLM,P1.anc.YRI.2way.rand.96,P2.anc.YRI.2way.rand.96,-0.114004915833347,-0.424470858073594,0.220448514644682,35,corsym
CLM,P1.anc.YRI.2way.rand.96,P2.anc.YRI.2way.rand.96,-0.0962057867428835,-0.41611168821588,0.244892057421342,35,pearson
CLM,P1.anc.YRI.2way.rand.97,P2.anc.YRI.2way.rand.97,-0.114004915833347,-0.424470858073594,0.220448514644682,35,corsym
CLM,P1.anc.YRI.2way.rand.97,P2.anc.YRI.2way.rand.97,-0.129404143468726,-0.44352437201814,0.213028951605683,35,pearson
CLM,P1.anc.YRI.2way.rand.98,P2.anc.YRI.2way.rand.98,-0.114004915833347,-0.424470858073594,0.220448514644682,35,corsym
CLM,P1.anc.YRI.2way.rand.98,P2.anc.YRI.2way.rand.98,-0.124625268318236,-0.439614221027704,0.21766093967485,35,pearson
CLM,P1.anc.YRI.2way.rand.99,P2.anc.YRI.2way.rand.99,-0.114004915833347,-0.424470858073594,0.220448514644682,35,corsym
CLM,P1.anc.YRI.2way.rand.99,P2.anc.YRI.2way.rand.99,-0.14553147933817,-0.456632331805245,0.197282862377711,35,pearson
CLM,P1.anc.YRI.2way.rand.100,P2.anc.YRI.2way.rand.100,-0.114004915833347,-0.424470858073594,0.220448514644682,35,corsym
CLM,P1.anc.YRI.2way.rand.100,P2.anc.YRI.2way.rand.100,-0.125713024019216,-0.440505290642122,0.216607971624028,35,pearson
MXL,P1.anc.YRI,P2.anc.YRI,0.267916329986579,-0.0801039395627895,0.557715596049506,32,corsym
MXL,P1.anc.IBS,P2.anc.IBS,0.266485373093267,-0.0816348387886409,0.556653022263087,32,corsym
MXL,P1.anc.NAM,P2.anc.NAM,0.200447236555909,-0.150542172387759,0.506560457112151,32,corsym
MXL,P1.anc.YRI.2way,P2.anc.YRI.2way,-0.281125483491079,-0.567479558687564,0.0658942631858598,32,corsym
MXL,P1.adm.YRI,P2.adm.YRI,0.370917148038143,0.0345787440795649,0.631784009826594,32,corsym
MXL,P1.adm.IBS,P2.adm.IBS,0.735226236161126,0.52637322170882,0.860405056319364,32,corsym
MXL,P1.adm.NAM,P2.adm.NAM,0.758761315416974,0.563806077131692,0.873623668568005,32,corsym
MXL,P1.anc.YRI,P2.anc.YRI,0.260789480644518,-0.096697770802406,0.558679526138189,32,pearson
MXL,P1.anc.IBS,P2.anc.IBS,0.305141235271043,-0.0487385621294899,0.590956858574429,32,pearson
MXL,P1.anc.NAM,P2.anc.NAM,0.236047560536981,-0.122749739428406,0.540272580067883,32,pearson
MXL,P1.anc.YRI.2way,P2.anc.YRI.2way,-0.377243672402832,-0.641546899306017,-0.0328740386136055,32,pearson
MXL,P1.adm.YRI,P2.adm.YRI,0.372965214499881,0.0278996086296738,0.638607781900423,32,pearson
MXL,P1.adm.IBS,P2.adm.IBS,0.728384273061434,0.508956775456054,0.858925573949638,32,pearson
MXL,P1.adm.NAM,P2.adm.NAM,0.753120135879125,0.548455112969738,0.872649082821007,32,pearson
MXL,P1.anc.YRI.2way.rand.1,P2.anc.YRI.2way.rand.1,-0.281125483491078,-0.567479558687564,0.0658942631858599,32,corsym
MXL,P1.anc.YRI.2way.rand.1,P2.anc.YRI.2way.rand.1,-0.437808022159173,-0.68233589962102,-0.105169305189363,32,pearson
MXL,P1.anc.YRI.2way.rand.2,P2.anc.YRI.2way.rand.2,-0.281125483491078,-0.567479558687564,0.0658942631858599,32,corsym
MXL,P1.anc.YRI.2way.rand.2,P2.anc.YRI.2way.rand.2,-0.397997057042025,-0.655694312162373,-0.0572479037319186,32,pearson
MXL,P1.anc.YRI.2way.rand.3,P2.anc.YRI.2way.rand.3,-0.281125483491078,-0.567479558687564,0.0658942631858599,32,corsym
MXL,P1.anc.YRI.2way.rand.3,P2.anc.YRI.2way.rand.3,-0.411689187495451,-0.664930091014776,-0.0735541801341184,32,pearson
MXL,P1.anc.YRI.2way.rand.4,P2.anc.YRI.2way.rand.4,-0.281125483491078,-0.567479558687564,0.0658942631858599,32,corsym
MXL,P1.anc.YRI.2way.rand.4,P2.anc.YRI.2way.rand.4,-0.393162744187055,-0.652414888072404,-0.0515337095778977,32,pearson
MXL,P1.anc.YRI.2way.rand.5,P2.anc.YRI.2way.rand.5,-0.281125483491079,-0.567479558687564,0.0658942631858598,32,corsym
MXL,P1.anc.YRI.2way.rand.5,P2.anc.YRI.2way.rand.5,-0.440101806660617,-0.683851367256331,-0.107978273838398,32,pearson
MXL,P1.anc.YRI.2way.rand.6,P2.anc.YRI.2way.rand.6,-0.281125483491079,-0.567479558687564,0.0658942631858598,32,corsym
MXL,P1.anc.YRI.2way.rand.6,P2.anc.YRI.2way.rand.6,-0.426901913081235,-0.675101535785341,-0.0918859065554491,32,pearson
MXL,P1.anc.YRI.2way.rand.7,P2.anc.YRI.2way.rand.7,-0.281125483491079,-0.567479558687564,0.0658942631858598,32,corsym
MXL,P1.anc.YRI.2way.rand.7,P2.anc.YRI.2way.rand.7,-0.371331723697902,-0.637483595595079,-0.0260048971447559,32,pearson
MXL,P1.anc.YRI.2way.rand.8,P2.anc.YRI.2way.rand.8,-0.281125483491078,-0.567479558687564,0.0658942631858599,32,corsym
MXL,P1.anc.YRI.2way.rand.8,P2.anc.YRI.2way.rand.8,-0.380288533327943,-0.64363387242898,-0.0364246259264574,32,pearson
MXL,P1.anc.YRI.2way.rand.9,P2.anc.YRI.2way.rand.9,-0.281125483491079,-0.567479558687564,0.0658942631858598,32,corsym
MXL,P1.anc.YRI.2way.rand.9,P2.anc.YRI.2way.rand.9,-0.380324759984723,-0.643658678929443,-0.036466921857058,32,pearson
MXL,P1.anc.YRI.2way.rand.10,P2.anc.YRI.2way.rand.10,-0.281125483491079,-0.567479558687564,0.0658942631858598,32,corsym
MXL,P1.anc.YRI.2way.rand.10,P2.anc.YRI.2way.rand.10,-0.449792163032593,-0.69023050792754,-0.119903898142742,32,pearson
MXL,P1.anc.YRI.2way.rand.11,P2.anc.YRI.2way.rand.11,-0.281125483491079,-0.567479558687564,0.0658942631858598,32,corsym
MXL,P1.anc.YRI.2way.rand.11,P2.anc.YRI.2way.rand.11,-0.423874244123996,-0.673084686815073,-0.0882192972721733,32,pearson
MXL,P1.anc.YRI.2way.rand.12,P2.anc.YRI.2way.rand.12,-0.281125483491079,-0.567479558687564,0.0658942631858598,32,corsym
MXL,P1.anc.YRI.2way.rand.12,P2.anc.YRI.2way.rand.12,-0.399052039649296,-0.656408684307968,-0.0584978758163747,32,pearson
MXL,P1.anc.YRI.2way.rand.13,P2.anc.YRI.2way.rand.13,-0.281125483491078,-0.567479558687564,0.0658942631858599,32,corsym
MXL,P1.anc.YRI.2way.rand.13,P2.anc.YRI.2way.rand.13,-0.439084976056349,-0.683179822553168,-0.106732408327681,32,pearson
MXL,P1.anc.YRI.2way.rand.14,P2.anc.YRI.2way.rand.14,-0.281125483491078,-0.567479558687564,0.0658942631858599,32,corsym
MXL,P1.anc.YRI.2way.rand.14,P2.anc.YRI.2way.rand.14,-0.384258952215631,-0.646349360331554,-0.04106757658521,32,pearson
MXL,P1.anc.YRI.2way.rand.15,P2.anc.YRI.2way.rand.15,-0.281125483491078,-0.567479558687564,0.0658942631858599,32,corsym
MXL,P1.anc.YRI.2way.rand.15,P2.anc.YRI.2way.rand.15,-0.451578777820138,-0.691402566109205,-0.122113073864924,32,pearson
MXL,P1.anc.YRI.2way.rand.16,P2.anc.YRI.2way.rand.16,-0.281125483491078,-0.567479558687564,0.0658942631858599,32,corsym
MXL,P1.anc.YRI.2way.rand.16,P2.anc.YRI.2way.rand.16,-0.379170878288362,-0.642868276999875,-0.0351203283111692,32,pearson
MXL,P1.anc.YRI.2way.rand.17,P2.anc.YRI.2way.rand.17,-0.281125483491079,-0.567479558687564,0.0658942631858598,32,corsym
MXL,P1.anc.YRI.2way.rand.17,P2.anc.YRI.2way.rand.17,-0.400901029581349,-0.657659599185542,-0.060691188204266,32,pearson
MXL,P1.anc.YRI.2way.rand.18,P2.anc.YRI.2way.rand.18,-0.281125483491079,-0.567479558687564,0.0658942631858598,32,corsym
MXL,P1.anc.YRI.2way.rand.18,P2.anc.YRI.2way.rand.18,-0.378439170093313,-0.642366770216754,-0.0342670630117453,32,pearson
MXL,P1.anc.YRI.2way.rand.19,P2.anc.YRI.2way.rand.19,-0.281125483491078,-0.567479558687564,0.0658942631858599,32,corsym
MXL,P1.anc.YRI.2way.rand.19,P2.anc.YRI.2way.rand.19,-0.429940763767644,-0.677122109498515,-0.0955752150384636,32,pearson
MXL,P1.anc.YRI.2way.rand.20,P2.anc.YRI.2way.rand.20,-0.281125483491079,-0.567479558687564,0.0658942631858598,32,corsym
MXL,P1.anc.YRI.2way.rand.20,P2.anc.YRI.2way.rand.20,-0.405755151726056,-0.66093688053665,-0.0664649308054607,32,pearson
MXL,P1.anc.YRI.2way.rand.21,P2.anc.YRI.2way.rand.21,-0.281125483491079,-0.567479558687564,0.0658942631858598,32,corsym
MXL,P1.anc.YRI.2way.rand.21,P2.anc.YRI.2way.rand.21,-0.433075345726823,-0.679202438300428,-0.0993903948572679,32,pearson
MXL,P1.anc.YRI.2way.rand.22,P2.anc.YRI.2way.rand.22,-0.281125483491079,-0.567479558687564,0.0658942631858598,32,corsym
MXL,P1.anc.YRI.2way.rand.22,P2.anc.YRI.2way.rand.22,-0.38169345351642,-0.6445954978513,-0.0380658240309327,32,pearson
MXL,P1.anc.YRI.2way.rand.23,P2.anc.YRI.2way.rand.23,-0.281125483491079,-0.567479558687564,0.0658942631858598,32,corsym
MXL,P1.anc.YRI.2way.rand.23,P2.anc.YRI.2way.rand.23,-0.393217408807885,-0.652452024937284,-0.051598198771373,32,pearson
MXL,P1.anc.YRI.2way.rand.24,P2.anc.YRI.2way.rand.24,-0.281125483491078,-0.567479558687564,0.0658942631858599,32,corsym
MXL,P1.anc.YRI.2way.rand.24,P2.anc.YRI.2way.rand.24,-0.377861877021425,-0.641970938714479,-0.0335942193915445,32,pearson
MXL,P1.anc.YRI.2way.rand.25,P2.anc.YRI.2way.rand.25,-0.281125483491079,-0.567479558687564,0.0658942631858598,32,corsym
MXL,P1.anc.YRI.2way.rand.25,P2.anc.YRI.2way.rand.25,-0.42957451980302,-0.676878786214715,-0.0951300901699407,32,pearson
MXL,P1.anc.YRI.2way.rand.26,P2.anc.YRI.2way.rand.26,-0.281125483491078,-0.567479558687564,0.0658942631858599,32,corsym
MXL,P1.anc.YRI.2way.rand.26,P2.anc.YRI.2way.rand.26,-0.384275251406026,-0.646360494168485,-0.0410866672195786,32,pearson
MXL,P1.anc.YRI.2way.rand.27,P2.anc.YRI.2way.rand.27,-0.281125483491079,-0.567479558687564,0.0658942631858598,32,corsym
MXL,P1.anc.YRI.2way.rand.27,P2.anc.YRI.2way.rand.27,-0.376695321226658,-0.641170638593096,-0.0322355331167226,32,pearson
MXL,P1.anc.YRI.2way.rand.28,P2.anc.YRI.2way.rand.28,-0.281125483491079,-0.567479558687564,0.0658942631858598,32,corsym
MXL,P1.anc.YRI.2way.rand.28,P2.anc.YRI.2way.rand.28,-0.361518833169464,-0.630706319580671,-0.0146747543453906,32,pearson
MXL,P1.anc.YRI.2way.rand.29,P2.anc.YRI.2way.rand.29,-0.281125483491079,-0.567479558687564,0.0658942631858598,32,corsym
MXL,P1.anc.YRI.2way.rand.29,P2.anc.YRI.2way.rand.29,-0.379792269152112,-0.643293995744916,-0.0358453435760409,32,pearson
MXL,P1.anc.YRI.2way.rand.30,P2.anc.YRI.2way.rand.30,-0.281125483491078,-0.567479558687564,0.0658942631858599,32,corsym
MXL,P1.anc.YRI.2way.rand.30,P2.anc.YRI.2way.rand.30,-0.484961576218398,-0.713072688931797,-0.164000634503481,32,pearson
MXL,P1.anc.YRI.2way.rand.31,P2.anc.YRI.2way.rand.31,-0.281125483491079,-0.567479558687564,0.0658942631858598,32,corsym
MXL,P1.anc.YRI.2way.rand.31,P2.anc.YRI.2way.rand.31,-0.452715677912099,-0.692147740660328,-0.12352056942998,32,pearson
MXL,P1.anc.YRI.2way.rand.32,P2.anc.YRI.2way.rand.32,-0.281125483491079,-0.567479558687564,0.0658942631858598,32,corsym
MXL,P1.anc.YRI.2way.rand.32,P2.anc.YRI.2way.rand.32,-0.457901218262827,-0.695540111532486,-0.129957170943134,32,pearson
MXL,P1.anc.YRI.2way.rand.33,P2.anc.YRI.2way.rand.33,-0.281125483491079,-0.567479558687564,0.0658942631858598,32,corsym
MXL,P1.anc.YRI.2way.rand.33,P2.anc.YRI.2way.rand.33,-0.394627416720251,-0.653409495496151,-0.0532626047769434,32,pearson
MXL,P1.anc.YRI.2way.rand.34,P2.anc.YRI.2way.rand.34,-0.281125483491078,-0.567479558687564,0.0658942631858599,32,corsym
MXL,P1.anc.YRI.2way.rand.34,P2.anc.YRI.2way.rand.34,-0.422957639771244,-0.672473368893565,-0.0871110492652749,32,pearson
MXL,P1.anc.YRI.2way.rand.35,P2.anc.YRI.2way.rand.35,-0.281125483491079,-0.567479558687564,0.0658942631858598,32,corsym
MXL,P1.anc.YRI.2way.rand.35,P2.anc.YRI.2way.rand.35,-0.418191624225005,-0.669289236959981,-0.0813619227407485,32,pearson
MXL,P1.anc.YRI.2way.rand.36,P2.anc.YRI.2way.rand.36,-0.281125483491079,-0.567479558687564,0.0658942631858598,32,corsym
MXL,P1.anc.YRI.2way.rand.36,P2.anc.YRI.2way.rand.36,-0.371556545452446,-0.637638387677882,-0.026265524251627,32,pearson
MXL,P1.anc.YRI.2way.rand.37,P2.anc.YRI.2way.rand.37,-0.281125483491079,-0.567479558687564,0.0658942631858598,32,corsym
MXL,P1.anc.YRI.2way.rand.37,P2.anc.YRI.2way.rand.37,-0.410641661615019,-0.664226226591099,-0.0723002375438296,32,pearson
MXL,P1.anc.YRI.2way.rand.38,P2.anc.YRI.2way.rand.38,-0.281125483491079,-0.567479558687564,0.0658942631858598,32,corsym
MXL,P1.anc.YRI.2way.rand.38,P2.anc.YRI.2way.rand.38,-0.434442528633427,-0.680108559990633,-0.101057506558663,32,pearson
MXL,P1.anc.YRI.2way.rand.39,P2.anc.YRI.2way.rand.39,-0.281125483491078,-0.567479558687564,0.0658942631858599,32,corsym
MXL,P1.anc.YRI.2way.rand.39,P2.anc.YRI.2way.rand.39,-0.398524410073442,-0.656051462287929,-0.0578725924371685,32,pearson
MXL,P1.anc.YRI.2way.rand.40,P2.anc.YRI.2way.rand.40,-0.281125483491078,-0.567479558687564,0.0658942631858599,32,corsym
MXL,P1.anc.YRI.2way.rand.40,P2.anc.YRI.2way.rand.40,-0.393666369832011,-0.652756983246275,-0.0521279569110461,32,pearson
MXL,P1.anc.YRI.2way.rand.41,P2.anc.YRI.2way.rand.41,-0.281125483491078,-0.567479558687564,0.0658942631858599,32,corsym
MXL,P1.anc.YRI.2way.rand.41,P2.anc.YRI.2way.rand.41,-0.424537529790436,-0.673526844699156,-0.0890217812839581,32,pearson
MXL,P1.anc.YRI.2way.rand.42,P2.anc.YRI.2way.rand.42,-0.281125483491078,-0.567479558687564,0.0658942631858599,32,corsym
MXL,P1.anc.YRI.2way.rand.42,P2.anc.YRI.2way.rand.42,-0.395773858169491,-0.654187380563602,-0.0546172903010061,32,pearson
MXL,P1.anc.YRI.2way.rand.43,P2.anc.YRI.2way.rand.43,-0.281125483491079,-0.567479558687564,0.0658942631858598,32,corsym
MXL,P1.anc.YRI.2way.rand.43,P2.anc.YRI.2way.rand.43,-0.381029615550529,-0.644141224465479,-0.0372901114366075,32,pearson
MXL,P1.anc.YRI.2way.rand.44,P2.anc.YRI.2way.rand.44,-0.281125483491079,-0.567479558687564,0.0658942631858598,32,corsym
MXL,P1.anc.YRI.2way.rand.44,P2.anc.YRI.2way.rand.44,-0.39088019982394,-0.650863110410385,-0.0488434768707914,32,pearson
MXL,P1.anc.YRI.2way.rand.45,P2.anc.YRI.2way.rand.45,-0.281125483491078,-0.567479558687564,0.0658942631858599,32,corsym
MXL,P1.anc.YRI.2way.rand.45,P2.anc.YRI.2way.rand.45,-0.455319582531282,-0.693852533587624,-0.126749232237416,32,pearson
MXL,P1.anc.YRI.2way.rand.46,P2.anc.YRI.2way.rand.46,-0.281125483491079,-0.567479558687564,0.0658942631858598,32,corsym
MXL,P1.anc.YRI.2way.rand.46,P2.anc.YRI.2way.rand.46,-0.424644786053806,-0.673598326876699,-0.0891515874689619,32,pearson
MXL,P1.anc.YRI.2way.rand.47,P2.anc.YRI.2way.rand.47,-0.281125483491078,-0.567479558687564,0.0658942631858599,32,corsym
MXL,P1.anc.YRI.2way.rand.47,P2.anc.YRI.2way.rand.47,-0.399978150375064,-0.657035411818906,-0.0595960378394252,32,pearson
MXL,P1.anc.YRI.2way.rand.48,P2.anc.YRI.2way.rand.48,-0.281125483491078,-0.567479558687564,0.0658942631858599,32,corsym
MXL,P1.anc.YRI.2way.rand.48,P2.anc.YRI.2way.rand.48,-0.451219528382772,-0.691166992012527,-0.121668594225183,32,pearson
MXL,P1.anc.YRI.2way.rand.49,P2.anc.YRI.2way.rand.49,-0.281125483491079,-0.567479558687564,0.0658942631858598,32,corsym
MXL,P1.anc.YRI.2way.rand.49,P2.anc.YRI.2way.rand.49,-0.362024426125358,-0.631056513750673,-0.0152563529461053,32,pearson
MXL,P1.anc.YRI.2way.rand.50,P2.anc.YRI.2way.rand.50,-0.281125483491079,-0.567479558687564,0.0658942631858598,32,corsym
MXL,P1.anc.YRI.2way.rand.50,P2.anc.YRI.2way.rand.50,-0.449639062918191,-0.690130012195681,-0.119714739428902,32,pearson
MXL,P1.anc.YRI.2way.rand.51,P2.anc.YRI.2way.rand.51,-0.281125483491079,-0.567479558687564,0.0658942631858598,32,corsym
MXL,P1.anc.YRI.2way.rand.51,P2.anc.YRI.2way.rand.51,-0.447330340845456,-0.688613429343823,-0.116865161348812,32,pearson
MXL,P1.anc.YRI.2way.rand.52,P2.anc.YRI.2way.rand.52,-0.281125483491079,-0.567479558687564,0.0658942631858598,32,corsym
MXL,P1.anc.YRI.2way.rand.52,P2.anc.YRI.2way.rand.52,-0.464167540855528,-0.699625438768197,-0.137772361184145,32,pearson
MXL,P1.anc.YRI.2way.rand.53,P2.anc.YRI.2way.rand.53,-0.281125483491079,-0.567479558687564,0.0658942631858598,32,corsym
MXL,P1.anc.YRI.2way.rand.53,P2.anc.YRI.2way.rand.53,-0.453396254797554,-0.69259357671279,-0.124363765785745,32,pearson
MXL,P1.anc.YRI.2way.rand.54,P2.anc.YRI.2way.rand.54,-0.281125483491079,-0.567479558687564,0.0658942631858598,32,corsym
MXL,P1.anc.YRI.2way.rand.54,P2.anc.YRI.2way.rand.54,-0.382464854735855,-0.645123145144292,-0.0389677477283292,32,pearson
MXL,P1.anc.YRI.2way.rand.55,P2.anc.YRI.2way.rand.55,-0.281125483491079,-0.567479558687564,0.0658942631858598,32,corsym
MXL,P1.anc.YRI.2way.rand.55,P2.anc.YRI.2way.rand.55,-0.394037737761252,-0.653009172741603,-0.0525663032513969,32,pearson
MXL,P1.anc.YRI.2way.rand.56,P2.anc.YRI.2way.rand.56,-0.281125483491079,-0.567479558687564,0.0658942631858598,32,corsym
MXL,P1.anc.YRI.2way.rand.56,P2.anc.YRI.2way.rand.56,-0.423856870970772,-0.673073103170985,-0.0881982840110746,32,pearson
MXL,P1.anc.YRI.2way.rand.57,P2.anc.YRI.2way.rand.57,-0.281125483491079,-0.567479558687564,0.0658942631858598,32,corsym
MXL,P1.anc.YRI.2way.rand.57,P2.anc.YRI.2way.rand.57,-0.376862713000135,-0.641285510860282,-0.0324304159332695,32,pearson
MXL,P1.anc.YRI.2way.rand.58,P2.anc.YRI.2way.rand.58,-0.281125483491078,-0.567479558687564,0.0658942631858599,32,corsym
MXL,P1.anc.YRI.2way.rand.58,P2.anc.YRI.2way.rand.58,-0.381261100836001,-0.64429965408677,-0.0375605612130002,32,pearson
MXL,P1.anc.YRI.2way.rand.59,P2.anc.YRI.2way.rand.59,-0.281125483491079,-0.567479558687564,0.0658942631858598,32,corsym
MXL,P1.anc.YRI.2way.rand.59,P2.anc.YRI.2way.rand.59,-0.438263747798816,-0.682637157835465,-0.105726964629767,32,pearson
MXL,P1.anc.YRI.2way.rand.60,P2.anc.YRI.2way.rand.60,-0.281125483491079,-0.567479558687564,0.0658942631858598,32,corsym
MXL,P1.anc.YRI.2way.rand.60,P2.anc.YRI.2way.rand.60,-0.439809045696084,-0.683658061668793,-0.107619463278207,32,pearson
MXL,P1.anc.YRI.2way.rand.61,P2.anc.YRI.2way.rand.61,-0.281125483491079,-0.567479558687564,0.0658942631858598,32,corsym
MXL,P1.anc.YRI.2way.rand.61,P2.anc.YRI.2way.rand.61,-0.434414017487618,-0.680089671446408,-0.101022721591462,32,pearson
MXL,P1.anc.YRI.2way.rand.62,P2.anc.YRI.2way.rand.62,-0.281125483491079,-0.567479558687564,0.0658942631858598,32,corsym
MXL,P1.anc.YRI.2way.rand.62,P2.anc.YRI.2way.rand.62,-0.397170023505759,-0.655133970909698,-0.0562687583307878,32,pearson
MXL,P1.anc.YRI.2way.rand.63,P2.anc.YRI.2way.rand.63,-0.281125483491079,-0.567479558687564,0.0658942631858598,32,corsym
MXL,P1.anc.YRI.2way.rand.63,P2.anc.YRI.2way.rand.63,-0.382835982080904,-0.645376911286912,-0.0394018699937103,32,pearson
MXL,P1.anc.YRI.2way.rand.64,P2.anc.YRI.2way.rand.64,-0.281125483491079,-0.567479558687564,0.0658942631858598,32,corsym
MXL,P1.anc.YRI.2way.rand.64,P2.anc.YRI.2way.rand.64,-0.454519501627822,-0.693328999926391,-0.12575644539478,32,pearson
MXL,P1.anc.YRI.2way.rand.65,P2.anc.YRI.2way.rand.65,-0.281125483491079,-0.567479558687564,0.0658942631858598,32,corsym
MXL,P1.anc.YRI.2way.rand.65,P2.anc.YRI.2way.rand.65,-0.389374002584593,-0.6498379378192,-0.0470709694119436,32,pearson
MXL,P1.anc.YRI.2way.rand.66,P2.anc.YRI.2way.rand.66,-0.281125483491079,-0.567479558687564,0.0658942631858598,32,corsym
MXL,P1.anc.YRI.2way.rand.66,P2.anc.YRI.2way.rand.66,-0.382222519565458,-0.644957412088172,-0.0386843487011076,32,pearson
MXL,P1.anc.YRI.2way.rand.67,P2.anc.YRI.2way.rand.67,-0.281125483491079,-0.567479558687564,0.0658942631858598,32,corsym
MXL,P1.anc.YRI.2way.rand.67,P2.anc.YRI.2way.rand.67,-0.436619294554955,-0.681549698147285,-0.103715674470949,32,pearson
MXL,P1.anc.YRI.2way.rand.68,P2.anc.YRI.2way.rand.68,-0.281125483491079,-0.567479558687564,0.0658942631858598,32,corsym
MXL,P1.anc.YRI.2way.rand.68,P2.anc.YRI.2way.rand.68,-0.403267983078193,-0.659258873047588,-0.0635037232779363,32,pearson
MXL,P1.anc.YRI.2way.rand.69,P2.anc.YRI.2way.rand.69,-0.281125483491078,-0.567479558687564,0.0658942631858599,32,corsym
MXL,P1.anc.YRI.2way.rand.69,P2.anc.YRI.2way.rand.69,-0.416858323631049,-0.668396816826767,-0.0797575976006901,32,pearson
MXL,P1.anc.YRI.2way.rand.70,P2.anc.YRI.2way.rand.70,-0.281125483491079,-0.567479558687564,0.0658942631858598,32,corsym
MXL,P1.anc.YRI.2way.rand.70,P2.anc.YRI.2way.rand.70,-0.40000754817008,-0.657055300390707,-0.0596309106044648,32,pearson
MXL,P1.anc.YRI.2way.rand.71,P2.anc.YRI.2way.rand.71,-0.281125483491079,-0.567479558687564,0.0658942631858598,32,corsym
MXL,P1.anc.YRI.2way.rand.71,P2.anc.YRI.2way.rand.71,-0.376764047526362,-0.641217803311947,-0.0323155432874309,32,pearson
MXL,P1.anc.YRI.2way.rand.72,P2.anc.YRI.2way.rand.72,-0.281125483491079,-0.567479558687564,0.0658942631858598,32,corsym
MXL,P1.anc.YRI.2way.rand.72,P2.anc.YRI.2way.rand.72,-0.421054155323076,-0.671202774968089,-0.0848122368472445,32,pearson
MXL,P1.anc.YRI.2way.rand.73,P2.anc.YRI.2way.rand.73,-0.281125483491078,-0.567479558687564,0.0658942631858599,32,corsym
MXL,P1.anc.YRI.2way.rand.73,P2.anc.YRI.2way.rand.73,-0.380389642712061,-0.643703106526374,-0.0365426778645153,32,pearson
MXL,P1.anc.YRI.2way.rand.74,P2.anc.YRI.2way.rand.74,-0.281125483491079,-0.567479558687564,0.0658942631858598,32,corsym
MXL,P1.anc.YRI.2way.rand.74,P2.anc.YRI.2way.rand.74,-0.378685136851546,-0.642535379034549,-0.0345538357245018,32,pearson
MXL,P1.anc.YRI.2way.rand.75,P2.anc.YRI.2way.rand.75,-0.281125483491079,-0.567479558687564,0.0658942631858598,32,corsym
MXL,P1.anc.YRI.2way.rand.75,P2.anc.YRI.2way.rand.75,-0.355510947329891,-0.626536605576001,-0.0077816223382333,32,pearson
MXL,P1.anc.YRI.2way.rand.76,P2.anc.YRI.2way.rand.76,-0.281125483491079,-0.567479558687564,0.0658942631858598,32,corsym
MXL,P1.anc.YRI.2way.rand.76,P2.anc.YRI.2way.rand.76,-0.408576819677366,-0.662837478680482,-0.0698316432126522,32,pearson
MXL,P1.anc.YRI.2way.rand.77,P2.anc.YRI.2way.rand.77,-0.281125483491078,-0.567479558687564,0.0658942631858599,32,corsym
MXL,P1.anc.YRI.2way.rand.77,P2.anc.YRI.2way.rand.77,-0.461711896440579,-0.698026314384345,-0.134704896658005,32,pearson
MXL,P1.anc.YRI.2way.rand.78,P2.anc.YRI.2way.rand.78,-0.281125483491079,-0.567479558687564,0.0658942631858598,32,corsym
MXL,P1.anc.YRI.2way.rand.78,P2.anc.YRI.2way.rand.78,-0.482034014806096,-0.711189567939222,-0.160280341935968,32,pearson
MXL,P1.anc.YRI.2way.rand.79,P2.anc.YRI.2way.rand.79,-0.281125483491079,-0.567479558687564,0.0658942631858598,32,corsym
MXL,P1.anc.YRI.2way.rand.79,P2.anc.YRI.2way.rand.79,-0.429581363592128,-0.676883333551746,-0.0951384067348278,32,pearson
MXL,P1.anc.YRI.2way.rand.80,P2.anc.YRI.2way.rand.80,-0.281125483491078,-0.567479558687564,0.0658942631858599,32,corsym
MXL,P1.anc.YRI.2way.rand.80,P2.anc.YRI.2way.rand.80,-0.378976132096606,-0.642734821635242,-0.0348931803590147,32,pearson
MXL,P1.anc.YRI.2way.rand.81,P2.anc.YRI.2way.rand.81,-0.281125483491079,-0.567479558687564,0.0658942631858598,32,corsym
MXL,P1.anc.YRI.2way.rand.81,P2.anc.YRI.2way.rand.81,-0.394572167992834,-0.65337199424352,-0.0531973521759581,32,pearson
MXL,P1.anc.YRI.2way.rand.82,P2.anc.YRI.2way.rand.82,-0.281125483491079,-0.567479558687564,0.0658942631858598,32,corsym
MXL,P1.anc.YRI.2way.rand.82,P2.anc.YRI.2way.rand.82,-0.389738889254027,-0.650086379962467,-0.0475001738043058,32,pearson
MXL,P1.anc.YRI.2way.rand.83,P2.anc.YRI.2way.rand.83,-0.281125483491078,-0.567479558687564,0.0658942631858599,32,corsym
MXL,P1.anc.YRI.2way.rand.83,P2.anc.YRI.2way.rand.83,-0.451577271880421,-0.691401578711263,-0.122111210372386,32,pearson
MXL,P1.anc.YRI.2way.rand.84,P2.anc.YRI.2way.rand.84,-0.281125483491078,-0.567479558687564,0.0658942631858599,32,corsym
MXL,P1.anc.YRI.2way.rand.84,P2.anc.YRI.2way.rand.84,-0.372935257360454,-0.638587175269329,-0.027864838542775,32,pearson
MXL,P1.anc.YRI.2way.rand.85,P2.anc.YRI.2way.rand.85,-0.281125483491079,-0.567479558687564,0.0658942631858598,32,corsym
MXL,P1.anc.YRI.2way.rand.85,P2.anc.YRI.2way.rand.85,-0.404219139856595,-0.659900887184906,-0.0646354585738973,32,pearson
MXL,P1.anc.YRI.2way.rand.86,P2.anc.YRI.2way.rand.86,-0.281125483491078,-0.567479558687564,0.0658942631858599,32,corsym
MXL,P1.anc.YRI.2way.rand.86,P2.anc.YRI.2way.rand.86,-0.370750899896939,-0.637083592972236,-0.02533178796354,32,pearson
MXL,P1.anc.YRI.2way.rand.87,P2.anc.YRI.2way.rand.87,-0.281125483491079,-0.567479558687564,0.0658942631858598,32,corsym
MXL,P1.anc.YRI.2way.rand.87,P2.anc.YRI.2way.rand.87,-0.380012781414438,-0.643445030905961,-0.0361027159781333,32,pearson
MXL,P1.anc.YRI.2way.rand.88,P2.anc.YRI.2way.rand.88,-0.281125483491079,-0.567479558687564,0.0658942631858598,32,corsym
MXL,P1.anc.YRI.2way.rand.88,P2.anc.YRI.2way.rand.88,-0.390699377162543,-0.650740085993263,-0.0486305691629063,32,pearson
MXL,P1.anc.YRI.2way.rand.89,P2.anc.YRI.2way.rand.89,-0.281125483491078,-0.567479558687564,0.0658942631858599,32,corsym
MXL,P1.anc.YRI.2way.rand.89,P2.anc.YRI.2way.rand.89,-0.404427144085733,-0.660041236655474,-0.064883069171168,32,pearson
MXL,P1.anc.YRI.2way.rand.90,P2.anc.YRI.2way.rand.90,-0.281125483491078,-0.567479558687564,0.0658942631858599,32,corsym
MXL,P1.anc.YRI.2way.rand.90,P2.anc.YRI.2way.rand.90,-0.363402868665561,-0.632010722221669,-0.0168432092194064,32,pearson
MXL,P1.anc.YRI.2way.rand.91,P2.anc.YRI.2way.rand.91,-0.281125483491079,-0.567479558687564,0.0658942631858598,32,corsym
MXL,P1.anc.YRI.2way.rand.91,P2.anc.YRI.2way.rand.91,-0.414194984103841,-0.666611988896289,-0.0765580920250864,32,pearson
MXL,P1.anc.YRI.2way.rand.92,P2.anc.YRI.2way.rand.92,-0.281125483491079,-0.567479558687564,0.0658942631858598,32,corsym
MXL,P1.anc.YRI.2way.rand.92,P2.anc.YRI.2way.rand.92,-0.372129810232447,-0.638032989131693,-0.0269303003076736,32,pearson
MXL,P1.anc.YRI.2way.rand.93,P2.anc.YRI.2way.rand.93,-0.281125483491079,-0.567479558687564,0.0658942631858598,32,corsym
MXL,P1.anc.YRI.2way.rand.93,P2.anc.YRI.2way.rand.93,-0.413021637280259,-0.665824754985054,-0.0751507377357976,32,pearson
MXL,P1.anc.YRI.2way.rand.94,P2.anc.YRI.2way.rand.94,-0.281125483491078,-0.567479558687564,0.0658942631858599,32,corsym
MXL,P1.anc.YRI.2way.rand.94,P2.anc.YRI.2way.rand.94,-0.373869897374959,-0.639229907099565,-0.0289500323742356,32,pearson
MXL,P1.anc.YRI.2way.rand.95,P2.anc.YRI.2way.rand.95,-0.281125483491079,-0.567479558687564,0.0658942631858598,32,corsym
MXL,P1.anc.YRI.2way.rand.95,P2.anc.YRI.2way.rand.95,-0.385761789494172,-0.647375466534224,-0.0428288480983172,32,pearson
MXL,P1.anc.YRI.2way.rand.96,P2.anc.YRI.2way.rand.96,-0.281125483491079,-0.567479558687564,0.0658942631858598,32,corsym
MXL,P1.anc.YRI.2way.rand.96,P2.anc.YRI.2way.rand.96,-0.401766349847233,-0.658244536600436,-0.0617187798559965,32,pearson
MXL,P1.anc.YRI.2way.rand.97,P2.anc.YRI.2way.rand.97,-0.281125483491079,-0.567479558687564,0.0658942631858598,32,corsym
MXL,P1.anc.YRI.2way.rand.97,P2.anc.YRI.2way.rand.97,-0.444668176603739,-0.686862048631698,-0.113586081983095,32,pearson
MXL,P1.anc.YRI.2way.rand.98,P2.anc.YRI.2way.rand.98,-0.281125483491079,-0.567479558687564,0.0658942631858598,32,corsym
MXL,P1.anc.YRI.2way.rand.98,P2.anc.YRI.2way.rand.98,-0.393372311719807,-0.652557252756603,-0.0517809570113351,32,pearson
MXL,P1.anc.YRI.2way.rand.99,P2.anc.YRI.2way.rand.99,-0.281125483491079,-0.567479558687564,0.0658942631858598,32,corsym
MXL,P1.anc.YRI.2way.rand.99,P2.anc.YRI.2way.rand.99,-0.40220066924466,-0.658538010250164,-0.062234817964308,32,pearson
MXL,P1.anc.YRI.2way.rand.100,P2.anc.YRI.2way.rand.100,-0.281125483491079,-0.567479558687564,0.0658942631858598,32,corsym
MXL,P1.anc.YRI.2way.rand.100,P2.anc.YRI.2way.rand.100,-0.455683201169315,-0.694090384461329,-0.127200649029543,32,pearson
PEL,P1.anc.YRI,P2.anc.YRI,0.6563559450353,0.420051230329765,0.809306117503844,35,corsym
PEL,P1.anc.IBS,P2.anc.IBS,0.0651142159139476,-0.266807732528093,0.383226976564934,35,corsym
PEL,P1.anc.NAM,P2.anc.NAM,0.0874042998153603,-0.245860607063983,0.402189413762898,35,corsym
PEL,P1.anc.YRI.2way,P2.anc.YRI.2way,0.0660004160281664,-0.265980868770815,0.383986031045944,35,corsym
PEL,P1.adm.YRI,P2.adm.YRI,0.0823304536903973,-0.250656279615685,0.397896643379799,35,corsym
PEL,P1.adm.IBS,P2.adm.IBS,0.388308562587841,0.0710565747947357,0.634215519931188,35,corsym
PEL,P1.adm.NAM,P2.adm.NAM,0.424825055681103,0.114431398527039,0.659650834996948,35,corsym
PEL,P1.anc.YRI,P2.anc.YRI,0.710742101371338,0.494655990216754,0.844068935532654,35,pearson
PEL,P1.anc.IBS,P2.anc.IBS,0.215655720923389,-0.126696026653166,0.512099457618326,35,pearson
PEL,P1.anc.NAM,P2.anc.NAM,0.228535340626475,-0.113343270131452,0.522025172333212,35,pearson
PEL,P1.anc.YRI.2way,P2.anc.YRI.2way,0.112545529426431,-0.22930104454467,0.429676867427383,35,pearson
PEL,P1.adm.YRI,P2.adm.YRI,0.104107031361132,-0.237374831448412,0.422689092838436,35,pearson
PEL,P1.adm.IBS,P2.adm.IBS,0.376947317972423,0.049978948567001,0.630937740501695,35,pearson
PEL,P1.adm.NAM,P2.adm.NAM,0.41475362003307,0.0945793851165514,0.657169362655215,35,pearson
PEL,P1.anc.YRI.2way.rand.1,P2.anc.YRI.2way.rand.1,0.0660004160281664,-0.265980868770815,0.383986031045944,35,corsym
PEL,P1.anc.YRI.2way.rand.1,P2.anc.YRI.2way.rand.1,0.0638600038439698,-0.275244043787243,0.388831770649214,35,pearson
PEL,P1.anc.YRI.2way.rand.2,P2.anc.YRI.2way.rand.2,0.0660004160281664,-0.265980868770815,0.383986031045944,35,corsym
PEL,P1.anc.YRI.2way.rand.2,P2.anc.YRI.2way.rand.2,0.0682674026133523,-0.271147718937637,0.392582738541353,35,pearson
PEL,P1.anc.YRI.2way.rand.3,P2.anc.YRI.2way.rand.3,0.0660004160281664,-0.265980868770815,0.383986031045944,35,corsym
PEL,P1.anc.YRI.2way.rand.3,P2.anc.YRI.2way.rand.3,0.0983240132256976,-0.242880796961391,0.417878299888765,35,pearson
PEL,P1.anc.YRI.2way.rand.4,P2.anc.YRI.2way.rand.4,0.0660004160281664,-0.265980868770815,0.383986031045944,35,corsym
PEL,P1.anc.YRI.2way.rand.4,P2.anc.YRI.2way.rand.4,0.143692748118332,-0.199087104706396,0.455144640679483,35,pearson
PEL,P1.anc.YRI.2way.rand.5,P2.anc.YRI.2way.rand.5,0.0660004160281664,-0.265980868770815,0.383986031045944,35,corsym
PEL,P1.anc.YRI.2way.rand.5,P2.anc.YRI.2way.rand.5,0.0529896978596459,-0.28529476240899,0.379534187227503,35,pearson
PEL,P1.anc.YRI.2way.rand.6,P2.anc.YRI.2way.rand.6,0.0660004160281664,-0.265980868770815,0.383986031045944,35,corsym
PEL,P1.anc.YRI.2way.rand.6,P2.anc.YRI.2way.rand.6,0.0779936537019563,-0.262064232621258,0.400822377515525,35,pearson
PEL,P1.anc.YRI.2way.rand.7,P2.anc.YRI.2way.rand.7,0.0660004160281664,-0.265980868770815,0.383986031045944,35,corsym
PEL,P1.anc.YRI.2way.rand.7,P2.anc.YRI.2way.rand.7,0.0525796931254066,-0.285672403589857,0.379182206663002,35,pearson
PEL,P1.anc.YRI.2way.rand.8,P2.anc.YRI.2way.rand.8,0.0660004160281664,-0.265980868770815,0.383986031045944,35,corsym
PEL,P1.anc.YRI.2way.rand.8,P2.anc.YRI.2way.rand.8,0.0560808771836998,-0.282444198808265,0.382184861157053,35,pearson
PEL,P1.anc.YRI.2way.rand.9,P2.anc.YRI.2way.rand.9,0.0660004160281664,-0.265980868770815,0.383986031045944,35,corsym
PEL,P1.anc.YRI.2way.rand.9,P2.anc.YRI.2way.rand.9,0.0544360511786116,-0.283961737038629,0.38077509712886,35,pearson
PEL,P1.anc.YRI.2way.rand.10,P2.anc.YRI.2way.rand.10,0.0660004160281664,-0.265980868770815,0.383986031045944,35,corsym
PEL,P1.anc.YRI.2way.rand.10,P2.anc.YRI.2way.rand.10,0.059298306720561,-0.279470848936419,0.384938106370039,35,pearson
PEL,P1.anc.YRI.2way.rand.11,P2.anc.YRI.2way.rand.11,0.0660004160281664,-0.265980868770815,0.383986031045944,35,corsym
PEL,P1.anc.YRI.2way.rand.11,P2.anc.YRI.2way.rand.11,0.0534262865722678,-0.284892520138795,0.379908885695154,35,pearson
PEL,P1.anc.YRI.2way.rand.12,P2.anc.YRI.2way.rand.12,0.0660004160281664,-0.265980868770815,0.383986031045944,35,corsym
PEL,P1.anc.YRI.2way.rand.12,P2.anc.YRI.2way.rand.12,0.0621029500076295,-0.276873659254494,0.387333399974097,35,pearson
PEL,P1.anc.YRI.2way.rand.13,P2.anc.YRI.2way.rand.13,0.0660004160281664,-0.265980868770815,0.383986031045944,35,corsym
PEL,P1.anc.YRI.2way.rand.13,P2.anc.YRI.2way.rand.13,0.0529027742570776,-0.285374833507758,0.379459573011771,35,pearson
PEL,P1.anc.YRI.2way.rand.14,P2.anc.YRI.2way.rand.14,0.0660004160281664,-0.265980868770815,0.383986031045944,35,corsym
PEL,P1.anc.YRI.2way.rand.14,P2.anc.YRI.2way.rand.14,0.0589958837657759,-0.279750606509154,0.384679561064134,35,pearson
PEL,P1.anc.YRI.2way.rand.15,P2.anc.YRI.2way.rand.15,0.0660004160281664,-0.265980868770815,0.383986031045944,35,corsym
PEL,P1.anc.YRI.2way.rand.15,P2.anc.YRI.2way.rand.15,0.076574366215512,-0.263393491100865,0.399623267121823,35,pearson
PEL,P1.anc.YRI.2way.rand.16,P2.anc.YRI.2way.rand.16,0.0660004160281664,-0.265980868770815,0.383986031045944,35,corsym
PEL,P1.anc.YRI.2way.rand.16,P2.anc.YRI.2way.rand.16,0.0516940283012381,-0.28648780043029,0.378421559040788,35,pearson
PEL,P1.anc.YRI.2way.rand.17,P2.anc.YRI.2way.rand.17,0.0660004160281664,-0.265980868770815,0.383986031045944,35,corsym
PEL,P1.anc.YRI.2way.rand.17,P2.anc.YRI.2way.rand.17,0.056253152390082,-0.282285157338229,0.382332428758602,35,pearson
PEL,P1.anc.YRI.2way.rand.18,P2.anc.YRI.2way.rand.18,0.0660004160281664,-0.265980868770815,0.383986031045944,35,corsym
PEL,P1.anc.YRI.2way.rand.18,P2.anc.YRI.2way.rand.18,0.0842322305442125,-0.256206043210396,0.406080067106308,35,pearson
PEL,P1.anc.YRI.2way.rand.19,P2.anc.YRI.2way.rand.19,0.0660004160281664,-0.265980868770815,0.383986031045944,35,corsym
PEL,P1.anc.YRI.2way.rand.19,P2.anc.YRI.2way.rand.19,0.060118620686935,-0.278711724475903,0.385639146182337,35,pearson
PEL,P1.anc.YRI.2way.rand.20,P2.anc.YRI.2way.rand.20,0.0660004160281664,-0.265980868770815,0.383986031045944,35,corsym
PEL,P1.anc.YRI.2way.rand.20,P2.anc.YRI.2way.rand.20,0.0988088122175633,-0.242420066410283,0.418282285165978,35,pearson
PEL,P1.anc.YRI.2way.rand.21,P2.anc.YRI.2way.rand.21,0.0660004160281664,-0.265980868770815,0.383986031045944,35,corsym
PEL,P1.anc.YRI.2way.rand.21,P2.anc.YRI.2way.rand.21,0.0548592953592183,-0.283571408283133,0.381138000534564,35,pearson
PEL,P1.anc.YRI.2way.rand.22,P2.anc.YRI.2way.rand.22,0.0660004160281664,-0.265980868770815,0.383986031045944,35,corsym
PEL,P1.anc.YRI.2way.rand.22,P2.anc.YRI.2way.rand.22,0.053970267353924,-0.284391167563047,0.380375602609215,35,pearson
PEL,P1.anc.YRI.2way.rand.23,P2.anc.YRI.2way.rand.23,0.0660004160281664,-0.265980868770815,0.383986031045944,35,corsym
PEL,P1.anc.YRI.2way.rand.23,P2.anc.YRI.2way.rand.23,0.0532881212260017,-0.285019828902873,0.379790318074467,35,pearson
PEL,P1.anc.YRI.2way.rand.24,P2.anc.YRI.2way.rand.24,0.0660004160281664,-0.265980868770815,0.383986031045944,35,corsym
PEL,P1.anc.YRI.2way.rand.24,P2.anc.YRI.2way.rand.24,0.0820680084028169,-0.258241142223676,0.404258534719355,35,pearson
PEL,P1.anc.YRI.2way.rand.25,P2.anc.YRI.2way.rand.25,0.0660004160281664,-0.265980868770815,0.383986031045944,35,corsym
PEL,P1.anc.YRI.2way.rand.25,P2.anc.YRI.2way.rand.25,0.0572653037696465,-0.281350380824413,0.383199082208038,35,pearson
PEL,P1.anc.YRI.2way.rand.26,P2.anc.YRI.2way.rand.26,0.0660004160281664,-0.265980868770815,0.383986031045944,35,corsym
PEL,P1.anc.YRI.2way.rand.26,P2.anc.YRI.2way.rand.26,0.0666683866524643,-0.2726352989295,0.391223123370596,35,pearson
PEL,P1.anc.YRI.2way.rand.27,P2.anc.YRI.2way.rand.27,0.0660004160281664,-0.265980868770815,0.383986031045944,35,corsym
PEL,P1.anc.YRI.2way.rand.27,P2.anc.YRI.2way.rand.27,0.0690006870539778,-0.270464994648895,0.393205763704543,35,pearson
PEL,P1.anc.YRI.2way.rand.28,P2.anc.YRI.2way.rand.28,0.0660004160281664,-0.265980868770815,0.383986031045944,35,corsym
PEL,P1.anc.YRI.2way.rand.28,P2.anc.YRI.2way.rand.28,0.0526634630854549,-0.285595254514963,0.379254129120547,35,pearson
PEL,P1.anc.YRI.2way.rand.29,P2.anc.YRI.2way.rand.29,0.0660004160281664,-0.265980868770815,0.383986031045944,35,corsym
PEL,P1.anc.YRI.2way.rand.29,P2.anc.YRI.2way.rand.29,0.0542599234422382,-0.284124134394236,0.380624049817841,35,pearson
PEL,P1.anc.YRI.2way.rand.30,P2.anc.YRI.2way.rand.30,0.0660004160281664,-0.265980868770815,0.383986031045944,35,corsym
PEL,P1.anc.YRI.2way.rand.30,P2.anc.YRI.2way.rand.30,0.0593278282368058,-0.279443536857046,0.384963341959395,35,pearson
PEL,P1.anc.YRI.2way.rand.31,P2.anc.YRI.2way.rand.31,0.0660004160281664,-0.265980868770815,0.383986031045944,35,corsym
PEL,P1.anc.YRI.2way.rand.31,P2.anc.YRI.2way.rand.31,0.0717059925947893,-0.267943263708486,0.395501717397957,35,pearson
PEL,P1.anc.YRI.2way.rand.32,P2.anc.YRI.2way.rand.32,0.0660004160281664,-0.265980868770815,0.383986031045944,35,corsym
PEL,P1.anc.YRI.2way.rand.32,P2.anc.YRI.2way.rand.32,0.0620449907731171,-0.276927381530036,0.387283944528256,35,pearson
PEL,P1.anc.YRI.2way.rand.33,P2.anc.YRI.2way.rand.33,0.0660004160281664,-0.265980868770815,0.383986031045944,35,corsym
PEL,P1.anc.YRI.2way.rand.33,P2.anc.YRI.2way.rand.33,0.0590872665829551,-0.279666078530515,0.384757690807867,35,pearson
PEL,P1.anc.YRI.2way.rand.34,P2.anc.YRI.2way.rand.34,0.0660004160281664,-0.265980868770815,0.383986031045944,35,corsym
PEL,P1.anc.YRI.2way.rand.34,P2.anc.YRI.2way.rand.34,0.053726685996322,-0.284615683930384,0.380166638684338,35,pearson
PEL,P1.anc.YRI.2way.rand.35,P2.anc.YRI.2way.rand.35,0.0660004160281664,-0.265980868770815,0.383986031045944,35,corsym
PEL,P1.anc.YRI.2way.rand.35,P2.anc.YRI.2way.rand.35,0.0835877163197079,-0.256812419764633,0.405537874572167,35,pearson
PEL,P1.anc.YRI.2way.rand.36,P2.anc.YRI.2way.rand.36,0.0660004160281664,-0.265980868770815,0.383986031045944,35,corsym
PEL,P1.anc.YRI.2way.rand.36,P2.anc.YRI.2way.rand.36,0.143787293685517,-0.198994389157748,0.455221178574802,35,pearson
PEL,P1.anc.YRI.2way.rand.37,P2.anc.YRI.2way.rand.37,0.0660004160281664,-0.265980868770815,0.383986031045944,35,corsym
PEL,P1.anc.YRI.2way.rand.37,P2.anc.YRI.2way.rand.37,0.0517530467785053,-0.286433479665802,0.378472260412565,35,pearson
PEL,P1.anc.YRI.2way.rand.38,P2.anc.YRI.2way.rand.38,0.0660004160281664,-0.265980868770815,0.383986031045944,35,corsym
PEL,P1.anc.YRI.2way.rand.38,P2.anc.YRI.2way.rand.38,0.0573762592420847,-0.281247868347114,0.383294052812408,35,pearson
PEL,P1.anc.YRI.2way.rand.39,P2.anc.YRI.2way.rand.39,0.0660004160281664,-0.265980868770815,0.383986031045944,35,corsym
PEL,P1.anc.YRI.2way.rand.39,P2.anc.YRI.2way.rand.39,0.0710720467979523,-0.26853460948273,0.394964059556014,35,pearson
PEL,P1.anc.YRI.2way.rand.40,P2.anc.YRI.2way.rand.40,0.0660004160281664,-0.265980868770815,0.383986031045944,35,corsym
PEL,P1.anc.YRI.2way.rand.40,P2.anc.YRI.2way.rand.40,0.0554748931162254,-0.283003484921793,0.381665654774792,35,pearson
PEL,P1.anc.YRI.2way.rand.41,P2.anc.YRI.2way.rand.41,0.0660004160281664,-0.265980868770815,0.383986031045944,35,corsym
PEL,P1.anc.YRI.2way.rand.41,P2.anc.YRI.2way.rand.41,0.0872810028946186,-0.253334038987419,0.408641755505585,35,pearson
PEL,P1.anc.YRI.2way.rand.42,P2.anc.YRI.2way.rand.42,0.0660004160281664,-0.265980868770815,0.383986031045944,35,corsym
PEL,P1.anc.YRI.2way.rand.42,P2.anc.YRI.2way.rand.42,0.129995160602117,-0.212455028881528,0.444007122121252,35,pearson
PEL,P1.anc.YRI.2way.rand.43,P2.anc.YRI.2way.rand.43,0.0660004160281664,-0.265980868770815,0.383986031045944,35,corsym
PEL,P1.anc.YRI.2way.rand.43,P2.anc.YRI.2way.rand.43,0.0517417352072518,-0.286443891034691,0.37846254306229,35,pearson
PEL,P1.anc.YRI.2way.rand.44,P2.anc.YRI.2way.rand.44,0.0660004160281664,-0.265980868770815,0.383986031045944,35,corsym
PEL,P1.anc.YRI.2way.rand.44,P2.anc.YRI.2way.rand.44,0.0565181857859188,-0.28204044678202,0.382559418754017,35,pearson
PEL,P1.anc.YRI.2way.rand.45,P2.anc.YRI.2way.rand.45,0.0660004160281664,-0.265980868770815,0.383986031045944,35,corsym
PEL,P1.anc.YRI.2way.rand.45,P2.anc.YRI.2way.rand.45,0.0825959177402361,-0.257745007685269,0.404703089023293,35,pearson
PEL,P1.anc.YRI.2way.rand.46,P2.anc.YRI.2way.rand.46,0.0660004160281664,-0.265980868770815,0.383986031045944,35,corsym
PEL,P1.anc.YRI.2way.rand.46,P2.anc.YRI.2way.rand.46,0.0930653986334865,-0.247868469870898,0.413488136854921,35,pearson
PEL,P1.anc.YRI.2way.rand.47,P2.anc.YRI.2way.rand.47,0.0660004160281664,-0.265980868770815,0.383986031045944,35,corsym
PEL,P1.anc.YRI.2way.rand.47,P2.anc.YRI.2way.rand.47,0.056244357484022,-0.282293277093107,0.382324895615466,35,pearson
PEL,P1.anc.YRI.2way.rand.48,P2.anc.YRI.2way.rand.48,0.0660004160281664,-0.265980868770815,0.383986031045944,35,corsym
PEL,P1.anc.YRI.2way.rand.48,P2.anc.YRI.2way.rand.48,0.0715554764677152,-0.268083688592721,0.395374082759796,35,pearson
PEL,P1.anc.YRI.2way.rand.49,P2.anc.YRI.2way.rand.49,0.0660004160281664,-0.265980868770815,0.383986031045944,35,corsym
PEL,P1.anc.YRI.2way.rand.49,P2.anc.YRI.2way.rand.49,0.0527510823196558,-0.285514555707804,0.37932935223084,35,pearson
PEL,P1.anc.YRI.2way.rand.50,P2.anc.YRI.2way.rand.50,0.0660004160281664,-0.265980868770815,0.383986031045944,35,corsym
PEL,P1.anc.YRI.2way.rand.50,P2.anc.YRI.2way.rand.50,0.0669418828177539,-0.272380977760686,0.391455772834701,35,pearson
PEL,P1.anc.YRI.2way.rand.51,P2.anc.YRI.2way.rand.51,0.0660004160281664,-0.265980868770815,0.383986031045944,35,corsym
PEL,P1.anc.YRI.2way.rand.51,P2.anc.YRI.2way.rand.51,0.0608438577599216,-0.278040232034199,0.386258620462696,35,pearson
PEL,P1.anc.YRI.2way.rand.52,P2.anc.YRI.2way.rand.52,0.0660004160281664,-0.265980868770815,0.383986031045944,35,corsym
PEL,P1.anc.YRI.2way.rand.52,P2.anc.YRI.2way.rand.52,0.0561921412895591,-0.282341483851879,0.382280169734968,35,pearson
PEL,P1.anc.YRI.2way.rand.53,P2.anc.YRI.2way.rand.53,0.0660004160281664,-0.265980868770815,0.383986031045944,35,corsym
PEL,P1.anc.YRI.2way.rand.53,P2.anc.YRI.2way.rand.53,0.136348670110409,-0.206270328535876,0.449185259210656,35,pearson
PEL,P1.anc.YRI.2way.rand.54,P2.anc.YRI.2way.rand.54,0.0660004160281664,-0.265980868770815,0.383986031045944,35,corsym
PEL,P1.anc.YRI.2way.rand.54,P2.anc.YRI.2way.rand.54,0.0521949131480163,-0.286026715589839,0.378851795035277,35,pearson
PEL,P1.anc.YRI.2way.rand.55,P2.anc.YRI.2way.rand.55,0.0660004160281664,-0.265980868770815,0.383986031045944,35,corsym
PEL,P1.anc.YRI.2way.rand.55,P2.anc.YRI.2way.rand.55,0.0534509401132041,-0.284869802537766,0.379930041187036,35,pearson
PEL,P1.anc.YRI.2way.rand.56,P2.anc.YRI.2way.rand.56,0.0660004160281664,-0.265980868770815,0.383986031045944,35,corsym
PEL,P1.anc.YRI.2way.rand.56,P2.anc.YRI.2way.rand.56,0.0591940663649112,-0.27956728339399,0.384848995709913,35,pearson
PEL,P1.anc.YRI.2way.rand.57,P2.anc.YRI.2way.rand.57,0.0660004160281664,-0.265980868770815,0.383986031045944,35,corsym
PEL,P1.anc.YRI.2way.rand.57,P2.anc.YRI.2way.rand.57,0.0588147443498427,-0.279918142713684,0.384524678153382,35,pearson
PEL,P1.anc.YRI.2way.rand.58,P2.anc.YRI.2way.rand.58,0.0660004160281664,-0.265980868770815,0.383986031045944,35,corsym
PEL,P1.anc.YRI.2way.rand.58,P2.anc.YRI.2way.rand.58,0.0604899812909309,-0.278367925412417,0.385956387184741,35,pearson
PEL,P1.anc.YRI.2way.rand.59,P2.anc.YRI.2way.rand.59,0.0660004160281664,-0.265980868770815,0.383986031045944,35,corsym
PEL,P1.anc.YRI.2way.rand.59,P2.anc.YRI.2way.rand.59,0.0516490076130306,-0.286529236130435,0.378382881518819,35,pearson
PEL,P1.anc.YRI.2way.rand.60,P2.anc.YRI.2way.rand.60,0.0660004160281664,-0.265980868770815,0.383986031045944,35,corsym
PEL,P1.anc.YRI.2way.rand.60,P2.anc.YRI.2way.rand.60,0.069025412820148,-0.270441967778603,0.3932267664285,35,pearson
PEL,P1.anc.YRI.2way.rand.61,P2.anc.YRI.2way.rand.61,0.0660004160281664,-0.265980868770815,0.383986031045944,35,corsym
PEL,P1.anc.YRI.2way.rand.61,P2.anc.YRI.2way.rand.61,0.0559625858130673,-0.282553392566106,0.382083525430706,35,pearson
PEL,P1.anc.YRI.2way.rand.62,P2.anc.YRI.2way.rand.62,0.0660004160281664,-0.265980868770815,0.383986031045944,35,corsym
PEL,P1.anc.YRI.2way.rand.62,P2.anc.YRI.2way.rand.62,0.0598202126115787,-0.278987922466606,0.385384170311159,35,pearson
PEL,P1.anc.YRI.2way.rand.63,P2.anc.YRI.2way.rand.63,0.0660004160281664,-0.265980868770815,0.383986031045944,35,corsym
PEL,P1.anc.YRI.2way.rand.63,P2.anc.YRI.2way.rand.63,0.166154455388797,-0.17688635719132,0.473199741851595,35,pearson
PEL,P1.anc.YRI.2way.rand.64,P2.anc.YRI.2way.rand.64,0.0660004160281664,-0.265980868770815,0.383986031045944,35,corsym
PEL,P1.anc.YRI.2way.rand.64,P2.anc.YRI.2way.rand.64,0.0551093886349728,-0.283340711877278,0.381352391440821,35,pearson
PEL,P1.anc.YRI.2way.rand.65,P2.anc.YRI.2way.rand.65,0.0660004160281664,-0.265980868770815,0.383986031045944,35,corsym
PEL,P1.anc.YRI.2way.rand.65,P2.anc.YRI.2way.rand.65,0.0703199160604278,-0.269235866537275,0.394325879598632,35,pearson
PEL,P1.anc.YRI.2way.rand.66,P2.anc.YRI.2way.rand.66,0.0660004160281664,-0.265980868770815,0.383986031045944,35,corsym
PEL,P1.anc.YRI.2way.rand.66,P2.anc.YRI.2way.rand.66,0.0516246634647908,-0.286551641232215,0.378361966851303,35,pearson
PEL,P1.anc.YRI.2way.rand.67,P2.anc.YRI.2way.rand.67,0.0660004160281664,-0.265980868770815,0.383986031045944,35,corsym
PEL,P1.anc.YRI.2way.rand.67,P2.anc.YRI.2way.rand.67,0.0547015837756528,-0.283716867848457,0.381002785215446,35,pearson
PEL,P1.anc.YRI.2way.rand.68,P2.anc.YRI.2way.rand.68,0.0660004160281664,-0.265980868770815,0.383986031045944,35,corsym
PEL,P1.anc.YRI.2way.rand.68,P2.anc.YRI.2way.rand.68,0.0526740609872482,-0.285585493921901,0.379263227890375,35,pearson
PEL,P1.anc.YRI.2way.rand.69,P2.anc.YRI.2way.rand.69,0.0660004160281664,-0.265980868770815,0.383986031045944,35,corsym
PEL,P1.anc.YRI.2way.rand.69,P2.anc.YRI.2way.rand.69,0.0562250208929379,-0.282311129117754,0.382308332999804,35,pearson
PEL,P1.anc.YRI.2way.rand.70,P2.anc.YRI.2way.rand.70,0.0660004160281664,-0.265980868770815,0.383986031045944,35,corsym
PEL,P1.anc.YRI.2way.rand.70,P2.anc.YRI.2way.rand.70,0.0691541815968494,-0.270322040365733,0.393336140586208,35,pearson
PEL,P1.anc.YRI.2way.rand.71,P2.anc.YRI.2way.rand.71,0.0660004160281664,-0.265980868770815,0.383986031045944,35,corsym
PEL,P1.anc.YRI.2way.rand.71,P2.anc.YRI.2way.rand.71,0.147375205516443,-0.195471383993943,0.458122319373116,35,pearson
PEL,P1.anc.YRI.2way.rand.72,P2.anc.YRI.2way.rand.72,0.0660004160281664,-0.265980868770815,0.383986031045944,35,corsym
PEL,P1.anc.YRI.2way.rand.72,P2.anc.YRI.2way.rand.72,0.0525928420599087,-0.285660294191303,0.379193496217825,35,pearson
PEL,P1.anc.YRI.2way.rand.73,P2.anc.YRI.2way.rand.73,0.0660004160281664,-0.265980868770815,0.383986031045944,35,corsym
PEL,P1.anc.YRI.2way.rand.73,P2.anc.YRI.2way.rand.73,0.0599625018859174,-0.278856230570165,0.385505756103316,35,pearson
PEL,P1.anc.YRI.2way.rand.74,P2.anc.YRI.2way.rand.74,0.0660004160281664,-0.265980868770815,0.383986031045944,35,corsym
PEL,P1.anc.YRI.2way.rand.74,P2.anc.YRI.2way.rand.74,0.0519370438076185,-0.28626411435127,0.37863031530608,35,pearson
PEL,P1.anc.YRI.2way.rand.75,P2.anc.YRI.2way.rand.75,0.0660004160281664,-0.265980868770815,0.383986031045944,35,corsym
PEL,P1.anc.YRI.2way.rand.75,P2.anc.YRI.2way.rand.75,0.0597636029790048,-0.279040312400611,0.385335794392733,35,pearson
PEL,P1.anc.YRI.2way.rand.76,P2.anc.YRI.2way.rand.76,0.0660004160281664,-0.265980868770815,0.383986031045944,35,corsym
PEL,P1.anc.YRI.2way.rand.76,P2.anc.YRI.2way.rand.76,0.0533236157886704,-0.284987124526402,0.379820779021696,35,pearson
PEL,P1.anc.YRI.2way.rand.77,P2.anc.YRI.2way.rand.77,0.0660004160281664,-0.265980868770815,0.383986031045944,35,corsym
PEL,P1.anc.YRI.2way.rand.77,P2.anc.YRI.2way.rand.77,0.0521311735429673,-0.286085399183214,0.378797053619471,35,pearson
PEL,P1.anc.YRI.2way.rand.78,P2.anc.YRI.2way.rand.78,0.0660004160281664,-0.265980868770815,0.383986031045944,35,corsym
PEL,P1.anc.YRI.2way.rand.78,P2.anc.YRI.2way.rand.78,0.162029152201819,-0.18099006973852,0.46990297765509,35,pearson
PEL,P1.anc.YRI.2way.rand.79,P2.anc.YRI.2way.rand.79,0.0660004160281664,-0.265980868770815,0.383986031045944,35,corsym
PEL,P1.anc.YRI.2way.rand.79,P2.anc.YRI.2way.rand.79,0.0550948900543866,-0.283354087038743,0.381339963580932,35,pearson
PEL,P1.anc.YRI.2way.rand.80,P2.anc.YRI.2way.rand.80,0.0660004160281664,-0.265980868770815,0.383986031045944,35,corsym
PEL,P1.anc.YRI.2way.rand.80,P2.anc.YRI.2way.rand.80,0.0577187183959529,-0.280931419378681,0.383587131923952,35,pearson
PEL,P1.anc.YRI.2way.rand.81,P2.anc.YRI.2way.rand.81,0.0660004160281664,-0.265980868770815,0.383986031045944,35,corsym
PEL,P1.anc.YRI.2way.rand.81,P2.anc.YRI.2way.rand.81,0.0521108697256877,-0.286104091909596,0.37877961563408,35,pearson
PEL,P1.anc.YRI.2way.rand.82,P2.anc.YRI.2way.rand.82,0.0660004160281664,-0.265980868770815,0.383986031045944,35,corsym
PEL,P1.anc.YRI.2way.rand.82,P2.anc.YRI.2way.rand.82,0.0570997140614405,-0.281503355852205,0.383057335464553,35,pearson
PEL,P1.anc.YRI.2way.rand.83,P2.anc.YRI.2way.rand.83,0.0660004160281664,-0.265980868770815,0.383986031045944,35,corsym
PEL,P1.anc.YRI.2way.rand.83,P2.anc.YRI.2way.rand.83,0.0808176428439415,-0.259415532784632,0.403204989887847,35,pearson
PEL,P1.anc.YRI.2way.rand.84,P2.anc.YRI.2way.rand.84,0.0660004160281664,-0.265980868770815,0.383986031045944,35,corsym
PEL,P1.anc.YRI.2way.rand.84,P2.anc.YRI.2way.rand.84,0.0540923571143204,-0.284278619741793,0.380480328610905,35,pearson
PEL,P1.anc.YRI.2way.rand.85,P2.anc.YRI.2way.rand.85,0.0660004160281664,-0.265980868770815,0.383986031045944,35,corsym
PEL,P1.anc.YRI.2way.rand.85,P2.anc.YRI.2way.rand.85,0.0553875920127265,-0.283084039518516,0.38159083833168,35,pearson
PEL,P1.anc.YRI.2way.rand.86,P2.anc.YRI.2way.rand.86,0.0660004160281664,-0.265980868770815,0.383986031045944,35,corsym
PEL,P1.anc.YRI.2way.rand.86,P2.anc.YRI.2way.rand.86,0.0555203145887303,-0.282961571668292,0.381704578972821,35,pearson
PEL,P1.anc.YRI.2way.rand.87,P2.anc.YRI.2way.rand.87,0.0660004160281664,-0.265980868770815,0.383986031045944,35,corsym
PEL,P1.anc.YRI.2way.rand.87,P2.anc.YRI.2way.rand.87,0.0688396098144668,-0.27061499483988,0.393068932127746,35,pearson
PEL,P1.anc.YRI.2way.rand.88,P2.anc.YRI.2way.rand.88,0.0660004160281664,-0.265980868770815,0.383986031045944,35,corsym
PEL,P1.anc.YRI.2way.rand.88,P2.anc.YRI.2way.rand.88,0.0729896402048013,-0.266745090675134,0.396589716788655,35,pearson
PEL,P1.anc.YRI.2way.rand.89,P2.anc.YRI.2way.rand.89,0.0660004160281664,-0.265980868770815,0.383986031045944,35,corsym
PEL,P1.anc.YRI.2way.rand.89,P2.anc.YRI.2way.rand.89,0.0606108656058105,-0.278255994120347,0.386059638026534,35,pearson
PEL,P1.anc.YRI.2way.rand.90,P2.anc.YRI.2way.rand.90,0.0660004160281664,-0.265980868770815,0.383986031045944,35,corsym
PEL,P1.anc.YRI.2way.rand.90,P2.anc.YRI.2way.rand.90,0.0546332617173025,-0.283779877389144,0.380944204405229,35,pearson
PEL,P1.anc.YRI.2way.rand.91,P2.anc.YRI.2way.rand.91,0.0660004160281664,-0.265980868770815,0.383986031045944,35,corsym
PEL,P1.anc.YRI.2way.rand.91,P2.anc.YRI.2way.rand.91,0.0550635228611217,-0.28338302330183,0.381313075918954,35,pearson
PEL,P1.anc.YRI.2way.rand.92,P2.anc.YRI.2way.rand.92,0.0660004160281664,-0.265980868770815,0.383986031045944,35,corsym
PEL,P1.anc.YRI.2way.rand.92,P2.anc.YRI.2way.rand.92,0.101305493651903,-0.24004489595143,0.420360781924589,35,pearson
PEL,P1.anc.YRI.2way.rand.93,P2.anc.YRI.2way.rand.93,0.0660004160281664,-0.265980868770815,0.383986031045944,35,corsym
PEL,P1.anc.YRI.2way.rand.93,P2.anc.YRI.2way.rand.93,0.0787369970938095,-0.261367526129753,0.401449963422781,35,pearson
PEL,P1.anc.YRI.2way.rand.94,P2.anc.YRI.2way.rand.94,0.0660004160281664,-0.265980868770815,0.383986031045944,35,corsym
PEL,P1.anc.YRI.2way.rand.94,P2.anc.YRI.2way.rand.94,0.0859928034755669,-0.254548281451292,0.407559981283089,35,pearson
PEL,P1.anc.YRI.2way.rand.95,P2.anc.YRI.2way.rand.95,0.0660004160281664,-0.265980868770815,0.383986031045944,35,corsym
PEL,P1.anc.YRI.2way.rand.95,P2.anc.YRI.2way.rand.95,0.0628588035301159,-0.276172866368435,0.387978183217095,35,pearson
PEL,P1.anc.YRI.2way.rand.96,P2.anc.YRI.2way.rand.96,0.0660004160281664,-0.265980868770815,0.383986031045944,35,corsym
PEL,P1.anc.YRI.2way.rand.96,P2.anc.YRI.2way.rand.96,0.118617311563343,-0.223462437034499,0.434681417314179,35,pearson
PEL,P1.anc.YRI.2way.rand.97,P2.anc.YRI.2way.rand.97,0.0660004160281664,-0.265980868770815,0.383986031045944,35,corsym
PEL,P1.anc.YRI.2way.rand.97,P2.anc.YRI.2way.rand.97,0.0533688124344363,-0.284945479596197,0.37985956513891,35,pearson
PEL,P1.anc.YRI.2way.rand.98,P2.anc.YRI.2way.rand.98,0.0660004160281664,-0.265980868770815,0.383986031045944,35,corsym
PEL,P1.anc.YRI.2way.rand.98,P2.anc.YRI.2way.rand.98,0.102687015207216,-0.238728852898276,0.421509466623763,35,pearson
PEL,P1.anc.YRI.2way.rand.99,P2.anc.YRI.2way.rand.99,0.0660004160281664,-0.265980868770815,0.383986031045944,35,corsym
PEL,P1.anc.YRI.2way.rand.99,P2.anc.YRI.2way.rand.99,0.0650500876429558,-0.274139168205071,0.389845668162169,35,pearson
PEL,P1.anc.YRI.2way.rand.100,P2.anc.YRI.2way.rand.100,0.0660004160281664,-0.265980868770815,0.383986031045944,35,corsym
PEL,P1.anc.YRI.2way.rand.100,P2.anc.YRI.2way.rand.100,0.0816711644078171,-0.25861398207629,0.403924250742771,35,pearson
PUR,P1.anc.YRI,P2.anc.YRI,0.197834120737566,-0.137280479198834,0.492312189108939,35,corsym
PUR,P1.anc.IBS,P2.anc.IBS,0.737404915631825,0.541402193106289,0.857387494909689,35,corsym
PUR,P1.anc.NAM,P2.anc.NAM,0.763411809533611,0.582152266969392,0.872384369667795,35,corsym
PUR,P1.anc.YRI.2way,P2.anc.YRI.2way,0.199215581113502,-0.13586916382335,0.49340099423734,35,corsym
PUR,P1.adm.YRI,P2.adm.YRI,0.646152679761292,0.405350647307352,0.80310431626219,35,corsym
PUR,P1.adm.IBS,P2.adm.IBS,0.553944238302819,0.277917313595375,0.745471698381709,35,corsym
PUR,P1.adm.NAM,P2.adm.NAM,0.384714270225027,0.0668511108873863,0.631682831015886,35,corsym
PUR,P1.anc.YRI,P2.anc.YRI,0.216901755426435,-0.12540961703743,0.513063189406066,35,pearson
PUR,P1.anc.IBS,P2.anc.IBS,0.771834407330902,0.590461020393108,0.878993916479733,35,pearson
PUR,P1.anc.NAM,P2.anc.NAM,0.797198235169487,0.631797175746993,0.893163726883929,35,pearson
PUR,P1.anc.YRI.2way,P2.anc.YRI.2way,0.252970151120528,-0.0876668326881546,0.540639973483289,35,pearson
PUR,P1.adm.YRI,P2.adm.YRI,0.639725584007625,0.389519215488509,0.801997266386376,35,pearson
PUR,P1.adm.IBS,P2.adm.IBS,0.546495077737771,0.260732511430067,0.744208211661783,35,pearson
PUR,P1.adm.NAM,P2.adm.NAM,0.377037737438469,0.050084083884572,0.63100117788154,35,pearson
PUR,P1.anc.YRI.2way.rand.1,P2.anc.YRI.2way.rand.1,0.199215581113502,-0.13586916382335,0.49340099423734,35,corsym
PUR,P1.anc.YRI.2way.rand.1,P2.anc.YRI.2way.rand.1,0.185423172245511,-0.157559213141854,0.488485406600971,35,pearson
PUR,P1.anc.YRI.2way.rand.2,P2.anc.YRI.2way.rand.2,0.199215581113502,-0.13586916382335,0.49340099423734,35,corsym
PUR,P1.anc.YRI.2way.rand.2,P2.anc.YRI.2way.rand.2,0.230696115394272,-0.111090955555362,0.523682628972664,35,pearson
PUR,P1.anc.YRI.2way.rand.3,P2.anc.YRI.2way.rand.3,0.199215581113502,-0.13586916382335,0.49340099423734,35,corsym
PUR,P1.anc.YRI.2way.rand.3,P2.anc.YRI.2way.rand.3,0.198809638980106,-0.143975671804226,0.49899636442423,35,pearson
PUR,P1.anc.YRI.2way.rand.4,P2.anc.YRI.2way.rand.4,0.199215581113502,-0.13586916382335,0.49340099423734,35,corsym
PUR,P1.anc.YRI.2way.rand.4,P2.anc.YRI.2way.rand.4,0.250250915307228,-0.0905468027591845,0.538582256438554,35,pearson
PUR,P1.anc.YRI.2way.rand.5,P2.anc.YRI.2way.rand.5,0.199215581113502,-0.13586916382335,0.49340099423734,35,corsym
PUR,P1.anc.YRI.2way.rand.5,P2.anc.YRI.2way.rand.5,0.185413630926413,-0.157568848859949,0.488477883327188,35,pearson
PUR,P1.anc.YRI.2way.rand.6,P2.anc.YRI.2way.rand.6,0.199215581113502,-0.13586916382335,0.49340099423734,35,corsym
PUR,P1.anc.YRI.2way.rand.6,P2.anc.YRI.2way.rand.6,0.216230542809984,-0.126102721928966,0.512544140094482,35,pearson
PUR,P1.anc.YRI.2way.rand.7,P2.anc.YRI.2way.rand.7,0.199215581113502,-0.13586916382335,0.49340099423734,35,corsym
PUR,P1.anc.YRI.2way.rand.7,P2.anc.YRI.2way.rand.7,0.240848367652236,-0.100461398228362,0.531440495589198,35,pearson
PUR,P1.anc.YRI.2way.rand.8,P2.anc.YRI.2way.rand.8,0.199215581113502,-0.13586916382335,0.49340099423734,35,corsym
PUR,P1.anc.YRI.2way.rand.8,P2.anc.YRI.2way.rand.8,0.310245918944345,-0.0256528301823799,0.583196701093446,35,pearson
PUR,P1.anc.YRI.2way.rand.9,P2.anc.YRI.2way.rand.9,0.199215581113502,-0.13586916382335,0.49340099423734,35,corsym
PUR,P1.anc.YRI.2way.rand.9,P2.anc.YRI.2way.rand.9,0.187601259950083,-0.155357865563478,0.490201637540601,35,pearson
PUR,P1.anc.YRI.2way.rand.10,P2.anc.YRI.2way.rand.10,0.199215581113502,-0.13586916382335,0.49340099423734,35,corsym
PUR,P1.anc.YRI.2way.rand.10,P2.anc.YRI.2way.rand.10,0.218799711469464,-0.123447947311081,0.514529709305879,35,pearson
PUR,P1.anc.YRI.2way.rand.11,P2.anc.YRI.2way.rand.11,0.199215581113502,-0.13586916382335,0.49340099423734,35,corsym
PUR,P1.anc.YRI.2way.rand.11,P2.anc.YRI.2way.rand.11,0.252026162310606,-0.0886672664559077,0.539926022254845,35,pearson
PUR,P1.anc.YRI.2way.rand.12,P2.anc.YRI.2way.rand.12,0.199215581113502,-0.13586916382335,0.49340099423734,35,corsym
PUR,P1.anc.YRI.2way.rand.12,P2.anc.YRI.2way.rand.12,0.187652907667587,-0.155305624924152,0.490242305059752,35,pearson
PUR,P1.anc.YRI.2way.rand.13,P2.anc.YRI.2way.rand.13,0.199215581113502,-0.13586916382335,0.49340099423734,35,corsym
PUR,P1.anc.YRI.2way.rand.13,P2.anc.YRI.2way.rand.13,0.220027185062316,-0.122177841950386,0.515477237911689,35,pearson
PUR,P1.anc.YRI.2way.rand.14,P2.anc.YRI.2way.rand.14,0.199215581113502,-0.13586916382335,0.49340099423734,35,corsym
PUR,P1.anc.YRI.2way.rand.14,P2.anc.YRI.2way.rand.14,0.254302007854211,-0.0862541691628252,0.541646570083875,35,pearson
PUR,P1.anc.YRI.2way.rand.15,P2.anc.YRI.2way.rand.15,0.199215581113502,-0.13586916382335,0.49340099423734,35,corsym
PUR,P1.anc.YRI.2way.rand.15,P2.anc.YRI.2way.rand.15,0.323064649292051,-0.011410333840991,0.592520347720655,35,pearson
PUR,P1.anc.YRI.2way.rand.16,P2.anc.YRI.2way.rand.16,0.199215581113502,-0.13586916382335,0.49340099423734,35,corsym
PUR,P1.anc.YRI.2way.rand.16,P2.anc.YRI.2way.rand.16,0.228121424501515,-0.113774320896426,0.521707418217076,35,pearson
PUR,P1.anc.YRI.2way.rand.17,P2.anc.YRI.2way.rand.17,0.199215581113502,-0.13586916382335,0.49340099423734,35,corsym
PUR,P1.anc.YRI.2way.rand.17,P2.anc.YRI.2way.rand.17,0.213694287499562,-0.128718685756611,0.510580894600782,35,pearson
PUR,P1.anc.YRI.2way.rand.18,P2.anc.YRI.2way.rand.18,0.199215581113502,-0.13586916382335,0.49340099423734,35,corsym
PUR,P1.anc.YRI.2way.rand.18,P2.anc.YRI.2way.rand.18,0.239487872759837,-0.101890391747701,0.530403691122146,35,pearson
PUR,P1.anc.YRI.2way.rand.19,P2.anc.YRI.2way.rand.19,0.199215581113502,-0.13586916382335,0.49340099423734,35,corsym
PUR,P1.anc.YRI.2way.rand.19,P2.anc.YRI.2way.rand.19,0.187871467396626,-0.155084534868112,0.490414384857276,35,pearson
PUR,P1.anc.YRI.2way.rand.20,P2.anc.YRI.2way.rand.20,0.199215581113502,-0.13586916382335,0.49340099423734,35,corsym
PUR,P1.anc.YRI.2way.rand.20,P2.anc.YRI.2way.rand.20,0.207577448378808,-0.135008217738121,0.505833247452774,35,pearson
PUR,P1.anc.YRI.2way.rand.21,P2.anc.YRI.2way.rand.21,0.199215581113502,-0.13586916382335,0.49340099423734,35,corsym
PUR,P1.anc.YRI.2way.rand.21,P2.anc.YRI.2way.rand.21,0.191601584943625,-0.151305928828759,0.49334760559519,35,pearson
PUR,P1.anc.YRI.2way.rand.22,P2.anc.YRI.2way.rand.22,0.199215581113502,-0.13586916382335,0.49340099423734,35,corsym
PUR,P1.anc.YRI.2way.rand.22,P2.anc.YRI.2way.rand.22,0.230261597416545,-0.111544163812105,0.523349503124578,35,pearson
PUR,P1.anc.YRI.2way.rand.23,P2.anc.YRI.2way.rand.23,0.199215581113502,-0.13586916382335,0.49340099423734,35,corsym
PUR,P1.anc.YRI.2way.rand.23,P2.anc.YRI.2way.rand.23,0.207778762842117,-0.134801658108355,0.505989787806844,35,pearson
PUR,P1.anc.YRI.2way.rand.24,P2.anc.YRI.2way.rand.24,0.199215581113502,-0.13586916382335,0.49340099423734,35,corsym
PUR,P1.anc.YRI.2way.rand.24,P2.anc.YRI.2way.rand.24,0.207893939721896,-0.134683466949861,0.506079339500508,35,pearson
PUR,P1.anc.YRI.2way.rand.25,P2.anc.YRI.2way.rand.25,0.199215581113502,-0.13586916382335,0.49340099423734,35,corsym
PUR,P1.anc.YRI.2way.rand.25,P2.anc.YRI.2way.rand.25,0.191391003427731,-0.151519514973728,0.493182194978754,35,pearson
PUR,P1.anc.YRI.2way.rand.26,P2.anc.YRI.2way.rand.26,0.199215581113502,-0.13586916382335,0.49340099423734,35,corsym
PUR,P1.anc.YRI.2way.rand.26,P2.anc.YRI.2way.rand.26,0.213086282448474,-0.129345091645871,0.510109794163011,35,pearson
PUR,P1.anc.YRI.2way.rand.27,P2.anc.YRI.2way.rand.27,0.199215581113502,-0.13586916382335,0.49340099423734,35,corsym
PUR,P1.anc.YRI.2way.rand.27,P2.anc.YRI.2way.rand.27,0.206788897369821,-0.135817027473383,0.50521988790534,35,pearson
PUR,P1.anc.YRI.2way.rand.28,P2.anc.YRI.2way.rand.28,0.199215581113502,-0.13586916382335,0.49340099423734,35,corsym
PUR,P1.anc.YRI.2way.rand.28,P2.anc.YRI.2way.rand.28,0.215490329368217,-0.126866690845186,0.511971481188547,35,pearson
PUR,P1.anc.YRI.2way.rand.29,P2.anc.YRI.2way.rand.29,0.199215581113502,-0.13586916382335,0.49340099423734,35,corsym
PUR,P1.anc.YRI.2way.rand.29,P2.anc.YRI.2way.rand.29,0.197117765822384,-0.14569961360401,0.49767277581413,35,pearson
PUR,P1.anc.YRI.2way.rand.30,P2.anc.YRI.2way.rand.30,0.199215581113502,-0.13586916382335,0.49340099423734,35,corsym
PUR,P1.anc.YRI.2way.rand.30,P2.anc.YRI.2way.rand.30,0.197654563116547,-0.14515286696438,0.498092875494274,35,pearson
PUR,P1.anc.YRI.2way.rand.31,P2.anc.YRI.2way.rand.31,0.199215581113502,-0.13586916382335,0.49340099423734,35,corsym
PUR,P1.anc.YRI.2way.rand.31,P2.anc.YRI.2way.rand.31,0.202924068516615,-0.139774554847921,0.502209337107745,35,pearson
PUR,P1.anc.YRI.2way.rand.32,P2.anc.YRI.2way.rand.32,0.199215581113502,-0.13586916382335,0.49340099423734,35,corsym
PUR,P1.anc.YRI.2way.rand.32,P2.anc.YRI.2way.rand.32,0.322473519404822,-0.012070118550856,0.59209197400185,35,pearson
PUR,P1.anc.YRI.2way.rand.33,P2.anc.YRI.2way.rand.33,0.199215581113502,-0.13586916382335,0.49340099423734,35,corsym
PUR,P1.anc.YRI.2way.rand.33,P2.anc.YRI.2way.rand.33,0.216902324624742,-0.125409029132313,0.513063629475725,35,pearson
PUR,P1.anc.YRI.2way.rand.34,P2.anc.YRI.2way.rand.34,0.199215581113502,-0.13586916382335,0.49340099423734,35,corsym
PUR,P1.anc.YRI.2way.rand.34,P2.anc.YRI.2way.rand.34,0.191232612977707,-0.151680144279938,0.493057765774612,35,pearson
PUR,P1.anc.YRI.2way.rand.35,P2.anc.YRI.2way.rand.35,0.199215581113502,-0.13586916382335,0.49340099423734,35,corsym
PUR,P1.anc.YRI.2way.rand.35,P2.anc.YRI.2way.rand.35,0.218606026103372,-0.123648257251651,0.514380130985265,35,pearson
PUR,P1.anc.YRI.2way.rand.36,P2.anc.YRI.2way.rand.36,0.199215581113502,-0.13586916382335,0.49340099423734,35,corsym
PUR,P1.anc.YRI.2way.rand.36,P2.anc.YRI.2way.rand.36,0.189748457216787,-0.153184399167787,0.491891234629602,35,pearson
PUR,P1.anc.YRI.2way.rand.37,P2.anc.YRI.2way.rand.37,0.199215581113502,-0.13586916382335,0.49340099423734,35,corsym
PUR,P1.anc.YRI.2way.rand.37,P2.anc.YRI.2way.rand.37,0.201766367328439,-0.140957896483408,0.501306118785563,35,pearson
PUR,P1.anc.YRI.2way.rand.38,P2.anc.YRI.2way.rand.38,0.199215581113502,-0.13586916382335,0.49340099423734,35,corsym
PUR,P1.anc.YRI.2way.rand.38,P2.anc.YRI.2way.rand.38,0.201153219336813,-0.141584227883765,0.500827486827744,35,pearson
PUR,P1.anc.YRI.2way.rand.39,P2.anc.YRI.2way.rand.39,0.199215581113502,-0.13586916382335,0.49340099423734,35,corsym
PUR,P1.anc.YRI.2way.rand.39,P2.anc.YRI.2way.rand.39,0.20000379485248,-0.14275762745375,0.499929735795417,35,pearson
PUR,P1.anc.YRI.2way.rand.40,P2.anc.YRI.2way.rand.40,0.199215581113502,-0.13586916382335,0.49340099423734,35,corsym
PUR,P1.anc.YRI.2way.rand.40,P2.anc.YRI.2way.rand.40,0.220878306413414,-0.121296501533087,0.516133823525969,35,pearson
PUR,P1.anc.YRI.2way.rand.41,P2.anc.YRI.2way.rand.41,0.199215581113502,-0.13586916382335,0.49340099423734,35,corsym
PUR,P1.anc.YRI.2way.rand.41,P2.anc.YRI.2way.rand.41,0.194664376887054,-0.148195812447711,0.4957509472558,35,pearson
PUR,P1.anc.YRI.2way.rand.42,P2.anc.YRI.2way.rand.42,0.199215581113502,-0.13586916382335,0.49340099423734,35,corsym
PUR,P1.anc.YRI.2way.rand.42,P2.anc.YRI.2way.rand.42,0.218107494335715,-0.12416371192644,0.513995044687054,35,pearson
PUR,P1.anc.YRI.2way.rand.43,P2.anc.YRI.2way.rand.43,0.199215581113502,-0.13586916382335,0.49340099423734,35,corsym
PUR,P1.anc.YRI.2way.rand.43,P2.anc.YRI.2way.rand.43,0.204150270934652,-0.138520126447321,0.503165287309917,35,pearson
PUR,P1.anc.YRI.2way.rand.44,P2.anc.YRI.2way.rand.44,0.199215581113502,-0.13586916382335,0.49340099423734,35,corsym
PUR,P1.anc.YRI.2way.rand.44,P2.anc.YRI.2way.rand.44,0.236369746380811,-0.105160204521687,0.528024145194326,35,pearson
PUR,P1.anc.YRI.2way.rand.45,P2.anc.YRI.2way.rand.45,0.199215581113502,-0.13586916382335,0.49340099423734,35,corsym
PUR,P1.anc.YRI.2way.rand.45,P2.anc.YRI.2way.rand.45,0.198395709104776,-0.144397639859352,0.498672667572273,35,pearson
PUR,P1.anc.YRI.2way.rand.46,P2.anc.YRI.2way.rand.46,0.199215581113502,-0.13586916382335,0.49340099423734,35,corsym
PUR,P1.anc.YRI.2way.rand.46,P2.anc.YRI.2way.rand.46,0.211569613781641,-0.13090647092283,0.508933856809193,35,pearson
PUR,P1.anc.YRI.2way.rand.47,P2.anc.YRI.2way.rand.47,0.199215581113502,-0.13586916382335,0.49340099423734,35,corsym
PUR,P1.anc.YRI.2way.rand.47,P2.anc.YRI.2way.rand.47,0.18901328217096,-0.153928942163072,0.49131299257619,35,pearson
PUR,P1.anc.YRI.2way.rand.48,P2.anc.YRI.2way.rand.48,0.199215581113502,-0.13586916382335,0.49340099423734,35,corsym
PUR,P1.anc.YRI.2way.rand.48,P2.anc.YRI.2way.rand.48,0.229043240416346,-0.11281416920739,0.522414964317547,35,pearson
PUR,P1.anc.YRI.2way.rand.49,P2.anc.YRI.2way.rand.49,0.199215581113502,-0.13586916382335,0.49340099423734,35,corsym
PUR,P1.anc.YRI.2way.rand.49,P2.anc.YRI.2way.rand.49,0.219599595695996,-0.122620409304607,0.515147249123507,35,pearson
PUR,P1.anc.YRI.2way.rand.50,P2.anc.YRI.2way.rand.50,0.199215581113502,-0.13586916382335,0.49340099423734,35,corsym
PUR,P1.anc.YRI.2way.rand.50,P2.anc.YRI.2way.rand.50,0.198785296964486,-0.144000489972114,0.498977331068884,35,pearson
PUR,P1.anc.YRI.2way.rand.51,P2.anc.YRI.2way.rand.51,0.199215581113502,-0.13586916382335,0.49340099423734,35,corsym
PUR,P1.anc.YRI.2way.rand.51,P2.anc.YRI.2way.rand.51,0.189507112615767,-0.153428862031271,0.491701437660288,35,pearson
PUR,P1.anc.YRI.2way.rand.52,P2.anc.YRI.2way.rand.52,0.199215581113502,-0.13586916382335,0.49340099423734,35,corsym
PUR,P1.anc.YRI.2way.rand.52,P2.anc.YRI.2way.rand.52,0.186634701192204,-0.156335166796317,0.489440324062948,35,pearson
PUR,P1.anc.YRI.2way.rand.53,P2.anc.YRI.2way.rand.53,0.199215581113502,-0.13586916382335,0.49340099423734,35,corsym
PUR,P1.anc.YRI.2way.rand.53,P2.anc.YRI.2way.rand.53,0.210093961355304,-0.132423995905321,0.507788654823102,35,pearson
PUR,P1.anc.YRI.2way.rand.54,P2.anc.YRI.2way.rand.54,0.199215581113502,-0.13586916382335,0.49340099423734,35,corsym
PUR,P1.anc.YRI.2way.rand.54,P2.anc.YRI.2way.rand.54,0.19249106388314,-0.150403405186902,0.49404604569353,35,pearson
PUR,P1.anc.YRI.2way.rand.55,P2.anc.YRI.2way.rand.55,0.199215581113502,-0.13586916382335,0.49340099423734,35,corsym
PUR,P1.anc.YRI.2way.rand.55,P2.anc.YRI.2way.rand.55,0.236360786560837,-0.105169589578556,0.528017301052685,35,pearson
PUR,P1.anc.YRI.2way.rand.56,P2.anc.YRI.2way.rand.56,0.199215581113502,-0.13586916382335,0.49340099423734,35,corsym
PUR,P1.anc.YRI.2way.rand.56,P2.anc.YRI.2way.rand.56,0.185296807469098,-0.157686822838958,0.488385765067334,35,pearson
PUR,P1.anc.YRI.2way.rand.57,P2.anc.YRI.2way.rand.57,0.199215581113502,-0.13586916382335,0.49340099423734,35,corsym
PUR,P1.anc.YRI.2way.rand.57,P2.anc.YRI.2way.rand.57,0.190165214275012,-0.152762158608709,0.492218910959678,35,pearson
PUR,P1.anc.YRI.2way.rand.58,P2.anc.YRI.2way.rand.58,0.199215581113502,-0.13586916382335,0.49340099423734,35,corsym
PUR,P1.anc.YRI.2way.rand.58,P2.anc.YRI.2way.rand.58,0.188513847932656,-0.154434518379815,0.490920017221202,35,pearson
PUR,P1.anc.YRI.2way.rand.59,P2.anc.YRI.2way.rand.59,0.199215581113502,-0.13586916382335,0.49340099423734,35,corsym
PUR,P1.anc.YRI.2way.rand.59,P2.anc.YRI.2way.rand.59,0.186409660319712,-0.15656261246502,0.489263003541053,35,pearson
PUR,P1.anc.YRI.2way.rand.60,P2.anc.YRI.2way.rand.60,0.199215581113502,-0.13586916382335,0.49340099423734,35,corsym
PUR,P1.anc.YRI.2way.rand.60,P2.anc.YRI.2way.rand.60,0.191474164131536,-0.151435171538174,0.493247519859178,35,pearson
PUR,P1.anc.YRI.2way.rand.61,P2.anc.YRI.2way.rand.61,0.199215581113502,-0.13586916382335,0.49340099423734,35,corsym
PUR,P1.anc.YRI.2way.rand.61,P2.anc.YRI.2way.rand.61,0.234863493553275,-0.106737090664943,0.526873030750458,35,pearson
PUR,P1.anc.YRI.2way.rand.62,P2.anc.YRI.2way.rand.62,0.199215581113502,-0.13586916382335,0.49340099423734,35,corsym
PUR,P1.anc.YRI.2way.rand.62,P2.anc.YRI.2way.rand.62,0.228334572412555,-0.113552365502077,0.521871057256433,35,pearson
PUR,P1.anc.YRI.2way.rand.63,P2.anc.YRI.2way.rand.63,0.199215581113502,-0.13586916382335,0.49340099423734,35,corsym
PUR,P1.anc.YRI.2way.rand.63,P2.anc.YRI.2way.rand.63,0.213810191128961,-0.128599243369933,0.51067067996411,35,pearson
PUR,P1.anc.YRI.2way.rand.64,P2.anc.YRI.2way.rand.64,0.199215581113502,-0.13586916382335,0.49340099423734,35,corsym
PUR,P1.anc.YRI.2way.rand.64,P2.anc.YRI.2way.rand.64,0.212682998842456,-0.129760429637378,0.509797219666118,35,pearson
PUR,P1.anc.YRI.2way.rand.65,P2.anc.YRI.2way.rand.65,0.199215581113502,-0.13586916382335,0.49340099423734,35,corsym
PUR,P1.anc.YRI.2way.rand.65,P2.anc.YRI.2way.rand.65,0.22015696399523,-0.122043490078319,0.515577376468463,35,pearson
PUR,P1.anc.YRI.2way.rand.66,P2.anc.YRI.2way.rand.66,0.199215581113502,-0.13586916382335,0.49340099423734,35,corsym
PUR,P1.anc.YRI.2way.rand.66,P2.anc.YRI.2way.rand.66,0.18558740413747,-0.157393346150146,0.488614895416023,35,pearson
PUR,P1.anc.YRI.2way.rand.67,P2.anc.YRI.2way.rand.67,0.199215581113502,-0.13586916382335,0.49340099423734,35,corsym
PUR,P1.anc.YRI.2way.rand.67,P2.anc.YRI.2way.rand.67,0.202749138055021,-0.13995342242398,0.502072901273799,35,pearson
PUR,P1.anc.YRI.2way.rand.68,P2.anc.YRI.2way.rand.68,0.199215581113502,-0.13586916382335,0.49340099423734,35,corsym
PUR,P1.anc.YRI.2way.rand.68,P2.anc.YRI.2way.rand.68,0.254278297405708,-0.0862793301567797,0.541628657297443,35,pearson
PUR,P1.anc.YRI.2way.rand.69,P2.anc.YRI.2way.rand.69,0.199215581113502,-0.13586916382335,0.49340099423734,35,corsym
PUR,P1.anc.YRI.2way.rand.69,P2.anc.YRI.2way.rand.69,0.248310981959813,-0.0925979278567845,0.53711215290834,35,pearson
PUR,P1.anc.YRI.2way.rand.70,P2.anc.YRI.2way.rand.70,0.199215581113502,-0.13586916382335,0.49340099423734,35,corsym
PUR,P1.anc.YRI.2way.rand.70,P2.anc.YRI.2way.rand.70,0.185340539359852,-0.157642661406469,0.488420249563731,35,pearson
PUR,P1.anc.YRI.2way.rand.71,P2.anc.YRI.2way.rand.71,0.199215581113502,-0.13586916382335,0.49340099423734,35,corsym
PUR,P1.anc.YRI.2way.rand.71,P2.anc.YRI.2way.rand.71,0.235056493175804,-0.106535136573709,0.527020585539284,35,pearson
PUR,P1.anc.YRI.2way.rand.72,P2.anc.YRI.2way.rand.72,0.199215581113502,-0.13586916382335,0.49340099423734,35,corsym
PUR,P1.anc.YRI.2way.rand.72,P2.anc.YRI.2way.rand.72,0.194371224289086,-0.148493788446952,0.495521112795484,35,pearson
PUR,P1.anc.YRI.2way.rand.73,P2.anc.YRI.2way.rand.73,0.199215581113502,-0.13586916382335,0.49340099423734,35,corsym
PUR,P1.anc.YRI.2way.rand.73,P2.anc.YRI.2way.rand.73,0.189285189980769,-0.153653614949671,0.491526889068171,35,pearson
PUR,P1.anc.YRI.2way.rand.74,P2.anc.YRI.2way.rand.74,0.199215581113502,-0.13586916382335,0.49340099423734,35,corsym
PUR,P1.anc.YRI.2way.rand.74,P2.anc.YRI.2way.rand.74,0.193608781696733,-0.14926848450508,0.494923152927343,35,pearson
PUR,P1.anc.YRI.2way.rand.75,P2.anc.YRI.2way.rand.75,0.199215581113502,-0.13586916382335,0.49340099423734,35,corsym
PUR,P1.anc.YRI.2way.rand.75,P2.anc.YRI.2way.rand.75,0.227104298682005,-0.114833005573141,0.520926247392674,35,pearson
PUR,P1.anc.YRI.2way.rand.76,P2.anc.YRI.2way.rand.76,0.199215581113502,-0.13586916382335,0.49340099423734,35,corsym
PUR,P1.anc.YRI.2way.rand.76,P2.anc.YRI.2way.rand.76,0.294427450414883,-0.0430422695102734,0.571591219073424,35,pearson
PUR,P1.anc.YRI.2way.rand.77,P2.anc.YRI.2way.rand.77,0.199215581113502,-0.13586916382335,0.49340099423734,35,corsym
PUR,P1.anc.YRI.2way.rand.77,P2.anc.YRI.2way.rand.77,0.186423010695718,-0.156549120441255,0.489273523642792,35,pearson
PUR,P1.anc.YRI.2way.rand.78,P2.anc.YRI.2way.rand.78,0.199215581113502,-0.13586916382335,0.49340099423734,35,corsym
PUR,P1.anc.YRI.2way.rand.78,P2.anc.YRI.2way.rand.78,0.222533044113632,-0.119581466873031,0.517409355296392,35,pearson
PUR,P1.anc.YRI.2way.rand.79,P2.anc.YRI.2way.rand.79,0.199215581113502,-0.13586916382335,0.49340099423734,35,corsym
PUR,P1.anc.YRI.2way.rand.79,P2.anc.YRI.2way.rand.79,0.250555169310513,-0.0902248472347425,0.538812664433277,35,pearson
PUR,P1.anc.YRI.2way.rand.80,P2.anc.YRI.2way.rand.80,0.199215581113502,-0.13586916382335,0.49340099423734,35,corsym
PUR,P1.anc.YRI.2way.rand.80,P2.anc.YRI.2way.rand.80,0.208935742376135,-0.133613956381283,0.506889064186586,35,pearson
PUR,P1.anc.YRI.2way.rand.81,P2.anc.YRI.2way.rand.81,0.199215581113502,-0.13586916382335,0.49340099423734,35,corsym
PUR,P1.anc.YRI.2way.rand.81,P2.anc.YRI.2way.rand.81,0.264328652774456,-0.0755750409566799,0.549198190430643,35,pearson
PUR,P1.anc.YRI.2way.rand.82,P2.anc.YRI.2way.rand.82,0.199215581113502,-0.13586916382335,0.49340099423734,35,corsym
PUR,P1.anc.YRI.2way.rand.82,P2.anc.YRI.2way.rand.82,0.213684827095269,-0.128728434566438,0.510573565762438,35,pearson
PUR,P1.anc.YRI.2way.rand.83,P2.anc.YRI.2way.rand.83,0.199215581113502,-0.13586916382335,0.49340099423734,35,corsym
PUR,P1.anc.YRI.2way.rand.83,P2.anc.YRI.2way.rand.83,0.205089594112224,-0.137558436624775,0.503897091143377,35,pearson
PUR,P1.anc.YRI.2way.rand.84,P2.anc.YRI.2way.rand.84,0.199215581113502,-0.13586916382335,0.49340099423734,35,corsym
PUR,P1.anc.YRI.2way.rand.84,P2.anc.YRI.2way.rand.84,0.187562081305965,-0.155397492703574,0.490170787316713,35,pearson
PUR,P1.anc.YRI.2way.rand.85,P2.anc.YRI.2way.rand.85,0.199215581113502,-0.13586916382335,0.49340099423734,35,corsym
PUR,P1.anc.YRI.2way.rand.85,P2.anc.YRI.2way.rand.85,0.214742738045836,-0.127637862376101,0.511392846850259,35,pearson
PUR,P1.anc.YRI.2way.rand.86,P2.anc.YRI.2way.rand.86,0.199215581113502,-0.13586916382335,0.49340099423734,35,corsym
PUR,P1.anc.YRI.2way.rand.86,P2.anc.YRI.2way.rand.86,0.269897228059977,-0.0696102211953471,0.553372194387483,35,pearson
PUR,P1.anc.YRI.2way.rand.87,P2.anc.YRI.2way.rand.87,0.199215581113502,-0.13586916382335,0.49340099423734,35,corsym
PUR,P1.anc.YRI.2way.rand.87,P2.anc.YRI.2way.rand.87,0.186105719420177,-0.156869743557612,0.4890234741427,35,pearson
PUR,P1.anc.YRI.2way.rand.88,P2.anc.YRI.2way.rand.88,0.199215581113502,-0.13586916382335,0.49340099423734,35,corsym
PUR,P1.anc.YRI.2way.rand.88,P2.anc.YRI.2way.rand.88,0.186559474480356,-0.156411201431428,0.48938105210637,35,pearson
PUR,P1.anc.YRI.2way.rand.89,P2.anc.YRI.2way.rand.89,0.199215581113502,-0.13586916382335,0.49340099423734,35,corsym
PUR,P1.anc.YRI.2way.rand.89,P2.anc.YRI.2way.rand.89,0.221780266256684,-0.120361928416378,0.516829249261948,35,pearson
PUR,P1.anc.YRI.2way.rand.90,P2.anc.YRI.2way.rand.90,0.199215581113502,-0.13586916382335,0.49340099423734,35,corsym
PUR,P1.anc.YRI.2way.rand.90,P2.anc.YRI.2way.rand.90,0.187774305749846,-0.155182825624054,0.490337888972084,35,pearson
PUR,P1.anc.YRI.2way.rand.91,P2.anc.YRI.2way.rand.91,0.199215581113502,-0.13586916382335,0.49340099423734,35,corsym
PUR,P1.anc.YRI.2way.rand.91,P2.anc.YRI.2way.rand.91,0.186783248369381,-0.156185012305814,0.489557357806836,35,pearson
PUR,P1.anc.YRI.2way.rand.92,P2.anc.YRI.2way.rand.92,0.199215581113502,-0.13586916382335,0.49340099423734,35,corsym
PUR,P1.anc.YRI.2way.rand.92,P2.anc.YRI.2way.rand.92,0.205522309714712,-0.137115199983496,0.504234065081757,35,pearson
PUR,P1.anc.YRI.2way.rand.93,P2.anc.YRI.2way.rand.93,0.199215581113502,-0.13586916382335,0.49340099423734,35,corsym
PUR,P1.anc.YRI.2way.rand.93,P2.anc.YRI.2way.rand.93,0.20205381756095,-0.140664171243125,0.501530443390414,35,pearson
PUR,P1.anc.YRI.2way.rand.94,P2.anc.YRI.2way.rand.94,0.199215581113502,-0.13586916382335,0.49340099423734,35,corsym
PUR,P1.anc.YRI.2way.rand.94,P2.anc.YRI.2way.rand.94,0.191745231382415,-0.151160214434396,0.493460426559162,35,pearson
PUR,P1.anc.YRI.2way.rand.95,P2.anc.YRI.2way.rand.95,0.199215581113502,-0.13586916382335,0.49340099423734,35,corsym
PUR,P1.anc.YRI.2way.rand.95,P2.anc.YRI.2way.rand.95,0.201318005679839,-0.141415925398623,0.500956139379513,35,pearson
PUR,P1.anc.YRI.2way.rand.96,P2.anc.YRI.2way.rand.96,0.199215581113502,-0.13586916382335,0.49340099423734,35,corsym
PUR,P1.anc.YRI.2way.rand.96,P2.anc.YRI.2way.rand.96,0.20555024290112,-0.137086582914873,0.504255814710069,35,pearson
PUR,P1.anc.YRI.2way.rand.97,P2.anc.YRI.2way.rand.97,0.199215581113502,-0.13586916382335,0.49340099423734,35,corsym
PUR,P1.anc.YRI.2way.rand.97,P2.anc.YRI.2way.rand.97,0.203826896632713,-0.13885105129466,0.502913254991072,35,pearson
PUR,P1.anc.YRI.2way.rand.98,P2.anc.YRI.2way.rand.98,0.199215581113502,-0.13586916382335,0.49340099423734,35,corsym
PUR,P1.anc.YRI.2way.rand.98,P2.anc.YRI.2way.rand.98,0.205809710895663,-0.136820735087257,0.504457826272794,35,pearson
PUR,P1.anc.YRI.2way.rand.99,P2.anc.YRI.2way.rand.99,0.199215581113502,-0.13586916382335,0.49340099423734,35,corsym
PUR,P1.anc.YRI.2way.rand.99,P2.anc.YRI.2way.rand.99,0.340578753461383,0.00827093237125417,0.605143510900307,35,pearson
PUR,P1.anc.YRI.2way.rand.100,P2.anc.YRI.2way.rand.100,0.199215581113502,-0.13586916382335,0.49340099423734,35,corsym
PUR,P1.anc.YRI.2way.rand.100,P2.anc.YRI.2way.rand.100,0.190014052186355,-0.152915324091293,0.492100069263964,35,pearson
