coh,id,adm.NAM,adm.IBS,adm.YRI,p1,p2,sex,rfm.NAM,rfm.IBS,rfm.YRI,P1.anc.IBS,P1.anc.YRI,P1.anc.NAM,P2.anc.IBS,P2.anc.YRI,P2.anc.NAM,P1.anc.NonYRI.2way,P1.anc.YRI.2way,P2.anc.NonYRI.2way,P2.anc.YRI.2way,adm.NonYRI,P1.sex,P2.sex,P1.adm.NAM,P2.adm.NAM,P1.adm.IBS,P2.adm.IBS,P1.adm.YRI,P2.adm.YRI,P1.adm.NonYRI,P2.adm.NonYRI,P1.rfm.NAM,P2.rfm.NAM,P1.rfm.IBS,P2.rfm.IBS,P1.rfm.YRI,P2.rfm.YRI,Delta.anc.IBS,Delta.anc.YRI,Delta.anc.NAM,Delta.anc.NonYRI.2way,Delta.anc.YRI.2way,Delta.sex,Delta.adm.NAM,Delta.adm.IBS,Delta.adm.YRI,Delta.adm.NonYRI,Delta.rfm.NAM,Delta.rfm.IBS,Delta.rfm.YRI,Mean.anc.IBS,Mean.anc.YRI,Mean.anc.NAM,Mean.anc.NonYRI.2way,Mean.anc.YRI.2way,Mean.sex,Mean.adm.NAM,Mean.adm.IBS,Mean.adm.YRI,Mean.adm.NonYRI,Mean.rfm.NAM,Mean.rfm.IBS,Mean.rfm.YRI,P1.anc.YRI.2way.rand.1,P2.anc.YRI.2way.rand.1,P1.anc.YRI.2way.rand.2,P2.anc.YRI.2way.rand.2,P1.anc.YRI.2way.rand.3,P2.anc.YRI.2way.rand.3,P1.anc.YRI.2way.rand.4,P2.anc.YRI.2way.rand.4,P1.anc.YRI.2way.rand.5,P2.anc.YRI.2way.rand.5,P1.anc.YRI.2way.rand.6,P2.anc.YRI.2way.rand.6,P1.anc.YRI.2way.rand.7,P2.anc.YRI.2way.rand.7,P1.anc.YRI.2way.rand.8,P2.anc.YRI.2way.rand.8,P1.anc.YRI.2way.rand.9,P2.anc.YRI.2way.rand.9,P1.anc.YRI.2way.rand.10,P2.anc.YRI.2way.rand.10,P1.anc.YRI.2way.rand.11,P2.anc.YRI.2way.rand.11,P1.anc.YRI.2way.rand.12,P2.anc.YRI.2way.rand.12,P1.anc.YRI.2way.rand.13,P2.anc.YRI.2way.rand.13,P1.anc.YRI.2way.rand.14,P2.anc.YRI.2way.rand.14,P1.anc.YRI.2way.rand.15,P2.anc.YRI.2way.rand.15,P1.anc.YRI.2way.rand.16,P2.anc.YRI.2way.rand.16,P1.anc.YRI.2way.rand.17,P2.anc.YRI.2way.rand.17,P1.anc.YRI.2way.rand.18,P2.anc.YRI.2way.rand.18,P1.anc.YRI.2way.rand.19,P2.anc.YRI.2way.rand.19,P1.anc.YRI.2way.rand.20,P2.anc.YRI.2way.rand.20,P1.anc.YRI.2way.rand.21,P2.anc.YRI.2way.rand.21,P1.anc.YRI.2way.rand.22,P2.anc.YRI.2way.rand.22,P1.anc.YRI.2way.rand.23,P2.anc.YRI.2way.rand.23,P1.anc.YRI.2way.rand.24,P2.anc.YRI.2way.rand.24,P1.anc.YRI.2way.rand.25,P2.anc.YRI.2way.rand.25,P1.anc.YRI.2way.rand.26,P2.anc.YRI.2way.rand.26,P1.anc.YRI.2way.rand.27,P2.anc.YRI.2way.rand.27,P1.anc.YRI.2way.rand.28,P2.anc.YRI.2way.rand.28,P1.anc.YRI.2way.rand.29,P2.anc.YRI.2way.rand.29,P1.anc.YRI.2way.rand.30,P2.anc.YRI.2way.rand.30,P1.anc.YRI.2way.rand.31,P2.anc.YRI.2way.rand.31,P1.anc.YRI.2way.rand.32,P2.anc.YRI.2way.rand.32,P1.anc.YRI.2way.rand.33,P2.anc.YRI.2way.rand.33,P1.anc.YRI.2way.rand.34,P2.anc.YRI.2way.rand.34,P1.anc.YRI.2way.rand.35,P2.anc.YRI.2way.rand.35,P1.anc.YRI.2way.rand.36,P2.anc.YRI.2way.rand.36,P1.anc.YRI.2way.rand.37,P2.anc.YRI.2way.rand.37,P1.anc.YRI.2way.rand.38,P2.anc.YRI.2way.rand.38,P1.anc.YRI.2way.rand.39,P2.anc.YRI.2way.rand.39,P1.anc.YRI.2way.rand.40,P2.anc.YRI.2way.rand.40,P1.anc.YRI.2way.rand.41,P2.anc.YRI.2way.rand.41,P1.anc.YRI.2way.rand.42,P2.anc.YRI.2way.rand.42,P1.anc.YRI.2way.rand.43,P2.anc.YRI.2way.rand.43,P1.anc.YRI.2way.rand.44,P2.anc.YRI.2way.rand.44,P1.anc.YRI.2way.rand.45,P2.anc.YRI.2way.rand.45,P1.anc.YRI.2way.rand.46,P2.anc.YRI.2way.rand.46,P1.anc.YRI.2way.rand.47,P2.anc.YRI.2way.rand.47,P1.anc.YRI.2way.rand.48,P2.anc.YRI.2way.rand.48,P1.anc.YRI.2way.rand.49,P2.anc.YRI.2way.rand.49,P1.anc.YRI.2way.rand.50,P2.anc.YRI.2way.rand.50,P1.anc.YRI.2way.rand.51,P2.anc.YRI.2way.rand.51,P1.anc.YRI.2way.rand.52,P2.anc.YRI.2way.rand.52,P1.anc.YRI.2way.rand.53,P2.anc.YRI.2way.rand.53,P1.anc.YRI.2way.rand.54,P2.anc.YRI.2way.rand.54,P1.anc.YRI.2way.rand.55,P2.anc.YRI.2way.rand.55,P1.anc.YRI.2way.rand.56,P2.anc.YRI.2way.rand.56,P1.anc.YRI.2way.rand.57,P2.anc.YRI.2way.rand.57,P1.anc.YRI.2way.rand.58,P2.anc.YRI.2way.rand.58,P1.anc.YRI.2way.rand.59,P2.anc.YRI.2way.rand.59,P1.anc.YRI.2way.rand.60,P2.anc.YRI.2way.rand.60,P1.anc.YRI.2way.rand.61,P2.anc.YRI.2way.rand.61,P1.anc.YRI.2way.rand.62,P2.anc.YRI.2way.rand.62,P1.anc.YRI.2way.rand.63,P2.anc.YRI.2way.rand.63,P1.anc.YRI.2way.rand.64,P2.anc.YRI.2way.rand.64,P1.anc.YRI.2way.rand.65,P2.anc.YRI.2way.rand.65,P1.anc.YRI.2way.rand.66,P2.anc.YRI.2way.rand.66,P1.anc.YRI.2way.rand.67,P2.anc.YRI.2way.rand.67,P1.anc.YRI.2way.rand.68,P2.anc.YRI.2way.rand.68,P1.anc.YRI.2way.rand.69,P2.anc.YRI.2way.rand.69,P1.anc.YRI.2way.rand.70,P2.anc.YRI.2way.rand.70,P1.anc.YRI.2way.rand.71,P2.anc.YRI.2way.rand.71,P1.anc.YRI.2way.rand.72,P2.anc.YRI.2way.rand.72,P1.anc.YRI.2way.rand.73,P2.anc.YRI.2way.rand.73,P1.anc.YRI.2way.rand.74,P2.anc.YRI.2way.rand.74,P1.anc.YRI.2way.rand.75,P2.anc.YRI.2way.rand.75,P1.anc.YRI.2way.rand.76,P2.anc.YRI.2way.rand.76,P1.anc.YRI.2way.rand.77,P2.anc.YRI.2way.rand.77,P1.anc.YRI.2way.rand.78,P2.anc.YRI.2way.rand.78,P1.anc.YRI.2way.rand.79,P2.anc.YRI.2way.rand.79,P1.anc.YRI.2way.rand.80,P2.anc.YRI.2way.rand.80,P1.anc.YRI.2way.rand.81,P2.anc.YRI.2way.rand.81,P1.anc.YRI.2way.rand.82,P2.anc.YRI.2way.rand.82,P1.anc.YRI.2way.rand.83,P2.anc.YRI.2way.rand.83,P1.anc.YRI.2way.rand.84,P2.anc.YRI.2way.rand.84,P1.anc.YRI.2way.rand.85,P2.anc.YRI.2way.rand.85,P1.anc.YRI.2way.rand.86,P2.anc.YRI.2way.rand.86,P1.anc.YRI.2way.rand.87,P2.anc.YRI.2way.rand.87,P1.anc.YRI.2way.rand.88,P2.anc.YRI.2way.rand.88,P1.anc.YRI.2way.rand.89,P2.anc.YRI.2way.rand.89,P1.anc.YRI.2way.rand.90,P2.anc.YRI.2way.rand.90,P1.anc.YRI.2way.rand.91,P2.anc.YRI.2way.rand.91,P1.anc.YRI.2way.rand.92,P2.anc.YRI.2way.rand.92,P1.anc.YRI.2way.rand.93,P2.anc.YRI.2way.rand.93,P1.anc.YRI.2way.rand.94,P2.anc.YRI.2way.rand.94,P1.anc.YRI.2way.rand.95,P2.anc.YRI.2way.rand.95,P1.anc.YRI.2way.rand.96,P2.anc.YRI.2way.rand.96,P1.anc.YRI.2way.rand.97,P2.anc.YRI.2way.rand.97,P1.anc.YRI.2way.rand.98,P2.anc.YRI.2way.rand.98,P1.anc.YRI.2way.rand.99,P2.anc.YRI.2way.rand.99,P1.anc.YRI.2way.rand.100,P2.anc.YRI.2way.rand.100
ACB,HG01881,0.021796,0.220233,0.757971,HG01879,HG01880,2,0.0107102070169694,0.294222019677505,0.695067773305526,0.13,0.861,0.009,0.501,0.494,0.005,0.185,0.815,0.411,0.588,0.242029,1,2,1e-05,0.065706,0.152357,0.312022,0.847633,0.622272,0.152367,0.377728,0.00154482014991217,0.0216800283459724,0.161469455769181,0.425069854307091,0.836985724080907,0.553250117346936,0.371,0.367,0.004,0.226,0.227,1,0.065696,0.159665,0.225361,0.225361,0.0201352081960602,0.26360039853791,0.283735606733971,0.3155,0.6775,0.007,0.298,0.7015,1.5,0.032858,0.2321895,0.7349525,0.2650475,0.0116124242479423,0.293269655038136,0.695117920713922,0.815,0.588,0.815,0.588,0.815,0.588,0.588,0.815,0.588,0.815,0.588,0.815,0.815,0.588,0.815,0.588,0.588,0.815,0.815,0.588,0.815,0.588,0.588,0.815,0.815,0.588,0.815,0.588,0.815,0.588,0.815,0.588,0.815,0.588,0.588,0.815,0.588,0.815,0.815,0.588,0.588,0.815,0.588,0.815,0.815,0.588,0.815,0.588,0.815,0.588,0.588,0.815,0.588,0.815,0.588,0.815,0.815,0.588,0.815,0.588,0.815,0.588,0.588,0.815,0.588,0.815,0.815,0.588,0.588,0.815,0.588,0.815,0.588,0.815,0.588,0.815,0.815,0.588,0.815,0.588,0.588,0.815,0.815,0.588,0.588,0.815,0.588,0.815,0.815,0.588,0.815,0.588,0.588,0.815,0.815,0.588,0.588,0.815,0.815,0.588,0.815,0.588,0.588,0.815,0.588,0.815,0.588,0.815,0.588,0.815,0.588,0.815,0.815,0.588,0.588,0.815,0.815,0.588,0.815,0.588,0.815,0.588,0.588,0.815,0.588,0.815,0.588,0.815,0.815,0.588,0.588,0.815,0.815,0.588,0.588,0.815,0.588,0.815,0.815,0.588,0.588,0.815,0.588,0.815,0.588,0.815,0.588,0.815,0.588,0.815,0.588,0.815,0.815,0.588,0.815,0.588,0.815,0.588,0.815,0.588,0.815,0.588,0.815,0.588,0.815,0.588,0.588,0.815,0.588,0.815,0.588,0.815,0.815,0.588,0.588,0.815,0.588,0.815,0.588,0.815,0.588,0.815,0.588,0.815,0.588,0.815,0.815,0.588,0.815,0.588,0.815,0.588,0.815,0.588,0.588,0.815,0.588,0.815,0.588,0.815
ACB,HG01884,1e-05,0.059809,0.940181,HG01885,HG01956,2,0.00252732674358951,0.0842594740387062,0.913213199217704,0.105,0.894,0,0.093,0.905,0.002,0.044,0.956,0.152,0.848,0.059819,1,2,1e-05,1e-05,0.047068,0.070144,0.952922,0.929846,0.047078,0.070154,0.00127034998366091,0.00229400923025039,0.0625437762270996,0.08043502594284,0.93618587378924,0.91727096482691,0.012,0.011,0.002,0.108,0.108,1,0,0.023076,0.0230760000000001,0.023076,0.00102365924658948,0.0178912497157404,0.0189149089623301,0.099,0.8995,0.001,0.098,0.902,1.5,1e-05,0.058606,0.941384,0.058616,0.00178217960695565,0.0714894010849698,0.926728419308075,0.848,0.956,0.956,0.848,0.848,0.956,0.848,0.956,0.956,0.848,0.848,0.956,0.848,0.956,0.956,0.848,0.956,0.848,0.848,0.956,0.848,0.956,0.848,0.956,0.848,0.956,0.848,0.956,0.848,0.956,0.848,0.956,0.956,0.848,0.848,0.956,0.848,0.956,0.956,0.848,0.848,0.956,0.956,0.848,0.956,0.848,0.848,0.956,0.848,0.956,0.956,0.848,0.956,0.848,0.848,0.956,0.956,0.848,0.848,0.956,0.956,0.848,0.956,0.848,0.956,0.848,0.956,0.848,0.848,0.956,0.956,0.848,0.848,0.956,0.956,0.848,0.956,0.848,0.848,0.956,0.956,0.848,0.848,0.956,0.956,0.848,0.956,0.848,0.848,0.956,0.956,0.848,0.956,0.848,0.848,0.956,0.848,0.956,0.848,0.956,0.956,0.848,0.956,0.848,0.848,0.956,0.956,0.848,0.956,0.848,0.956,0.848,0.956,0.848,0.848,0.956,0.956,0.848,0.956,0.848,0.956,0.848,0.848,0.956,0.956,0.848,0.956,0.848,0.956,0.848,0.848,0.956,0.956,0.848,0.848,0.956,0.956,0.848,0.956,0.848,0.956,0.848,0.956,0.848,0.956,0.848,0.848,0.956,0.848,0.956,0.956,0.848,0.848,0.956,0.848,0.956,0.956,0.848,0.848,0.956,0.956,0.848,0.956,0.848,0.956,0.848,0.848,0.956,0.956,0.848,0.848,0.956,0.956,0.848,0.848,0.956,0.956,0.848,0.848,0.956,0.956,0.848,0.956,0.848,0.848,0.956,0.956,0.848,0.956,0.848,0.848,0.956,0.956,0.848,0.848,0.956,0.848,0.956,0.848,0.956
ACB,HG01887,1e-05,0.088252,0.911738,HG02014,HG01886,1,0.000550586552544276,0.110198853227454,0.889250560220001,0.162,0.838,0,0.059,0.941,0,0.062,0.938,0.167,0.833,0.088262,1,2,1e-05,1e-05,0.119536,0.109114,0.880454,0.890876,0.119546,0.109124,0.000508597260986341,0.000693558128648431,0.134716829105127,0.119050584622223,0.864774573633887,0.880255857249128,0.103,0.103,0,0.105,0.105,1,0,0.010422,0.010422,0.010422,0.00018496086766209,0.015666244482904,0.015481283615241,0.1105,0.8895,0,0.1145,0.8855,1.5,1e-05,0.114325,0.885665,0.114335,0.000601077694817386,0.126883706863675,0.872515215441507,0.938,0.833,0.938,0.833,0.833,0.938,0.833,0.938,0.833,0.938,0.833,0.938,0.938,0.833,0.938,0.833,0.938,0.833,0.938,0.833,0.833,0.938,0.938,0.833,0.938,0.833,0.938,0.833,0.833,0.938,0.833,0.938,0.833,0.938,0.833,0.938,0.833,0.938,0.833,0.938,0.833,0.938,0.938,0.833,0.833,0.938,0.833,0.938,0.833,0.938,0.833,0.938,0.833,0.938,0.833,0.938,0.938,0.833,0.938,0.833,0.938,0.833,0.938,0.833,0.833,0.938,0.938,0.833,0.833,0.938,0.833,0.938,0.833,0.938,0.833,0.938,0.938,0.833,0.833,0.938,0.938,0.833,0.938,0.833,0.938,0.833,0.833,0.938,0.938,0.833,0.938,0.833,0.833,0.938,0.833,0.938,0.833,0.938,0.833,0.938,0.938,0.833,0.938,0.833,0.833,0.938,0.833,0.938,0.833,0.938,0.833,0.938,0.938,0.833,0.833,0.938,0.833,0.938,0.938,0.833,0.833,0.938,0.938,0.833,0.833,0.938,0.833,0.938,0.833,0.938,0.833,0.938,0.833,0.938,0.833,0.938,0.833,0.938,0.833,0.938,0.833,0.938,0.833,0.938,0.938,0.833,0.833,0.938,0.833,0.938,0.833,0.938,0.833,0.938,0.938,0.833,0.938,0.833,0.833,0.938,0.833,0.938,0.833,0.938,0.938,0.833,0.938,0.833,0.833,0.938,0.938,0.833,0.833,0.938,0.938,0.833,0.938,0.833,0.938,0.833,0.833,0.938,0.938,0.833,0.833,0.938,0.938,0.833,0.938,0.833,0.938,0.833,0.833,0.938,0.938,0.833,0.938,0.833,0.833,0.938
ACB,HG01888,1e-05,0.077066,0.922924,HG01882,HG01883,1,0.00341716047654727,0.0963457755778594,0.900237063945593,0.074,0.925,0,0.123,0.872,0.004,0.072,0.928,0.127,0.873,0.077076,1,2,1e-05,1e-05,0.020652,0.127699,0.979338,0.872291,0.020662,0.127709,0.00163178268486193,0.00300835070891767,0.0391981582306631,0.137134079124082,0.959170059084475,0.859857570167,0.049,0.053,0.004,0.055,0.055,1,0,0.107047,0.107047,0.107047,0.00137656802405574,0.0979359208934189,0.0993124889174749,0.0985,0.8985,0.002,0.0995,0.9005,1.5,1e-05,0.0741755,0.9258145,0.0741855,0.0023200666968898,0.0881661186773725,0.909513814625738,0.928,0.873,0.873,0.928,0.873,0.928,0.873,0.928,0.928,0.873,0.873,0.928,0.873,0.928,0.928,0.873,0.928,0.873,0.928,0.873,0.928,0.873,0.873,0.928,0.928,0.873,0.928,0.873,0.928,0.873,0.928,0.873,0.928,0.873,0.928,0.873,0.873,0.928,0.873,0.928,0.873,0.928,0.928,0.873,0.873,0.928,0.928,0.873,0.928,0.873,0.873,0.928,0.928,0.873,0.873,0.928,0.928,0.873,0.873,0.928,0.928,0.873,0.928,0.873,0.928,0.873,0.873,0.928,0.928,0.873,0.873,0.928,0.928,0.873,0.928,0.873,0.928,0.873,0.873,0.928,0.928,0.873,0.928,0.873,0.928,0.873,0.928,0.873,0.873,0.928,0.873,0.928,0.873,0.928,0.873,0.928,0.928,0.873,0.928,0.873,0.928,0.873,0.873,0.928,0.928,0.873,0.928,0.873,0.928,0.873,0.928,0.873,0.873,0.928,0.928,0.873,0.928,0.873,0.873,0.928,0.928,0.873,0.928,0.873,0.928,0.873,0.928,0.873,0.873,0.928,0.873,0.928,0.928,0.873,0.873,0.928,0.873,0.928,0.928,0.873,0.873,0.928,0.928,0.873,0.928,0.873,0.873,0.928,0.873,0.928,0.873,0.928,0.928,0.873,0.928,0.873,0.873,0.928,0.873,0.928,0.873,0.928,0.873,0.928,0.873,0.928,0.873,0.928,0.928,0.873,0.873,0.928,0.873,0.928,0.873,0.928,0.928,0.873,0.873,0.928,0.928,0.873,0.928,0.873,0.873,0.928,0.873,0.928,0.873,0.928,0.873,0.928,0.873,0.928,0.873,0.928,0.873,0.928,0.928,0.873
ACB,HG01891,1e-05,0.062341,0.937649,HG01890,HG01889,2,0.00345431310669145,0.0799576719730353,0.916588014920273,0.017,0.981,0.002,0.14,0.86,0,0.096,0.904,0.062,0.938,0.062351,1,2,1e-05,1e-05,0.119534,0.013127,0.880456,0.986863,0.119544,0.013137,0.003663695456424,0.000533230750849805,0.132649193109448,0.0323526793661654,0.863687111434128,0.967114089882985,0.123,0.121,0.002,0.034,0.0339999999999999,1,0,0.106407,0.106407,0.106407,0.00313046470557419,0.100296513743283,0.103426978448857,0.0785,0.9205,0.001,0.079,0.921,1.5,1e-05,0.0663305,0.9336595,0.0663405,0.0020984631036369,0.0825009362378067,0.915400600658556,0.938,0.904,0.904,0.938,0.938,0.904,0.904,0.938,0.904,0.938,0.938,0.904,0.938,0.904,0.904,0.938,0.904,0.938,0.904,0.938,0.904,0.938,0.938,0.904,0.938,0.904,0.904,0.938,0.904,0.938,0.904,0.938,0.904,0.938,0.938,0.904,0.938,0.904,0.938,0.904,0.938,0.904,0.938,0.904,0.938,0.904,0.938,0.904,0.904,0.938,0.904,0.938,0.904,0.938,0.938,0.904,0.904,0.938,0.904,0.938,0.904,0.938,0.938,0.904,0.904,0.938,0.938,0.904,0.904,0.938,0.904,0.938,0.938,0.904,0.938,0.904,0.938,0.904,0.904,0.938,0.904,0.938,0.938,0.904,0.904,0.938,0.904,0.938,0.938,0.904,0.904,0.938,0.904,0.938,0.938,0.904,0.938,0.904,0.904,0.938,0.938,0.904,0.938,0.904,0.938,0.904,0.938,0.904,0.904,0.938,0.904,0.938,0.904,0.938,0.938,0.904,0.938,0.904,0.904,0.938,0.938,0.904,0.938,0.904,0.938,0.904,0.904,0.938,0.904,0.938,0.938,0.904,0.938,0.904,0.938,0.904,0.938,0.904,0.938,0.904,0.938,0.904,0.938,0.904,0.938,0.904,0.938,0.904,0.904,0.938,0.938,0.904,0.904,0.938,0.938,0.904,0.938,0.904,0.938,0.904,0.904,0.938,0.904,0.938,0.904,0.938,0.904,0.938,0.938,0.904,0.938,0.904,0.938,0.904,0.938,0.904,0.904,0.938,0.938,0.904,0.904,0.938,0.938,0.904,0.938,0.904,0.938,0.904,0.938,0.904,0.938,0.904,0.938,0.904,0.938,0.904,0.938,0.904,0.904,0.938
ACB,HG01895,1e-05,0.070445,0.929545,HG01912,HG01894,1,0.000348317945407792,0.0906888668714712,0.908962815183121,0.115,0.885,0,0.092,0.907,0.001,0.059,0.941,0.164,0.836,0.070455,1,2,1e-05,1e-05,0.086871,0.070974,0.913119,0.929016,0.086881,0.070984,0.000734341414498878,0.000803154409090007,0.106320508870027,0.0794960256267928,0.892945149715475,0.919700819964117,0.023,0.022,0.001,0.105,0.105,1,0,0.015897,0.0158969999999999,0.015897,6.8812994591129e-05,0.0268244832432342,0.026755670248642,0.1035,0.896,5e-04,0.1115,0.8885,1.5,1e-05,0.0789225,0.9210675,0.0789325,0.000768747911794443,0.0929082672484099,0.906322984839796,0.941,0.836,0.941,0.836,0.836,0.941,0.941,0.836,0.836,0.941,0.941,0.836,0.836,0.941,0.941,0.836,0.836,0.941,0.941,0.836,0.836,0.941,0.836,0.941,0.836,0.941,0.941,0.836,0.941,0.836,0.836,0.941,0.836,0.941,0.941,0.836,0.941,0.836,0.941,0.836,0.836,0.941,0.836,0.941,0.941,0.836,0.941,0.836,0.941,0.836,0.836,0.941,0.836,0.941,0.941,0.836,0.941,0.836,0.836,0.941,0.941,0.836,0.941,0.836,0.836,0.941,0.941,0.836,0.836,0.941,0.836,0.941,0.941,0.836,0.941,0.836,0.836,0.941,0.836,0.941,0.836,0.941,0.836,0.941,0.836,0.941,0.836,0.941,0.836,0.941,0.836,0.941,0.941,0.836,0.941,0.836,0.836,0.941,0.941,0.836,0.941,0.836,0.836,0.941,0.836,0.941,0.941,0.836,0.836,0.941,0.941,0.836,0.941,0.836,0.941,0.836,0.836,0.941,0.836,0.941,0.836,0.941,0.941,0.836,0.836,0.941,0.941,0.836,0.941,0.836,0.941,0.836,0.941,0.836,0.836,0.941,0.836,0.941,0.836,0.941,0.941,0.836,0.941,0.836,0.941,0.836,0.941,0.836,0.941,0.836,0.836,0.941,0.941,0.836,0.941,0.836,0.941,0.836,0.941,0.836,0.836,0.941,0.836,0.941,0.836,0.941,0.836,0.941,0.941,0.836,0.941,0.836,0.836,0.941,0.836,0.941,0.941,0.836,0.836,0.941,0.941,0.836,0.941,0.836,0.941,0.836,0.941,0.836,0.836,0.941,0.836,0.941,0.941,0.836,0.836,0.941,0.836,0.941,0.941,0.836
ACB,HG01897,1e-05,1e-05,0.99998,HG02013,HG01896,1,0.00118352006483692,0.0472000691147541,0.951616410820409,0.048,0.95,0.002,0.059,0.938,0.003,0.032,0.968,0.075,0.925,2e-05,1,2,1e-05,1e-05,0.004366,1e-05,0.995624,0.99998,0.004376,2e-05,0.00061580484909009,0.00236095758871076,0.0329292278839377,0.0316272826868393,0.966454967266972,0.96601175972445,0.011,0.012,0.001,0.043,0.0429999999999999,1,0,0.004356,0.00435600000000003,0.004356,0.00174515273962067,0.0013019451970984,0.000443207542522028,0.0535,0.944,0.0025,0.0535,0.9465,1.5,1e-05,0.002188,0.997802,0.002198,0.00148838121890043,0.0322782552853885,0.966233363495711,0.968,0.925,0.925,0.968,0.968,0.925,0.925,0.968,0.968,0.925,0.925,0.968,0.925,0.968,0.925,0.968,0.925,0.968,0.968,0.925,0.925,0.968,0.968,0.925,0.968,0.925,0.968,0.925,0.968,0.925,0.925,0.968,0.968,0.925,0.968,0.925,0.968,0.925,0.968,0.925,0.925,0.968,0.925,0.968,0.925,0.968,0.968,0.925,0.925,0.968,0.925,0.968,0.968,0.925,0.968,0.925,0.925,0.968,0.968,0.925,0.968,0.925,0.968,0.925,0.968,0.925,0.925,0.968,0.925,0.968,0.925,0.968,0.968,0.925,0.968,0.925,0.925,0.968,0.925,0.968,0.968,0.925,0.925,0.968,0.968,0.925,0.925,0.968,0.925,0.968,0.968,0.925,0.968,0.925,0.968,0.925,0.925,0.968,0.968,0.925,0.925,0.968,0.968,0.925,0.925,0.968,0.925,0.968,0.968,0.925,0.968,0.925,0.925,0.968,0.925,0.968,0.968,0.925,0.925,0.968,0.925,0.968,0.968,0.925,0.968,0.925,0.968,0.925,0.925,0.968,0.968,0.925,0.925,0.968,0.925,0.968,0.925,0.968,0.968,0.925,0.968,0.925,0.968,0.925,0.925,0.968,0.925,0.968,0.968,0.925,0.925,0.968,0.925,0.968,0.925,0.968,0.968,0.925,0.968,0.925,0.925,0.968,0.925,0.968,0.925,0.968,0.925,0.968,0.968,0.925,0.968,0.925,0.968,0.925,0.968,0.925,0.968,0.925,0.925,0.968,0.968,0.925,0.968,0.925,0.925,0.968,0.925,0.968,0.925,0.968,0.968,0.925,0.925,0.968,0.968,0.925,0.925,0.968,0.968,0.925
ACB,HG01916,1e-05,0.087576,0.912414,HG01914,HG01915,2,0.00169828370865914,0.107642366600919,0.890659349690422,0.078,0.919,0.003,0.153,0.847,0,0.058,0.942,0.18,0.82,0.087586,1,2,1e-05,1e-05,0.144619,0.068161,0.855371,0.931829,0.144629,0.068171,0.00493143423746895,0.00238931572262197,0.156890652438343,0.078619587190587,0.838177913324188,0.918991097086791,0.075,0.0720000000000001,0.003,0.122,0.122,1,0,0.076458,0.076458,0.076458,0.00254211851484698,0.078271065247756,0.080813183762603,0.1155,0.883,0.0015,0.119,0.881,1.5,1e-05,0.10639,0.8936,0.1064,0.00366037498004546,0.117755119814465,0.878584505205489,0.942,0.82,0.82,0.942,0.942,0.82,0.942,0.82,0.942,0.82,0.942,0.82,0.82,0.942,0.82,0.942,0.942,0.82,0.82,0.942,0.942,0.82,0.942,0.82,0.82,0.942,0.82,0.942,0.942,0.82,0.942,0.82,0.82,0.942,0.942,0.82,0.82,0.942,0.82,0.942,0.942,0.82,0.82,0.942,0.942,0.82,0.942,0.82,0.942,0.82,0.82,0.942,0.82,0.942,0.942,0.82,0.942,0.82,0.82,0.942,0.942,0.82,0.82,0.942,0.82,0.942,0.942,0.82,0.82,0.942,0.942,0.82,0.942,0.82,0.942,0.82,0.82,0.942,0.942,0.82,0.82,0.942,0.82,0.942,0.942,0.82,0.82,0.942,0.82,0.942,0.82,0.942,0.942,0.82,0.942,0.82,0.82,0.942,0.942,0.82,0.942,0.82,0.942,0.82,0.82,0.942,0.82,0.942,0.82,0.942,0.82,0.942,0.942,0.82,0.82,0.942,0.82,0.942,0.942,0.82,0.942,0.82,0.82,0.942,0.82,0.942,0.82,0.942,0.942,0.82,0.942,0.82,0.942,0.82,0.82,0.942,0.82,0.942,0.82,0.942,0.942,0.82,0.942,0.82,0.942,0.82,0.942,0.82,0.942,0.82,0.942,0.82,0.942,0.82,0.82,0.942,0.942,0.82,0.942,0.82,0.942,0.82,0.82,0.942,0.82,0.942,0.942,0.82,0.82,0.942,0.942,0.82,0.82,0.942,0.942,0.82,0.82,0.942,0.942,0.82,0.82,0.942,0.82,0.942,0.82,0.942,0.942,0.82,0.942,0.82,0.942,0.82,0.942,0.82,0.82,0.942,0.82,0.942,0.942,0.82
ACB,HG01959,1e-05,0.127504,0.872486,HG01986,HG01958,2,0.00369156388971509,0.143031246774447,0.853277189335838,0.093,0.901,0.005,0.197,0.802,0.001,0.187,0.813,0.095,0.905,0.127514,1,2,1e-05,1e-05,0.119338,0.128831,0.880652,0.871159,0.119348,0.128841,0.00236839370419778,0.00588003257886551,0.136890909033636,0.141330421998411,0.860740697262167,0.852789545422723,0.104,0.099,0.004,0.092,0.0920000000000001,1,0,0.009493,0.00949299999999997,0.00949300000000002,0.00351163887466773,0.00443951296477502,0.00795115183944395,0.145,0.8515,0.003,0.141,0.859,1.5,1e-05,0.1240845,0.8759055,0.1240945,0.00412421314153164,0.139110665516023,0.856765121342445,0.905,0.813,0.813,0.905,0.905,0.813,0.905,0.813,0.905,0.813,0.813,0.905,0.905,0.813,0.813,0.905,0.905,0.813,0.813,0.905,0.905,0.813,0.905,0.813,0.905,0.813,0.905,0.813,0.813,0.905,0.905,0.813,0.905,0.813,0.813,0.905,0.905,0.813,0.813,0.905,0.813,0.905,0.905,0.813,0.813,0.905,0.813,0.905,0.813,0.905,0.905,0.813,0.905,0.813,0.813,0.905,0.813,0.905,0.813,0.905,0.905,0.813,0.905,0.813,0.813,0.905,0.813,0.905,0.905,0.813,0.905,0.813,0.813,0.905,0.905,0.813,0.905,0.813,0.905,0.813,0.813,0.905,0.813,0.905,0.905,0.813,0.813,0.905,0.905,0.813,0.905,0.813,0.905,0.813,0.905,0.813,0.813,0.905,0.813,0.905,0.813,0.905,0.905,0.813,0.813,0.905,0.813,0.905,0.905,0.813,0.905,0.813,0.813,0.905,0.905,0.813,0.905,0.813,0.905,0.813,0.813,0.905,0.813,0.905,0.813,0.905,0.905,0.813,0.905,0.813,0.905,0.813,0.813,0.905,0.813,0.905,0.813,0.905,0.813,0.905,0.905,0.813,0.905,0.813,0.905,0.813,0.905,0.813,0.813,0.905,0.905,0.813,0.905,0.813,0.813,0.905,0.905,0.813,0.813,0.905,0.905,0.813,0.905,0.813,0.813,0.905,0.905,0.813,0.813,0.905,0.905,0.813,0.905,0.813,0.813,0.905,0.813,0.905,0.813,0.905,0.905,0.813,0.905,0.813,0.813,0.905,0.905,0.813,0.813,0.905,0.813,0.905,0.905,0.813,0.905,0.813,0.905,0.813,0.905,0.813
ACB,HG01960,1e-05,0.282852,0.717138,HG01988,HG01989,2,0.00284284382586875,0.29879571185825,0.698361444315882,0.238,0.761,0.001,0.403,0.597,0,0.062,0.938,0.497,0.503,0.282862,1,2,1e-05,1e-05,0.439707,0.147534,0.560283,0.852456,0.439717,0.147544,0.00543607900388273,0.000435244700704828,0.454530203917547,0.159087681720922,0.54003371707857,0.840477073578373,0.165,0.164,0.001,0.435,0.435,1,0,0.292173,0.292173,0.292173,0.0050008343031779,0.295442522196625,0.300443356499803,0.3205,0.679,5e-04,0.2795,0.7205,1.5,1e-05,0.2936205,0.7063695,0.2936305,0.00293566185229378,0.306808942819234,0.690255395328471,0.938,0.503,0.503,0.938,0.938,0.503,0.938,0.503,0.938,0.503,0.503,0.938,0.503,0.938,0.938,0.503,0.938,0.503,0.503,0.938,0.503,0.938,0.503,0.938,0.503,0.938,0.938,0.503,0.503,0.938,0.503,0.938,0.503,0.938,0.938,0.503,0.938,0.503,0.503,0.938,0.938,0.503,0.503,0.938,0.938,0.503,0.503,0.938,0.938,0.503,0.938,0.503,0.503,0.938,0.503,0.938,0.938,0.503,0.503,0.938,0.938,0.503,0.503,0.938,0.503,0.938,0.938,0.503,0.938,0.503,0.503,0.938,0.503,0.938,0.938,0.503,0.503,0.938,0.938,0.503,0.938,0.503,0.938,0.503,0.938,0.503,0.503,0.938,0.938,0.503,0.503,0.938,0.503,0.938,0.503,0.938,0.938,0.503,0.938,0.503,0.503,0.938,0.938,0.503,0.503,0.938,0.503,0.938,0.938,0.503,0.503,0.938,0.938,0.503,0.938,0.503,0.938,0.503,0.503,0.938,0.503,0.938,0.503,0.938,0.503,0.938,0.503,0.938,0.938,0.503,0.938,0.503,0.938,0.503,0.938,0.503,0.503,0.938,0.503,0.938,0.938,0.503,0.938,0.503,0.938,0.503,0.503,0.938,0.503,0.938,0.503,0.938,0.938,0.503,0.503,0.938,0.503,0.938,0.938,0.503,0.938,0.503,0.503,0.938,0.503,0.938,0.938,0.503,0.938,0.503,0.938,0.503,0.938,0.503,0.503,0.938,0.938,0.503,0.503,0.938,0.938,0.503,0.503,0.938,0.938,0.503,0.503,0.938,0.503,0.938,0.938,0.503,0.938,0.503,0.938,0.503,0.938,0.503,0.938,0.503
ACB,HG01987,1e-05,0.068483,0.931507,HG01990,HG02012,1,0.00284082129644462,0.0908186216930706,0.906340557010485,0.067,0.932,0.001,0.107,0.893,0,0.052,0.948,0.132,0.868,0.068493,1,2,1e-05,1e-05,0.060111,0.068804,0.939879,0.931186,0.060121,0.068814,0.00297841150597416,0.000535237971566798,0.0703105209824608,0.0949201789270867,0.926711067511565,0.904544583101346,0.04,0.039,0.001,0.08,0.08,1,0,0.00869300000000001,0.00869300000000006,0.008693,0.00244317353440736,0.0246096579446259,0.022166484410219,0.087,0.9125,5e-04,0.092,0.908,1.5,1e-05,0.0644575,0.9355325,0.0644675,0.00175682473877048,0.0826153499547738,0.915627825306455,0.868,0.948,0.868,0.948,0.948,0.868,0.868,0.948,0.868,0.948,0.948,0.868,0.868,0.948,0.948,0.868,0.948,0.868,0.948,0.868,0.868,0.948,0.868,0.948,0.868,0.948,0.868,0.948,0.868,0.948,0.948,0.868,0.868,0.948,0.948,0.868,0.868,0.948,0.868,0.948,0.868,0.948,0.868,0.948,0.948,0.868,0.948,0.868,0.948,0.868,0.868,0.948,0.948,0.868,0.868,0.948,0.868,0.948,0.948,0.868,0.868,0.948,0.948,0.868,0.868,0.948,0.868,0.948,0.948,0.868,0.868,0.948,0.948,0.868,0.868,0.948,0.948,0.868,0.948,0.868,0.948,0.868,0.868,0.948,0.948,0.868,0.948,0.868,0.948,0.868,0.948,0.868,0.948,0.868,0.868,0.948,0.948,0.868,0.868,0.948,0.948,0.868,0.868,0.948,0.868,0.948,0.868,0.948,0.948,0.868,0.948,0.868,0.868,0.948,0.868,0.948,0.948,0.868,0.948,0.868,0.948,0.868,0.868,0.948,0.948,0.868,0.948,0.868,0.868,0.948,0.948,0.868,0.868,0.948,0.948,0.868,0.948,0.868,0.948,0.868,0.868,0.948,0.868,0.948,0.948,0.868,0.948,0.868,0.948,0.868,0.948,0.868,0.948,0.868,0.948,0.868,0.868,0.948,0.868,0.948,0.868,0.948,0.868,0.948,0.868,0.948,0.868,0.948,0.868,0.948,0.868,0.948,0.948,0.868,0.868,0.948,0.868,0.948,0.868,0.948,0.868,0.948,0.868,0.948,0.868,0.948,0.948,0.868,0.868,0.948,0.868,0.948,0.868,0.948,0.868,0.948,0.948,0.868,0.948,0.868
ACB,HG02011,1e-05,0.150505,0.849485,HG02009,HG02010,1,0.000613715032557853,0.168320131405727,0.831066153561715,0.107,0.893,0.001,0.228,0.772,0,0.103,0.897,0.247,0.753,0.150515,1,2,1e-05,1e-05,0.137902,0.158409,0.862088,0.841581,0.137912,0.158419,0.0018785330546879,0.00378260085486982,0.142595467159033,0.16378379870068,0.855525999786279,0.83243360044445,0.121,0.121,0.001,0.144,0.144,1,0,0.020507,0.0205069999999999,0.020507,0.00190406780018192,0.021188331541647,0.0230923993418289,0.1675,0.8325,5e-04,0.175,0.825,1.5,1e-05,0.1481555,0.8518345,0.1481655,0.00283056695477886,0.153189632929856,0.843979800115364,0.753,0.897,0.753,0.897,0.897,0.753,0.753,0.897,0.753,0.897,0.897,0.753,0.897,0.753,0.897,0.753,0.753,0.897,0.897,0.753,0.753,0.897,0.897,0.753,0.897,0.753,0.753,0.897,0.897,0.753,0.753,0.897,0.897,0.753,0.897,0.753,0.753,0.897,0.897,0.753,0.897,0.753,0.753,0.897,0.753,0.897,0.753,0.897,0.753,0.897,0.753,0.897,0.753,0.897,0.897,0.753,0.753,0.897,0.897,0.753,0.897,0.753,0.753,0.897,0.897,0.753,0.897,0.753,0.753,0.897,0.897,0.753,0.897,0.753,0.897,0.753,0.897,0.753,0.897,0.753,0.753,0.897,0.753,0.897,0.897,0.753,0.753,0.897,0.897,0.753,0.753,0.897,0.753,0.897,0.753,0.897,0.753,0.897,0.897,0.753,0.897,0.753,0.753,0.897,0.753,0.897,0.897,0.753,0.753,0.897,0.753,0.897,0.753,0.897,0.897,0.753,0.897,0.753,0.897,0.753,0.753,0.897,0.897,0.753,0.897,0.753,0.753,0.897,0.753,0.897,0.897,0.753,0.897,0.753,0.753,0.897,0.897,0.753,0.753,0.897,0.753,0.897,0.753,0.897,0.897,0.753,0.753,0.897,0.753,0.897,0.753,0.897,0.897,0.753,0.753,0.897,0.897,0.753,0.753,0.897,0.753,0.897,0.897,0.753,0.753,0.897,0.753,0.897,0.753,0.897,0.753,0.897,0.753,0.897,0.753,0.897,0.753,0.897,0.897,0.753,0.897,0.753,0.753,0.897,0.897,0.753,0.753,0.897,0.753,0.897,0.753,0.897,0.753,0.897,0.753,0.897,0.753,0.897,0.897,0.753
ACB,HG02055,1e-05,0.100769,0.899221,HG02053,HG02054,1,0.000952655148787511,0.11213258983609,0.886914755015123,0.05,0.948,0.002,0.179,0.821,0,0.047,0.953,0.183,0.817,0.100779,1,2,1e-05,1e-05,0.059511,0.122203,0.940479,0.877787,0.059521,0.122213,0.00159479453431535,0.00129930159698596,0.0689008293663691,0.136905727328118,0.929504376099316,0.861794971074896,0.129,0.127,0.002,0.136,0.136,1,0,0.062692,0.062692,0.062692,0.00029549293732939,0.0680048979617489,0.06770940502442,0.1145,0.8845,0.001,0.115,0.885,1.5,1e-05,0.090857,0.909133,0.090867,0.00144704806565065,0.102903278347244,0.895649673587106,0.817,0.953,0.953,0.817,0.817,0.953,0.953,0.817,0.817,0.953,0.953,0.817,0.953,0.817,0.817,0.953,0.817,0.953,0.953,0.817,0.817,0.953,0.953,0.817,0.817,0.953,0.953,0.817,0.953,0.817,0.953,0.817,0.953,0.817,0.817,0.953,0.953,0.817,0.953,0.817,0.953,0.817,0.953,0.817,0.817,0.953,0.953,0.817,0.953,0.817,0.817,0.953,0.953,0.817,0.953,0.817,0.953,0.817,0.953,0.817,0.817,0.953,0.953,0.817,0.953,0.817,0.953,0.817,0.817,0.953,0.817,0.953,0.953,0.817,0.817,0.953,0.953,0.817,0.953,0.817,0.817,0.953,0.953,0.817,0.953,0.817,0.953,0.817,0.953,0.817,0.817,0.953,0.817,0.953,0.953,0.817,0.953,0.817,0.953,0.817,0.817,0.953,0.817,0.953,0.817,0.953,0.953,0.817,0.817,0.953,0.953,0.817,0.953,0.817,0.953,0.817,0.953,0.817,0.953,0.817,0.953,0.817,0.953,0.817,0.817,0.953,0.953,0.817,0.817,0.953,0.953,0.817,0.953,0.817,0.817,0.953,0.817,0.953,0.817,0.953,0.953,0.817,0.817,0.953,0.953,0.817,0.817,0.953,0.817,0.953,0.817,0.953,0.953,0.817,0.817,0.953,0.953,0.817,0.817,0.953,0.817,0.953,0.953,0.817,0.817,0.953,0.953,0.817,0.817,0.953,0.953,0.817,0.953,0.817,0.953,0.817,0.953,0.817,0.817,0.953,0.817,0.953,0.953,0.817,0.817,0.953,0.817,0.953,0.817,0.953,0.817,0.953,0.817,0.953,0.953,0.817,0.953,0.817,0.953,0.817
ACB,HG02145,1e-05,0.122795,0.877195,HG02143,HG02144,1,0.0041188078328511,0.145579691701521,0.850301500465627,0.097,0.896,0.007,0.14,0.86,0,0.172,0.828,0.095,0.905,0.122805,1,2,1e-05,1e-05,0.174524,0.058999,0.825466,0.940991,0.174534,0.059009,0.0032465931757489,0.000631248308450164,0.194602361907369,0.0860734483173127,0.802151044916882,0.913295303374237,0.043,0.036,0.007,0.077,0.0770000000000001,1,0,0.115525,0.115525,0.115525,0.00261534486729874,0.108528913590056,0.111144258457355,0.1185,0.878,0.0035,0.1335,0.8665,1.5,1e-05,0.1167615,0.8832285,0.1167715,0.00193892074209953,0.140337905112341,0.85772317414556,0.905,0.828,0.905,0.828,0.905,0.828,0.905,0.828,0.828,0.905,0.905,0.828,0.905,0.828,0.905,0.828,0.828,0.905,0.905,0.828,0.828,0.905,0.905,0.828,0.905,0.828,0.905,0.828,0.905,0.828,0.828,0.905,0.828,0.905,0.828,0.905,0.905,0.828,0.905,0.828,0.905,0.828,0.828,0.905,0.828,0.905,0.905,0.828,0.905,0.828,0.828,0.905,0.828,0.905,0.828,0.905,0.905,0.828,0.828,0.905,0.905,0.828,0.828,0.905,0.828,0.905,0.905,0.828,0.828,0.905,0.905,0.828,0.905,0.828,0.828,0.905,0.828,0.905,0.905,0.828,0.905,0.828,0.828,0.905,0.828,0.905,0.905,0.828,0.905,0.828,0.905,0.828,0.828,0.905,0.905,0.828,0.905,0.828,0.905,0.828,0.828,0.905,0.828,0.905,0.828,0.905,0.828,0.905,0.828,0.905,0.905,0.828,0.905,0.828,0.905,0.828,0.828,0.905,0.905,0.828,0.905,0.828,0.828,0.905,0.828,0.905,0.828,0.905,0.828,0.905,0.905,0.828,0.828,0.905,0.905,0.828,0.828,0.905,0.828,0.905,0.828,0.905,0.905,0.828,0.905,0.828,0.905,0.828,0.828,0.905,0.828,0.905,0.905,0.828,0.905,0.828,0.905,0.828,0.828,0.905,0.828,0.905,0.905,0.828,0.828,0.905,0.905,0.828,0.905,0.828,0.905,0.828,0.828,0.905,0.828,0.905,0.905,0.828,0.828,0.905,0.905,0.828,0.905,0.828,0.905,0.828,0.828,0.905,0.905,0.828,0.905,0.828,0.905,0.828,0.828,0.905,0.905,0.828,0.828,0.905
ACB,HG02257,0.011291,0.130526,0.858184,HG02255,HG02256,2,0.0159828648601463,0.145328708830189,0.838688426309665,0.109,0.891,0,0.161,0.816,0.023,0.21,0.79,0.072,0.928,0.141817,1,2,1e-05,0.022406,0.070485,0.19184,0.929505,0.785753,0.070495,0.214246,0.00219624230822732,0.0218989389418311,0.0836893322148702,0.206402420528468,0.914114425476902,0.771698640529701,0.052,0.0750000000000001,0.023,0.138,0.138,1,0.022396,0.121355,0.143752,0.143751,0.0197026966336038,0.122713088313598,0.142415784947201,0.135,0.8535,0.0115,0.141,0.859,1.5,0.011208,0.1311625,0.857629,0.1423705,0.0120475906250292,0.145045876371669,0.842906533003302,0.79,0.928,0.928,0.79,0.79,0.928,0.79,0.928,0.928,0.79,0.928,0.79,0.79,0.928,0.928,0.79,0.79,0.928,0.79,0.928,0.928,0.79,0.928,0.79,0.79,0.928,0.79,0.928,0.79,0.928,0.79,0.928,0.928,0.79,0.928,0.79,0.79,0.928,0.79,0.928,0.79,0.928,0.79,0.928,0.79,0.928,0.928,0.79,0.79,0.928,0.79,0.928,0.79,0.928,0.928,0.79,0.928,0.79,0.928,0.79,0.928,0.79,0.79,0.928,0.79,0.928,0.79,0.928,0.928,0.79,0.928,0.79,0.928,0.79,0.928,0.79,0.928,0.79,0.928,0.79,0.928,0.79,0.79,0.928,0.79,0.928,0.79,0.928,0.79,0.928,0.928,0.79,0.79,0.928,0.928,0.79,0.79,0.928,0.79,0.928,0.79,0.928,0.79,0.928,0.928,0.79,0.928,0.79,0.79,0.928,0.928,0.79,0.928,0.79,0.79,0.928,0.928,0.79,0.79,0.928,0.79,0.928,0.79,0.928,0.928,0.79,0.79,0.928,0.79,0.928,0.928,0.79,0.928,0.79,0.928,0.79,0.928,0.79,0.79,0.928,0.928,0.79,0.928,0.79,0.928,0.79,0.928,0.79,0.79,0.928,0.79,0.928,0.928,0.79,0.928,0.79,0.79,0.928,0.928,0.79,0.928,0.79,0.79,0.928,0.928,0.79,0.928,0.79,0.79,0.928,0.79,0.928,0.79,0.928,0.928,0.79,0.928,0.79,0.79,0.928,0.79,0.928,0.79,0.928,0.79,0.928,0.928,0.79,0.79,0.928,0.928,0.79,0.928,0.79,0.928,0.79,0.928,0.79,0.79,0.928
ACB,HG02258,1e-05,0.084869,0.915121,HG02314,HG02315,1,0,0.114766786486185,0.885233213513815,0.105,0.895,0,0.116,0.884,0,0.085,0.915,0.125,0.875,0.084879,1,2,1e-05,1e-05,0.058472,0.119258,0.941518,0.880732,0.058482,0.119268,0,0,0.0771244425492724,0.129375255378606,0.922875557450728,0.870624744621394,0.011,0.011,0,0.04,0.04,1,0,0.060786,0.060786,0.060786,0,0.0522508128293336,0.052250812829334,0.1105,0.8895,0,0.105,0.895,1.5,1e-05,0.088865,0.911125,0.088875,0,0.103249848963939,0.896750151036061,0.915,0.875,0.875,0.915,0.875,0.915,0.875,0.915,0.915,0.875,0.875,0.915,0.875,0.915,0.875,0.915,0.915,0.875,0.875,0.915,0.915,0.875,0.915,0.875,0.875,0.915,0.875,0.915,0.875,0.915,0.915,0.875,0.875,0.915,0.875,0.915,0.915,0.875,0.915,0.875,0.875,0.915,0.915,0.875,0.875,0.915,0.915,0.875,0.875,0.915,0.875,0.915,0.915,0.875,0.875,0.915,0.915,0.875,0.875,0.915,0.875,0.915,0.915,0.875,0.915,0.875,0.875,0.915,0.915,0.875,0.875,0.915,0.875,0.915,0.915,0.875,0.875,0.915,0.875,0.915,0.915,0.875,0.915,0.875,0.915,0.875,0.915,0.875,0.875,0.915,0.875,0.915,0.875,0.915,0.875,0.915,0.875,0.915,0.915,0.875,0.915,0.875,0.875,0.915,0.915,0.875,0.915,0.875,0.915,0.875,0.915,0.875,0.875,0.915,0.915,0.875,0.875,0.915,0.915,0.875,0.915,0.875,0.915,0.875,0.875,0.915,0.915,0.875,0.875,0.915,0.875,0.915,0.875,0.915,0.915,0.875,0.915,0.875,0.915,0.875,0.875,0.915,0.915,0.875,0.915,0.875,0.875,0.915,0.875,0.915,0.875,0.915,0.915,0.875,0.915,0.875,0.875,0.915,0.915,0.875,0.915,0.875,0.875,0.915,0.875,0.915,0.875,0.915,0.915,0.875,0.875,0.915,0.915,0.875,0.875,0.915,0.875,0.915,0.915,0.875,0.875,0.915,0.875,0.915,0.915,0.875,0.915,0.875,0.915,0.875,0.915,0.875,0.915,0.875,0.915,0.875,0.875,0.915,0.915,0.875
ACB,HG02280,1e-05,0.061551,0.938439,HG02307,HG02308,2,0.00396036627416172,0.0818620676643631,0.914177566061475,0.085,0.915,0,0.08,0.915,0.005,0.043,0.956,0.157,0.843,0.061561,1,2,1e-05,1e-05,0.048325,0.095008,0.951665,0.904982,0.048335,0.095018,0.00175139032574555,0.000412265975277794,0.0656528569829122,0.10226647983142,0.932595752691342,0.897321254193302,0.005,0,0.005,0.114,0.113,1,0,0.046683,0.046683,0.046683,0.00133912435046776,0.0366136228485078,0.03527449849804,0.0825,0.915,0.0025,0.1,0.8995,1.5,1e-05,0.0716665,0.9283235,0.0716765,0.00108182815051167,0.0839596684071661,0.914958503442322,0.956,0.843,0.843,0.956,0.956,0.843,0.843,0.956,0.956,0.843,0.843,0.956,0.843,0.956,0.843,0.956,0.843,0.956,0.843,0.956,0.956,0.843,0.956,0.843,0.843,0.956,0.956,0.843,0.843,0.956,0.843,0.956,0.843,0.956,0.956,0.843,0.956,0.843,0.843,0.956,0.843,0.956,0.843,0.956,0.843,0.956,0.843,0.956,0.956,0.843,0.843,0.956,0.843,0.956,0.843,0.956,0.843,0.956,0.843,0.956,0.956,0.843,0.843,0.956,0.843,0.956,0.843,0.956,0.956,0.843,0.843,0.956,0.843,0.956,0.843,0.956,0.843,0.956,0.956,0.843,0.843,0.956,0.956,0.843,0.843,0.956,0.956,0.843,0.843,0.956,0.956,0.843,0.843,0.956,0.956,0.843,0.843,0.956,0.843,0.956,0.956,0.843,0.956,0.843,0.956,0.843,0.956,0.843,0.843,0.956,0.956,0.843,0.843,0.956,0.956,0.843,0.956,0.843,0.956,0.843,0.956,0.843,0.843,0.956,0.843,0.956,0.843,0.956,0.843,0.956,0.843,0.956,0.956,0.843,0.843,0.956,0.843,0.956,0.843,0.956,0.956,0.843,0.843,0.956,0.843,0.956,0.956,0.843,0.843,0.956,0.956,0.843,0.843,0.956,0.956,0.843,0.956,0.843,0.956,0.843,0.843,0.956,0.956,0.843,0.956,0.843,0.843,0.956,0.956,0.843,0.843,0.956,0.956,0.843,0.956,0.843,0.956,0.843,0.956,0.843,0.956,0.843,0.956,0.843,0.843,0.956,0.843,0.956,0.843,0.956,0.956,0.843,0.843,0.956,0.956,0.843,0.843,0.956,0.956,0.843
ACB,HG02316,1e-05,0.032505,0.967485,HG02317,HG02318,1,0.00168257377098997,0.0642969681740651,0.934020458054945,0.05,0.95,0,0.105,0.892,0.003,0.001,0.999,0.227,0.773,0.032515,1,2,1e-05,1e-05,0.039636,0.029067,0.960354,0.970923,0.039646,0.029077,0.000922503404026318,0.00280705011049519,0.0559199806145343,0.0524719613445661,0.943157515981439,0.944720988544939,0.055,0.0579999999999999,0.003,0.226,0.226,1,0,0.010569,0.0105689999999999,0.010569,0.00188454670646887,0.0034480192699682,0.00156347256349998,0.0775,0.921,0.0015,0.114,0.886,1.5,1e-05,0.0343515,0.9656385,0.0343615,0.00186477675726075,0.0541959709795502,0.943939252263189,0.773,0.999,0.999,0.773,0.999,0.773,0.999,0.773,0.999,0.773,0.999,0.773,0.773,0.999,0.999,0.773,0.773,0.999,0.773,0.999,0.999,0.773,0.999,0.773,0.999,0.773,0.999,0.773,0.999,0.773,0.999,0.773,0.999,0.773,0.999,0.773,0.773,0.999,0.999,0.773,0.999,0.773,0.773,0.999,0.773,0.999,0.999,0.773,0.999,0.773,0.999,0.773,0.773,0.999,0.773,0.999,0.773,0.999,0.773,0.999,0.773,0.999,0.999,0.773,0.773,0.999,0.999,0.773,0.773,0.999,0.999,0.773,0.999,0.773,0.773,0.999,0.999,0.773,0.773,0.999,0.999,0.773,0.773,0.999,0.773,0.999,0.999,0.773,0.999,0.773,0.999,0.773,0.999,0.773,0.999,0.773,0.773,0.999,0.773,0.999,0.999,0.773,0.773,0.999,0.999,0.773,0.773,0.999,0.773,0.999,0.999,0.773,0.773,0.999,0.773,0.999,0.999,0.773,0.999,0.773,0.773,0.999,0.999,0.773,0.773,0.999,0.773,0.999,0.999,0.773,0.773,0.999,0.773,0.999,0.773,0.999,0.773,0.999,0.773,0.999,0.773,0.999,0.773,0.999,0.999,0.773,0.773,0.999,0.999,0.773,0.773,0.999,0.773,0.999,0.999,0.773,0.773,0.999,0.773,0.999,0.999,0.773,0.773,0.999,0.999,0.773,0.773,0.999,0.999,0.773,0.773,0.999,0.773,0.999,0.999,0.773,0.773,0.999,0.999,0.773,0.773,0.999,0.999,0.773,0.999,0.773,0.773,0.999,0.773,0.999,0.773,0.999,0.999,0.773,0.773,0.999,0.773,0.999,0.773,0.999
ACB,HG02321,1e-05,0.090327,0.909663,HG02281,HG02282,2,0.00243179542683291,0.108115788725105,0.889452415848062,0.091,0.903,0.006,0.142,0.855,0.003,0.08,0.92,0.166,0.834,0.090337,1,2,1e-05,1e-05,0.018728,0.192714,0.981262,0.807276,0.018738,0.192724,0.000556805091789349,0.0021917499147159,0.0385672032797636,0.20384735422954,0.960875991628447,0.793960895855744,0.051,0.048,0.003,0.086,0.0860000000000001,1,0,0.173986,0.173986,0.173986,0.00163494482292655,0.165280150949776,0.166915095772703,0.1165,0.879,0.0045,0.123,0.877,1.5,1e-05,0.105721,0.894269,0.105731,0.00137427750325262,0.121207278754652,0.877418443742096,0.92,0.834,0.92,0.834,0.92,0.834,0.92,0.834,0.834,0.92,0.834,0.92,0.834,0.92,0.834,0.92,0.92,0.834,0.834,0.92,0.834,0.92,0.92,0.834,0.92,0.834,0.834,0.92,0.92,0.834,0.834,0.92,0.92,0.834,0.834,0.92,0.834,0.92,0.834,0.92,0.92,0.834,0.92,0.834,0.92,0.834,0.834,0.92,0.834,0.92,0.834,0.92,0.834,0.92,0.92,0.834,0.834,0.92,0.834,0.92,0.92,0.834,0.834,0.92,0.92,0.834,0.92,0.834,0.834,0.92,0.92,0.834,0.92,0.834,0.92,0.834,0.92,0.834,0.92,0.834,0.92,0.834,0.92,0.834,0.834,0.92,0.92,0.834,0.834,0.92,0.92,0.834,0.92,0.834,0.92,0.834,0.834,0.92,0.92,0.834,0.92,0.834,0.834,0.92,0.92,0.834,0.92,0.834,0.834,0.92,0.92,0.834,0.92,0.834,0.92,0.834,0.92,0.834,0.834,0.92,0.92,0.834,0.834,0.92,0.92,0.834,0.92,0.834,0.834,0.92,0.92,0.834,0.834,0.92,0.92,0.834,0.92,0.834,0.834,0.92,0.92,0.834,0.92,0.834,0.92,0.834,0.834,0.92,0.834,0.92,0.834,0.92,0.92,0.834,0.92,0.834,0.834,0.92,0.92,0.834,0.92,0.834,0.834,0.92,0.834,0.92,0.92,0.834,0.92,0.834,0.834,0.92,0.834,0.92,0.834,0.92,0.92,0.834,0.834,0.92,0.834,0.92,0.92,0.834,0.92,0.834,0.92,0.834,0.92,0.834,0.92,0.834,0.834,0.92,0.92,0.834,0.834,0.92,0.834,0.92
ACB,HG02451,1e-05,0.032645,0.967345,HG02449,HG02450,2,0.000653191738055096,0.0574665162296868,0.941880292032258,0.025,0.975,0,0.101,0.899,0,0.026,0.974,0.098,0.902,0.032655,1,2,1e-05,1e-05,0.041726,0.067817,0.958264,0.932173,0.041736,0.067827,0.00117142903433133,0.00023954762311865,0.0569051865248977,0.0819944466831787,0.941923384440771,0.917766005693703,0.076,0.076,0,0.072,0.072,1,0,0.026091,0.026091,0.026091,0.00093188141121268,0.025089260158281,0.0241573787470679,0.063,0.937,0,0.062,0.938,1.5,1e-05,0.0547715,0.9452185,0.0547815,0.00070548832872499,0.0694498166040382,0.929844695067237,0.902,0.974,0.974,0.902,0.974,0.902,0.902,0.974,0.902,0.974,0.902,0.974,0.902,0.974,0.974,0.902,0.902,0.974,0.974,0.902,0.902,0.974,0.902,0.974,0.902,0.974,0.974,0.902,0.902,0.974,0.974,0.902,0.902,0.974,0.974,0.902,0.902,0.974,0.902,0.974,0.902,0.974,0.974,0.902,0.902,0.974,0.974,0.902,0.902,0.974,0.902,0.974,0.902,0.974,0.974,0.902,0.974,0.902,0.974,0.902,0.902,0.974,0.902,0.974,0.902,0.974,0.902,0.974,0.902,0.974,0.902,0.974,0.974,0.902,0.902,0.974,0.902,0.974,0.974,0.902,0.902,0.974,0.902,0.974,0.974,0.902,0.902,0.974,0.974,0.902,0.902,0.974,0.974,0.902,0.974,0.902,0.902,0.974,0.974,0.902,0.974,0.902,0.974,0.902,0.974,0.902,0.974,0.902,0.974,0.902,0.974,0.902,0.974,0.902,0.902,0.974,0.902,0.974,0.902,0.974,0.902,0.974,0.974,0.902,0.974,0.902,0.902,0.974,0.974,0.902,0.902,0.974,0.974,0.902,0.902,0.974,0.902,0.974,0.974,0.902,0.974,0.902,0.974,0.902,0.902,0.974,0.974,0.902,0.902,0.974,0.902,0.974,0.974,0.902,0.974,0.902,0.974,0.902,0.902,0.974,0.974,0.902,0.902,0.974,0.974,0.902,0.902,0.974,0.974,0.902,0.902,0.974,0.902,0.974,0.974,0.902,0.902,0.974,0.974,0.902,0.974,0.902,0.974,0.902,0.974,0.902,0.902,0.974,0.974,0.902,0.902,0.974,0.974,0.902,0.902,0.974,0.974,0.902,0.974,0.902
ASW,NA19702,0.013188,0.146658,0.840154,NA19700,NA19701,1,0.0165232891012758,0.159610059310446,0.823866651588278,0.126,0.87,0.004,0.169,0.794,0.037,0.107,0.893,0.25,0.75,0.159846,1,2,1e-05,0.025814,0.176143,0.129903,0.823847,0.844282,0.176153,0.155717,0.00269446346992371,0.0281242743628316,0.18602841964216,0.134235161996091,0.811277116887916,0.837640563641078,0.043,0.076,0.033,0.143,0.143,1,0.025804,0.04624,0.020435,0.020436,0.0254298108929079,0.051793257646069,0.0263634467531619,0.1475,0.832,0.0205,0.1785,0.8215,1.5,0.012912,0.153023,0.8340645,0.165935,0.0154093689163777,0.160131790819125,0.824458840264497,0.893,0.75,0.893,0.75,0.893,0.75,0.75,0.893,0.75,0.893,0.75,0.893,0.893,0.75,0.75,0.893,0.893,0.75,0.893,0.75,0.893,0.75,0.75,0.893,0.893,0.75,0.893,0.75,0.75,0.893,0.75,0.893,0.893,0.75,0.893,0.75,0.75,0.893,0.75,0.893,0.75,0.893,0.75,0.893,0.75,0.893,0.893,0.75,0.75,0.893,0.75,0.893,0.893,0.75,0.75,0.893,0.75,0.893,0.893,0.75,0.893,0.75,0.893,0.75,0.893,0.75,0.893,0.75,0.75,0.893,0.75,0.893,0.75,0.893,0.75,0.893,0.75,0.893,0.893,0.75,0.75,0.893,0.75,0.893,0.893,0.75,0.893,0.75,0.893,0.75,0.75,0.893,0.893,0.75,0.893,0.75,0.893,0.75,0.75,0.893,0.75,0.893,0.75,0.893,0.75,0.893,0.893,0.75,0.893,0.75,0.893,0.75,0.893,0.75,0.893,0.75,0.893,0.75,0.75,0.893,0.75,0.893,0.75,0.893,0.75,0.893,0.75,0.893,0.75,0.893,0.893,0.75,0.893,0.75,0.75,0.893,0.893,0.75,0.893,0.75,0.893,0.75,0.75,0.893,0.75,0.893,0.75,0.893,0.893,0.75,0.893,0.75,0.75,0.893,0.75,0.893,0.893,0.75,0.75,0.893,0.75,0.893,0.893,0.75,0.893,0.75,0.893,0.75,0.75,0.893,0.893,0.75,0.75,0.893,0.75,0.893,0.75,0.893,0.75,0.893,0.75,0.893,0.75,0.893,0.75,0.893,0.893,0.75,0.893,0.75,0.75,0.893,0.75,0.893,0.75,0.893,0.893,0.75,0.893,0.75
ASW,NA19705,1e-05,0.125158,0.874832,NA19703,NA19704,1,0.0034192739681731,0.131590830269839,0.864989895761988,0.099,0.898,0.004,0.189,0.811,0.001,0.104,0.896,0.198,0.802,0.125168,1,2,1e-05,1e-05,0.141878,0.154,0.858112,0.84599,0.141888,0.15401,0.00291035059612312,0.00648508929148061,0.148163133757174,0.151631953287942,0.848926515646703,0.841882957420577,0.09,0.087,0.003,0.094,0.094,1,0,0.012122,0.012122,0.012122,0.00357473869535749,0.003468819530768,0.00704355822612601,0.144,0.8545,0.0025,0.151,0.849,1.5,1e-05,0.147939,0.852051,0.147949,0.00469771994380187,0.149897543522558,0.84540473653364,0.896,0.802,0.896,0.802,0.802,0.896,0.802,0.896,0.802,0.896,0.802,0.896,0.896,0.802,0.896,0.802,0.802,0.896,0.802,0.896,0.802,0.896,0.896,0.802,0.896,0.802,0.896,0.802,0.896,0.802,0.802,0.896,0.896,0.802,0.802,0.896,0.802,0.896,0.896,0.802,0.896,0.802,0.802,0.896,0.802,0.896,0.802,0.896,0.896,0.802,0.802,0.896,0.802,0.896,0.802,0.896,0.896,0.802,0.896,0.802,0.896,0.802,0.896,0.802,0.896,0.802,0.802,0.896,0.802,0.896,0.802,0.896,0.896,0.802,0.896,0.802,0.802,0.896,0.896,0.802,0.896,0.802,0.802,0.896,0.802,0.896,0.802,0.896,0.802,0.896,0.802,0.896,0.802,0.896,0.802,0.896,0.802,0.896,0.802,0.896,0.896,0.802,0.896,0.802,0.802,0.896,0.896,0.802,0.802,0.896,0.802,0.896,0.802,0.896,0.802,0.896,0.802,0.896,0.896,0.802,0.896,0.802,0.896,0.802,0.896,0.802,0.802,0.896,0.896,0.802,0.896,0.802,0.802,0.896,0.802,0.896,0.802,0.896,0.896,0.802,0.896,0.802,0.896,0.802,0.802,0.896,0.896,0.802,0.896,0.802,0.802,0.896,0.802,0.896,0.802,0.896,0.896,0.802,0.896,0.802,0.896,0.802,0.896,0.802,0.802,0.896,0.896,0.802,0.896,0.802,0.896,0.802,0.896,0.802,0.802,0.896,0.896,0.802,0.896,0.802,0.896,0.802,0.802,0.896,0.896,0.802,0.896,0.802,0.896,0.802,0.802,0.896,0.802,0.896,0.896,0.802,0.802,0.896,0.802,0.896
ASW,NA19828,0.007471,0.253218,0.739311,NA19818,NA19819,1,0.0130854098916945,0.264674127225293,0.722240462883012,0.11,0.875,0.015,0.443,0.538,0.019,0.116,0.884,0.469,0.531,0.260689,1,2,0.01097,1e-05,0.24638,0.266815,0.742651,0.733175,0.25735,0.266825,0.0121088452124844,0.0118689572376444,0.257730357738582,0.267512783229719,0.730160797048934,0.720618259532636,0.333,0.337,0.004,0.353,0.353,1,0.01096,0.020435,0.00947599999999993,0.00947500000000007,0.00023988797484,0.009782425491137,0.00954253751629797,0.2765,0.7065,0.017,0.2925,0.7075,1.5,0.00549,0.2565975,0.737913,0.2620875,0.0119889012250644,0.26262157048415,0.725389528290785,0.884,0.531,0.531,0.884,0.531,0.884,0.884,0.531,0.884,0.531,0.531,0.884,0.884,0.531,0.531,0.884,0.884,0.531,0.884,0.531,0.884,0.531,0.884,0.531,0.531,0.884,0.531,0.884,0.884,0.531,0.884,0.531,0.531,0.884,0.884,0.531,0.884,0.531,0.531,0.884,0.884,0.531,0.531,0.884,0.531,0.884,0.531,0.884,0.531,0.884,0.531,0.884,0.531,0.884,0.884,0.531,0.531,0.884,0.531,0.884,0.531,0.884,0.884,0.531,0.531,0.884,0.884,0.531,0.531,0.884,0.884,0.531,0.884,0.531,0.884,0.531,0.884,0.531,0.531,0.884,0.531,0.884,0.531,0.884,0.531,0.884,0.884,0.531,0.531,0.884,0.531,0.884,0.884,0.531,0.531,0.884,0.884,0.531,0.531,0.884,0.531,0.884,0.531,0.884,0.884,0.531,0.531,0.884,0.884,0.531,0.884,0.531,0.884,0.531,0.531,0.884,0.884,0.531,0.531,0.884,0.531,0.884,0.531,0.884,0.531,0.884,0.884,0.531,0.531,0.884,0.531,0.884,0.884,0.531,0.884,0.531,0.531,0.884,0.884,0.531,0.884,0.531,0.531,0.884,0.884,0.531,0.531,0.884,0.884,0.531,0.531,0.884,0.531,0.884,0.884,0.531,0.884,0.531,0.884,0.531,0.884,0.531,0.531,0.884,0.884,0.531,0.531,0.884,0.531,0.884,0.531,0.884,0.531,0.884,0.531,0.884,0.531,0.884,0.531,0.884,0.531,0.884,0.884,0.531,0.884,0.531,0.531,0.884,0.884,0.531,0.531,0.884,0.531,0.884,0.531,0.884,0.884,0.531,0.531,0.884
ASW,NA19836,1e-05,0.194985,0.805005,NA19834,NA19835,2,0.00482644712393275,0.203996333049129,0.791177219826938,0.153,0.844,0.003,0.248,0.751,0.002,0.157,0.843,0.258,0.742,0.194995,1,2,1e-05,1e-05,0.240153,0.163069,0.759837,0.836921,0.240163,0.163079,0.00287775195033534,0.00734606878161103,0.244325587745093,0.162209902331687,0.752796660304572,0.830444028886702,0.095,0.093,0.001,0.101,0.101,1,0,0.077084,0.077084,0.077084,0.00446831683127569,0.082115685413406,0.0776473685821299,0.2005,0.7975,0.0025,0.2075,0.7925,1.5,1e-05,0.201611,0.798379,0.201621,0.00511191036597318,0.20326774503839,0.791620344595637,0.742,0.843,0.843,0.742,0.742,0.843,0.742,0.843,0.843,0.742,0.843,0.742,0.843,0.742,0.742,0.843,0.742,0.843,0.742,0.843,0.742,0.843,0.843,0.742,0.742,0.843,0.742,0.843,0.742,0.843,0.742,0.843,0.843,0.742,0.843,0.742,0.742,0.843,0.843,0.742,0.742,0.843,0.843,0.742,0.742,0.843,0.742,0.843,0.843,0.742,0.742,0.843,0.742,0.843,0.843,0.742,0.742,0.843,0.843,0.742,0.843,0.742,0.742,0.843,0.843,0.742,0.843,0.742,0.843,0.742,0.742,0.843,0.843,0.742,0.742,0.843,0.843,0.742,0.843,0.742,0.742,0.843,0.742,0.843,0.843,0.742,0.742,0.843,0.742,0.843,0.742,0.843,0.843,0.742,0.843,0.742,0.843,0.742,0.843,0.742,0.742,0.843,0.843,0.742,0.843,0.742,0.742,0.843,0.742,0.843,0.742,0.843,0.742,0.843,0.742,0.843,0.742,0.843,0.742,0.843,0.742,0.843,0.843,0.742,0.742,0.843,0.843,0.742,0.742,0.843,0.742,0.843,0.843,0.742,0.843,0.742,0.742,0.843,0.742,0.843,0.843,0.742,0.742,0.843,0.742,0.843,0.843,0.742,0.742,0.843,0.843,0.742,0.742,0.843,0.843,0.742,0.742,0.843,0.742,0.843,0.843,0.742,0.742,0.843,0.742,0.843,0.843,0.742,0.843,0.742,0.742,0.843,0.843,0.742,0.843,0.742,0.843,0.742,0.742,0.843,0.742,0.843,0.843,0.742,0.843,0.742,0.843,0.742,0.742,0.843,0.843,0.742,0.742,0.843,0.843,0.742,0.843,0.742,0.742,0.843
ASW,NA19902,1e-05,0.111629,0.888361,NA19900,NA19901,2,0.0072526607469325,0.118922815838362,0.873824523414705,0.142,0.853,0.005,0.129,0.857,0.014,0.09,0.91,0.199,0.801,0.111639,1,2,1e-05,1e-05,0.169169,0.079071,0.830821,0.920919,0.169179,0.079081,0.00511931675408705,0.00939623220220211,0.170155101398162,0.0834283885374308,0.824725581847751,0.907175379260367,0.013,0.004,0.009,0.109,0.109,1,0,0.090098,0.090098,0.090098,0.00427691544811506,0.0867267128607312,0.0824497974126159,0.1355,0.855,0.0095,0.1445,0.8555,1.5,1e-05,0.12412,0.87587,0.12413,0.00725777447814458,0.126791744967796,0.865950480554059,0.801,0.91,0.91,0.801,0.91,0.801,0.91,0.801,0.91,0.801,0.91,0.801,0.91,0.801,0.801,0.91,0.91,0.801,0.91,0.801,0.801,0.91,0.801,0.91,0.801,0.91,0.801,0.91,0.801,0.91,0.91,0.801,0.91,0.801,0.801,0.91,0.91,0.801,0.801,0.91,0.801,0.91,0.801,0.91,0.91,0.801,0.801,0.91,0.91,0.801,0.91,0.801,0.801,0.91,0.801,0.91,0.801,0.91,0.91,0.801,0.801,0.91,0.91,0.801,0.801,0.91,0.801,0.91,0.91,0.801,0.801,0.91,0.91,0.801,0.91,0.801,0.801,0.91,0.91,0.801,0.801,0.91,0.91,0.801,0.91,0.801,0.91,0.801,0.91,0.801,0.801,0.91,0.91,0.801,0.91,0.801,0.801,0.91,0.91,0.801,0.91,0.801,0.91,0.801,0.801,0.91,0.801,0.91,0.91,0.801,0.801,0.91,0.91,0.801,0.91,0.801,0.801,0.91,0.801,0.91,0.91,0.801,0.801,0.91,0.91,0.801,0.91,0.801,0.801,0.91,0.801,0.91,0.801,0.91,0.801,0.91,0.801,0.91,0.801,0.91,0.801,0.91,0.91,0.801,0.801,0.91,0.801,0.91,0.91,0.801,0.91,0.801,0.91,0.801,0.801,0.91,0.801,0.91,0.91,0.801,0.801,0.91,0.91,0.801,0.91,0.801,0.91,0.801,0.91,0.801,0.801,0.91,0.801,0.91,0.801,0.91,0.801,0.91,0.801,0.91,0.801,0.91,0.801,0.91,0.801,0.91,0.801,0.91,0.801,0.91,0.91,0.801,0.801,0.91,0.91,0.801,0.801,0.91,0.801,0.91
ASW,NA19918,1e-05,0.091352,0.908638,NA19916,NA19917,1,0.00386325531243859,0.105847320470637,0.890289424216925,0.122,0.878,0,0.096,0.897,0.007,0.057,0.943,0.173,0.827,0.091362,1,2,1e-05,1e-05,0.109052,0.085094,0.890938,0.914896,0.109062,0.085104,0.00261067161743325,0.00627163820780621,0.1168445116319,0.0920618962700717,0.880544816750667,0.901666465522122,0.026,0.019,0.007,0.116,0.116,1,0,0.023958,0.023958,0.023958,0.00366096659037296,0.0247826153618283,0.0211216487714551,0.109,0.8875,0.0035,0.115,0.885,1.5,1e-05,0.097073,0.902917,0.097083,0.00444115491261973,0.104453203950986,0.891105641136394,0.827,0.943,0.943,0.827,0.827,0.943,0.827,0.943,0.827,0.943,0.827,0.943,0.943,0.827,0.943,0.827,0.827,0.943,0.943,0.827,0.827,0.943,0.827,0.943,0.943,0.827,0.943,0.827,0.827,0.943,0.943,0.827,0.943,0.827,0.827,0.943,0.943,0.827,0.943,0.827,0.943,0.827,0.827,0.943,0.827,0.943,0.943,0.827,0.827,0.943,0.827,0.943,0.827,0.943,0.943,0.827,0.827,0.943,0.943,0.827,0.943,0.827,0.943,0.827,0.827,0.943,0.827,0.943,0.943,0.827,0.827,0.943,0.827,0.943,0.827,0.943,0.827,0.943,0.943,0.827,0.827,0.943,0.943,0.827,0.943,0.827,0.943,0.827,0.943,0.827,0.827,0.943,0.943,0.827,0.827,0.943,0.943,0.827,0.827,0.943,0.827,0.943,0.827,0.943,0.827,0.943,0.827,0.943,0.943,0.827,0.943,0.827,0.827,0.943,0.943,0.827,0.943,0.827,0.827,0.943,0.827,0.943,0.827,0.943,0.827,0.943,0.827,0.943,0.827,0.943,0.827,0.943,0.943,0.827,0.827,0.943,0.827,0.943,0.827,0.943,0.943,0.827,0.943,0.827,0.943,0.827,0.943,0.827,0.827,0.943,0.827,0.943,0.827,0.943,0.943,0.827,0.827,0.943,0.827,0.943,0.827,0.943,0.943,0.827,0.943,0.827,0.943,0.827,0.943,0.827,0.943,0.827,0.827,0.943,0.827,0.943,0.943,0.827,0.943,0.827,0.827,0.943,0.827,0.943,0.943,0.827,0.827,0.943,0.827,0.943,0.827,0.943,0.943,0.827,0.827,0.943,0.827,0.943,0.943,0.827
ASW,NA19919,1e-05,0.103143,0.896847,NA19908,NA19909,1,0.00923520649814659,0.110676529036125,0.880088264465728,0.152,0.843,0.005,0.095,0.891,0.013,0.113,0.887,0.153,0.847,0.103153,1,2,1e-05,0.020817,0.113926,0.096717,0.886064,0.882466,0.113936,0.117534,0.00542583694478433,0.0228950403794778,0.124867513820234,0.104148013748723,0.869706649234981,0.872956945871799,0.057,0.048,0.008,0.04,0.04,1,0.020807,0.017209,0.00359799999999999,0.003598,0.0174692034346935,0.020719500071511,0.00325029663681797,0.1235,0.867,0.009,0.133,0.867,1.5,0.0104135,0.1053215,0.884265,0.115735,0.0141604386621311,0.114507763784478,0.87133179755339,0.847,0.887,0.847,0.887,0.847,0.887,0.887,0.847,0.847,0.887,0.887,0.847,0.847,0.887,0.887,0.847,0.887,0.847,0.847,0.887,0.887,0.847,0.847,0.887,0.887,0.847,0.887,0.847,0.887,0.847,0.847,0.887,0.847,0.887,0.847,0.887,0.847,0.887,0.847,0.887,0.887,0.847,0.887,0.847,0.887,0.847,0.847,0.887,0.887,0.847,0.847,0.887,0.847,0.887,0.887,0.847,0.887,0.847,0.887,0.847,0.847,0.887,0.847,0.887,0.847,0.887,0.887,0.847,0.887,0.847,0.847,0.887,0.887,0.847,0.887,0.847,0.887,0.847,0.847,0.887,0.887,0.847,0.847,0.887,0.887,0.847,0.887,0.847,0.887,0.847,0.847,0.887,0.887,0.847,0.847,0.887,0.847,0.887,0.887,0.847,0.847,0.887,0.847,0.887,0.847,0.887,0.887,0.847,0.887,0.847,0.887,0.847,0.847,0.887,0.847,0.887,0.847,0.887,0.847,0.887,0.887,0.847,0.887,0.847,0.847,0.887,0.847,0.887,0.887,0.847,0.887,0.847,0.887,0.847,0.847,0.887,0.887,0.847,0.847,0.887,0.847,0.887,0.847,0.887,0.847,0.887,0.847,0.887,0.847,0.887,0.887,0.847,0.847,0.887,0.887,0.847,0.847,0.887,0.847,0.887,0.847,0.887,0.847,0.887,0.847,0.887,0.887,0.847,0.847,0.887,0.887,0.847,0.847,0.887,0.887,0.847,0.847,0.887,0.847,0.887,0.887,0.847,0.847,0.887,0.887,0.847,0.887,0.847,0.887,0.847,0.847,0.887,0.887,0.847,0.847,0.887,0.887,0.847,0.847,0.887
ASW,NA19924,1e-05,0.333536,0.666454,NA19922,NA19923,2,0.00759153962833361,0.334978322329551,0.657430138042115,0.192,0.797,0.011,0.497,0.496,0.007,0.198,0.802,0.484,0.516,0.333546,1,2,1e-05,1e-05,0.292796,0.39273,0.707194,0.60726,0.292806,0.39274,0.00600768761547224,0.00416224344121691,0.295932760401575,0.394091103993083,0.698059551982953,0.6017466525657,0.305,0.301,0.004,0.286,0.286,1,0,0.099934,0.099934,0.099934,0.00184544417425533,0.098158343591508,0.096312899417253,0.3445,0.6465,0.009,0.341,0.659,1.5,1e-05,0.342763,0.657227,0.342773,0.00508496552834458,0.345011932197329,0.649903102274326,0.516,0.802,0.802,0.516,0.516,0.802,0.802,0.516,0.802,0.516,0.516,0.802,0.516,0.802,0.802,0.516,0.802,0.516,0.802,0.516,0.516,0.802,0.802,0.516,0.516,0.802,0.802,0.516,0.802,0.516,0.516,0.802,0.802,0.516,0.802,0.516,0.516,0.802,0.516,0.802,0.802,0.516,0.802,0.516,0.802,0.516,0.802,0.516,0.516,0.802,0.516,0.802,0.516,0.802,0.802,0.516,0.516,0.802,0.516,0.802,0.802,0.516,0.802,0.516,0.802,0.516,0.802,0.516,0.516,0.802,0.802,0.516,0.802,0.516,0.802,0.516,0.802,0.516,0.516,0.802,0.802,0.516,0.802,0.516,0.516,0.802,0.516,0.802,0.802,0.516,0.516,0.802,0.516,0.802,0.802,0.516,0.802,0.516,0.516,0.802,0.802,0.516,0.516,0.802,0.802,0.516,0.802,0.516,0.516,0.802,0.516,0.802,0.516,0.802,0.516,0.802,0.516,0.802,0.802,0.516,0.802,0.516,0.802,0.516,0.802,0.516,0.516,0.802,0.516,0.802,0.516,0.802,0.802,0.516,0.516,0.802,0.516,0.802,0.802,0.516,0.516,0.802,0.802,0.516,0.802,0.516,0.802,0.516,0.516,0.802,0.516,0.802,0.802,0.516,0.802,0.516,0.516,0.802,0.802,0.516,0.802,0.516,0.802,0.516,0.802,0.516,0.802,0.516,0.802,0.516,0.802,0.516,0.802,0.516,0.516,0.802,0.516,0.802,0.516,0.802,0.516,0.802,0.802,0.516,0.802,0.516,0.516,0.802,0.516,0.802,0.802,0.516,0.802,0.516,0.802,0.516,0.516,0.802,0.802,0.516
ASW,NA19983,1e-05,0.221665,0.778325,NA19982,NA19713,2,0.00505678994186555,0.234826269379162,0.760116940678972,0.143,0.852,0.005,0.355,0.638,0.007,0.133,0.867,0.382,0.618,0.221675,1,2,1e-05,1e-05,0.120292,0.258353,0.879698,0.741637,0.120302,0.258363,0.00555032218897287,0.0021831663582266,0.126900497489263,0.269762237713909,0.867549180321764,0.728054595927864,0.212,0.214,0.002,0.249,0.249,1,0,0.138061,0.138061,0.138061,0.00336715583074627,0.142861740224646,0.1394945843939,0.249,0.745,0.006,0.2575,0.7425,1.5,1e-05,0.1893225,0.8106675,0.1893325,0.00386674427359973,0.198331367601586,0.797801888124814,0.618,0.867,0.618,0.867,0.867,0.618,0.867,0.618,0.618,0.867,0.867,0.618,0.618,0.867,0.618,0.867,0.867,0.618,0.618,0.867,0.618,0.867,0.867,0.618,0.867,0.618,0.867,0.618,0.618,0.867,0.618,0.867,0.867,0.618,0.867,0.618,0.867,0.618,0.867,0.618,0.867,0.618,0.867,0.618,0.867,0.618,0.618,0.867,0.867,0.618,0.618,0.867,0.867,0.618,0.618,0.867,0.867,0.618,0.618,0.867,0.618,0.867,0.618,0.867,0.867,0.618,0.867,0.618,0.867,0.618,0.867,0.618,0.618,0.867,0.618,0.867,0.618,0.867,0.867,0.618,0.867,0.618,0.867,0.618,0.867,0.618,0.867,0.618,0.867,0.618,0.618,0.867,0.867,0.618,0.867,0.618,0.867,0.618,0.867,0.618,0.867,0.618,0.867,0.618,0.618,0.867,0.867,0.618,0.867,0.618,0.618,0.867,0.618,0.867,0.618,0.867,0.618,0.867,0.867,0.618,0.618,0.867,0.618,0.867,0.618,0.867,0.867,0.618,0.618,0.867,0.867,0.618,0.618,0.867,0.867,0.618,0.618,0.867,0.618,0.867,0.618,0.867,0.867,0.618,0.618,0.867,0.867,0.618,0.867,0.618,0.867,0.618,0.867,0.618,0.867,0.618,0.618,0.867,0.618,0.867,0.618,0.867,0.867,0.618,0.867,0.618,0.618,0.867,0.867,0.618,0.618,0.867,0.867,0.618,0.867,0.618,0.867,0.618,0.867,0.618,0.618,0.867,0.618,0.867,0.618,0.867,0.618,0.867,0.618,0.867,0.618,0.867,0.618,0.867,0.867,0.618,0.618,0.867,0.618,0.867
ASW,NA20128,1e-05,0.172648,0.827342,NA20126,NA20127,2,0.00132716059584126,0.182917943123875,0.815754896280284,0.108,0.892,0,0.302,0.693,0.005,0.102,0.898,0.3,0.7,0.172658,1,2,1e-05,1e-05,0.297883,0.084106,0.702107,0.915884,0.297893,0.084116,0.00421322606419236,0.00400159725069177,0.316691861962348,0.0873114696936594,0.67909491197346,0.908686933055649,0.194,0.199,0.005,0.198,0.198,1,0,0.213777,0.213777,0.213777,0.00021162881350059,0.229380392268689,0.229592021082189,0.205,0.7925,0.0025,0.201,0.799,1.5,1e-05,0.1909945,0.8089955,0.1910045,0.00410741165744207,0.202001665828004,0.793890922514555,0.898,0.7,0.898,0.7,0.898,0.7,0.898,0.7,0.7,0.898,0.898,0.7,0.7,0.898,0.7,0.898,0.7,0.898,0.898,0.7,0.898,0.7,0.898,0.7,0.7,0.898,0.898,0.7,0.898,0.7,0.898,0.7,0.7,0.898,0.898,0.7,0.7,0.898,0.898,0.7,0.7,0.898,0.7,0.898,0.898,0.7,0.7,0.898,0.898,0.7,0.898,0.7,0.898,0.7,0.898,0.7,0.898,0.7,0.898,0.7,0.7,0.898,0.898,0.7,0.7,0.898,0.898,0.7,0.898,0.7,0.7,0.898,0.898,0.7,0.898,0.7,0.898,0.7,0.7,0.898,0.7,0.898,0.7,0.898,0.7,0.898,0.898,0.7,0.7,0.898,0.898,0.7,0.898,0.7,0.898,0.7,0.7,0.898,0.898,0.7,0.898,0.7,0.7,0.898,0.7,0.898,0.898,0.7,0.7,0.898,0.7,0.898,0.898,0.7,0.898,0.7,0.898,0.7,0.7,0.898,0.898,0.7,0.7,0.898,0.898,0.7,0.898,0.7,0.898,0.7,0.7,0.898,0.7,0.898,0.898,0.7,0.7,0.898,0.7,0.898,0.898,0.7,0.7,0.898,0.898,0.7,0.7,0.898,0.7,0.898,0.7,0.898,0.7,0.898,0.898,0.7,0.898,0.7,0.898,0.7,0.7,0.898,0.7,0.898,0.898,0.7,0.898,0.7,0.898,0.7,0.7,0.898,0.898,0.7,0.7,0.898,0.7,0.898,0.7,0.898,0.7,0.898,0.898,0.7,0.7,0.898,0.7,0.898,0.7,0.898,0.898,0.7,0.898,0.7,0.898,0.7,0.898,0.7,0.898,0.7
ASW,NA20129,0.049461,0.183134,0.767405,NA19920,NA19921,2,0.0551698002064049,0.206602724458852,0.738227475334743,0.54,0.46,0,0.506,0.494,0,0.14,0.86,0.37,0.63,0.232595,1,2,1e-05,0.101267,0.094409,0.312445,0.905581,0.586288,0.094419,0.413712,0.00165426227523306,0.101725361536231,0.103852061728188,0.319975892937413,0.894493675996579,0.578298745526356,0.034,0.034,0,0.23,0.23,1,0.101257,0.218036,0.319293,0.319293,0.100071099260998,0.216123831209225,0.316194930470223,0.523,0.477,0,0.255,0.745,1.5,0.0506385,0.203427,0.7459345,0.2540655,0.051689811905732,0.211913977332801,0.736396210761467,0.63,0.86,0.86,0.63,0.86,0.63,0.63,0.86,0.86,0.63,0.63,0.86,0.86,0.63,0.63,0.86,0.86,0.63,0.63,0.86,0.86,0.63,0.86,0.63,0.86,0.63,0.63,0.86,0.63,0.86,0.63,0.86,0.86,0.63,0.86,0.63,0.63,0.86,0.86,0.63,0.63,0.86,0.86,0.63,0.63,0.86,0.63,0.86,0.86,0.63,0.86,0.63,0.63,0.86,0.63,0.86,0.63,0.86,0.63,0.86,0.86,0.63,0.86,0.63,0.63,0.86,0.86,0.63,0.63,0.86,0.86,0.63,0.86,0.63,0.86,0.63,0.86,0.63,0.86,0.63,0.63,0.86,0.86,0.63,0.63,0.86,0.63,0.86,0.86,0.63,0.63,0.86,0.86,0.63,0.86,0.63,0.86,0.63,0.86,0.63,0.86,0.63,0.86,0.63,0.63,0.86,0.63,0.86,0.63,0.86,0.86,0.63,0.86,0.63,0.63,0.86,0.86,0.63,0.86,0.63,0.63,0.86,0.63,0.86,0.63,0.86,0.86,0.63,0.86,0.63,0.63,0.86,0.63,0.86,0.86,0.63,0.63,0.86,0.63,0.86,0.86,0.63,0.63,0.86,0.86,0.63,0.63,0.86,0.63,0.86,0.63,0.86,0.63,0.86,0.86,0.63,0.86,0.63,0.86,0.63,0.63,0.86,0.63,0.86,0.86,0.63,0.63,0.86,0.86,0.63,0.63,0.86,0.86,0.63,0.63,0.86,0.63,0.86,0.86,0.63,0.63,0.86,0.86,0.63,0.63,0.86,0.63,0.86,0.63,0.86,0.63,0.86,0.86,0.63,0.86,0.63,0.86,0.63,0.86,0.63
ASW,NA20279,1e-05,0.413248,0.586742,NA20278,NA20282,1,0.00728503011812969,0.419303006298416,0.573411963583454,0.204,0.796,0.001,0.584,0.405,0.011,0.225,0.775,0.628,0.372,0.413258,1,2,1e-05,0.011027,0.5126,0.264887,0.48739,0.724087,0.51261,0.275914,0.00203497985323587,0.0193495883089201,0.514303457855435,0.264124179188243,0.483661562291329,0.716526232502837,0.38,0.391,0.01,0.403,0.403,1,0.011017,0.247713,0.236697,0.236696,0.0173146084556842,0.250179278667192,0.232864670211508,0.394,0.6005,0.006,0.4265,0.5735,1.5,0.0055185,0.3887435,0.6057385,0.394262,0.010692284081078,0.389213818521839,0.600093897397083,0.775,0.372,0.372,0.775,0.372,0.775,0.775,0.372,0.372,0.775,0.372,0.775,0.775,0.372,0.775,0.372,0.775,0.372,0.372,0.775,0.372,0.775,0.775,0.372,0.372,0.775,0.372,0.775,0.775,0.372,0.775,0.372,0.372,0.775,0.372,0.775,0.775,0.372,0.775,0.372,0.372,0.775,0.372,0.775,0.372,0.775,0.372,0.775,0.372,0.775,0.372,0.775,0.775,0.372,0.372,0.775,0.775,0.372,0.372,0.775,0.372,0.775,0.372,0.775,0.372,0.775,0.372,0.775,0.775,0.372,0.775,0.372,0.775,0.372,0.775,0.372,0.775,0.372,0.372,0.775,0.372,0.775,0.775,0.372,0.775,0.372,0.372,0.775,0.775,0.372,0.775,0.372,0.775,0.372,0.775,0.372,0.372,0.775,0.775,0.372,0.372,0.775,0.372,0.775,0.775,0.372,0.372,0.775,0.775,0.372,0.372,0.775,0.775,0.372,0.372,0.775,0.775,0.372,0.775,0.372,0.372,0.775,0.775,0.372,0.372,0.775,0.372,0.775,0.372,0.775,0.775,0.372,0.372,0.775,0.372,0.775,0.372,0.775,0.775,0.372,0.372,0.775,0.372,0.775,0.372,0.775,0.372,0.775,0.372,0.775,0.775,0.372,0.372,0.775,0.775,0.372,0.372,0.775,0.775,0.372,0.775,0.372,0.775,0.372,0.775,0.372,0.372,0.775,0.775,0.372,0.372,0.775,0.372,0.775,0.372,0.775,0.372,0.775,0.372,0.775,0.775,0.372,0.372,0.775,0.372,0.775,0.775,0.372,0.372,0.775,0.372,0.775,0.372,0.775,0.775,0.372,0.775,0.372,0.372,0.775
ASW,NA20358,1e-05,0.122148,0.877842,NA20356,NA20357,1,0.00600429371070192,0.138391481145655,0.855604225143644,0.13,0.864,0.006,0.18,0.82,0,0.121,0.879,0.156,0.844,0.122158,1,2,1e-05,1e-05,0.125056,0.09242,0.874934,0.90757,0.125066,0.09243,0.000412893810278577,0.0113849644511812,0.142402812597986,0.0934937182244019,0.857184293591735,0.895121317324417,0.05,0.044,0.006,0.035,0.035,1,0,0.032636,0.032636,0.032636,0.0109720706409026,0.0489090943735841,0.037937023732682,0.155,0.842,0.003,0.1385,0.8615,1.5,1e-05,0.108738,0.891252,0.108748,0.00589892913072989,0.117948265411194,0.876152805458076,0.879,0.844,0.879,0.844,0.844,0.879,0.879,0.844,0.844,0.879,0.879,0.844,0.879,0.844,0.844,0.879,0.879,0.844,0.879,0.844,0.844,0.879,0.844,0.879,0.844,0.879,0.844,0.879,0.879,0.844,0.879,0.844,0.879,0.844,0.844,0.879,0.879,0.844,0.879,0.844,0.844,0.879,0.879,0.844,0.879,0.844,0.879,0.844,0.879,0.844,0.879,0.844,0.879,0.844,0.879,0.844,0.879,0.844,0.879,0.844,0.879,0.844,0.879,0.844,0.879,0.844,0.844,0.879,0.844,0.879,0.879,0.844,0.879,0.844,0.879,0.844,0.844,0.879,0.844,0.879,0.844,0.879,0.879,0.844,0.879,0.844,0.844,0.879,0.879,0.844,0.844,0.879,0.844,0.879,0.844,0.879,0.844,0.879,0.879,0.844,0.879,0.844,0.879,0.844,0.844,0.879,0.844,0.879,0.844,0.879,0.844,0.879,0.879,0.844,0.844,0.879,0.844,0.879,0.844,0.879,0.879,0.844,0.844,0.879,0.879,0.844,0.844,0.879,0.844,0.879,0.844,0.879,0.879,0.844,0.879,0.844,0.844,0.879,0.844,0.879,0.844,0.879,0.879,0.844,0.879,0.844,0.844,0.879,0.844,0.879,0.879,0.844,0.879,0.844,0.844,0.879,0.879,0.844,0.844,0.879,0.844,0.879,0.879,0.844,0.879,0.844,0.844,0.879,0.879,0.844,0.879,0.844,0.879,0.844,0.879,0.844,0.879,0.844,0.879,0.844,0.844,0.879,0.879,0.844,0.844,0.879,0.844,0.879,0.844,0.879,0.879,0.844,0.844,0.879,0.879,0.844,0.844,0.879,0.879,0.844
CLM,HG01114,0.167885,0.832105,1e-05,HG01112,HG01113,2,0.16056905404407,0.830714648379083,0.00871629757684684,0.735,0.001,0.264,0.904,0.018,0.078,0.989,0.011,0.987,0.013,0.99999,1,2,0.072711,0.2879,0.927279,0.71209,1e-05,1e-05,0.99999,0.99999,0.070634002152615,0.274215756187623,0.914092388414973,0.714354992161493,0.0152736094324125,0.0114292516508835,0.169,0.017,0.186,0.002,0.002,1,0.215189,0.215189,0,0,0.203581754035008,0.19973739625348,0.003844357781529,0.8195,0.0095,0.171,0.988,0.012,1.5,0.1803055,0.8196845,1e-05,0.99999,0.172424879170119,0.814223690288233,0.013351430541648,0.013,0.011,0.013,0.011,0.013,0.011,0.011,0.013,0.011,0.013,0.013,0.011,0.011,0.013,0.011,0.013,0.011,0.013,0.011,0.013,0.013,0.011,0.011,0.013,0.011,0.013,0.011,0.013,0.011,0.013,0.013,0.011,0.013,0.011,0.011,0.013,0.013,0.011,0.013,0.011,0.013,0.011,0.013,0.011,0.011,0.013,0.013,0.011,0.011,0.013,0.011,0.013,0.011,0.013,0.011,0.013,0.013,0.011,0.011,0.013,0.013,0.011,0.011,0.013,0.011,0.013,0.013,0.011,0.011,0.013,0.011,0.013,0.011,0.013,0.013,0.011,0.013,0.011,0.013,0.011,0.013,0.011,0.013,0.011,0.013,0.011,0.011,0.013,0.011,0.013,0.011,0.013,0.013,0.011,0.013,0.011,0.013,0.011,0.013,0.011,0.013,0.011,0.011,0.013,0.013,0.011,0.011,0.013,0.011,0.013,0.013,0.011,0.013,0.011,0.013,0.011,0.011,0.013,0.013,0.011,0.011,0.013,0.011,0.013,0.011,0.013,0.013,0.011,0.011,0.013,0.011,0.013,0.011,0.013,0.013,0.011,0.013,0.011,0.011,0.013,0.011,0.013,0.011,0.013,0.011,0.013,0.013,0.011,0.011,0.013,0.013,0.011,0.013,0.011,0.011,0.013,0.011,0.013,0.011,0.013,0.013,0.011,0.011,0.013,0.013,0.011,0.013,0.011,0.011,0.013,0.013,0.011,0.013,0.011,0.013,0.011,0.011,0.013,0.011,0.013,0.013,0.011,0.011,0.013,0.011,0.013,0.011,0.013,0.011,0.013,0.011,0.013,0.013,0.011,0.011,0.013,0.011,0.013,0.011,0.013
CLM,HG01126,0.279038,0.610594,0.110368,HG01124,HG01125,1,0.276376956153184,0.609610465560811,0.114012578286005,0.589,0.411,0,0.521,0.479,0,0.8,0.2,0.952,0.048,0.889632,1,2,0.286544,0.250655,0.580369,0.663495,0.133087,0.08585,0.866913,0.91415,0.271093458677306,0.246786869521951,0.589865592370999,0.660120836460125,0.139040948951695,0.0930922940179242,0.0679999999999999,0.068,0,0.152,0.152,1,0.035889,0.0831259999999999,0.047237,0.047237,0.024306589155355,0.070255244089126,0.0459486549337708,0.555,0.445,0,0.876,0.124,1.5,0.2685995,0.621932,0.1094685,0.8905315,0.258940164099629,0.624993214415562,0.11606662148481,0.048,0.2,0.048,0.2,0.048,0.2,0.2,0.048,0.048,0.2,0.2,0.048,0.048,0.2,0.048,0.2,0.048,0.2,0.048,0.2,0.048,0.2,0.048,0.2,0.048,0.2,0.2,0.048,0.048,0.2,0.048,0.2,0.2,0.048,0.2,0.048,0.048,0.2,0.048,0.2,0.2,0.048,0.2,0.048,0.048,0.2,0.2,0.048,0.048,0.2,0.2,0.048,0.2,0.048,0.2,0.048,0.2,0.048,0.2,0.048,0.048,0.2,0.048,0.2,0.048,0.2,0.2,0.048,0.048,0.2,0.048,0.2,0.2,0.048,0.048,0.2,0.2,0.048,0.2,0.048,0.048,0.2,0.2,0.048,0.048,0.2,0.2,0.048,0.048,0.2,0.2,0.048,0.048,0.2,0.048,0.2,0.2,0.048,0.048,0.2,0.048,0.2,0.2,0.048,0.2,0.048,0.2,0.048,0.048,0.2,0.2,0.048,0.048,0.2,0.048,0.2,0.048,0.2,0.2,0.048,0.2,0.048,0.2,0.048,0.2,0.048,0.048,0.2,0.048,0.2,0.048,0.2,0.2,0.048,0.2,0.048,0.2,0.048,0.2,0.048,0.048,0.2,0.2,0.048,0.048,0.2,0.2,0.048,0.2,0.048,0.2,0.048,0.2,0.048,0.048,0.2,0.2,0.048,0.048,0.2,0.048,0.2,0.048,0.2,0.2,0.048,0.048,0.2,0.048,0.2,0.048,0.2,0.2,0.048,0.048,0.2,0.048,0.2,0.048,0.2,0.2,0.048,0.2,0.048,0.2,0.048,0.048,0.2,0.048,0.2,0.2,0.048,0.048,0.2,0.2,0.048,0.048,0.2,0.2,0.048
CLM,HG01135,0.210238,0.725525,0.064237,HG01133,HG01134,1,0.202853101051268,0.722586487014465,0.0745604119342676,0.806,0.084,0.11,0.614,0.072,0.314,0.956,0.044,0.893,0.107,0.935763,1,2,0.13948,0.223184,0.853194,0.664403,0.007326,0.112413,0.992674,0.887587,0.125288314755757,0.219333480202459,0.854764562850191,0.66238424073668,0.019947122394052,0.118282279060862,0.192,0.012,0.204,0.0629999999999999,0.063,1,0.083704,0.188791,0.105087,0.105087,0.094045165446702,0.192380322113511,0.09833515666681,0.71,0.078,0.212,0.9245,0.0755,1.5,0.181332,0.7587985,0.0598695,0.9401305,0.172310897479108,0.758574401793435,0.069114700727457,0.044,0.107,0.107,0.044,0.107,0.044,0.044,0.107,0.044,0.107,0.107,0.044,0.044,0.107,0.044,0.107,0.107,0.044,0.107,0.044,0.044,0.107,0.107,0.044,0.107,0.044,0.107,0.044,0.107,0.044,0.107,0.044,0.107,0.044,0.044,0.107,0.107,0.044,0.107,0.044,0.107,0.044,0.044,0.107,0.044,0.107,0.107,0.044,0.107,0.044,0.044,0.107,0.107,0.044,0.044,0.107,0.107,0.044,0.107,0.044,0.044,0.107,0.107,0.044,0.107,0.044,0.044,0.107,0.107,0.044,0.044,0.107,0.107,0.044,0.107,0.044,0.107,0.044,0.044,0.107,0.044,0.107,0.107,0.044,0.107,0.044,0.107,0.044,0.044,0.107,0.107,0.044,0.107,0.044,0.107,0.044,0.044,0.107,0.107,0.044,0.107,0.044,0.044,0.107,0.044,0.107,0.107,0.044,0.107,0.044,0.044,0.107,0.044,0.107,0.044,0.107,0.044,0.107,0.107,0.044,0.107,0.044,0.107,0.044,0.044,0.107,0.107,0.044,0.044,0.107,0.044,0.107,0.044,0.107,0.044,0.107,0.044,0.107,0.044,0.107,0.107,0.044,0.107,0.044,0.044,0.107,0.044,0.107,0.107,0.044,0.044,0.107,0.044,0.107,0.107,0.044,0.107,0.044,0.107,0.044,0.044,0.107,0.107,0.044,0.107,0.044,0.044,0.107,0.044,0.107,0.107,0.044,0.044,0.107,0.107,0.044,0.044,0.107,0.107,0.044,0.107,0.044,0.044,0.107,0.107,0.044,0.107,0.044,0.107,0.044,0.107,0.044,0.044,0.107,0.044,0.107,0.107,0.044,0.107,0.044
CLM,HG01138,0.296959,0.658047,0.044994,HG01136,HG01137,1,0.293837427394522,0.651517846635159,0.0546447259703187,0.733,0.076,0.191,0.451,0.037,0.512,0.891,0.109,0.984,0.016,0.955006,1,2,0.267464,0.340798,0.650662,0.648355,0.081874,0.010847,0.918126,0.989153,0.252133747537486,0.336316736605219,0.660652391797585,0.64202865586904,0.0872138606649297,0.0216546075257408,0.282,0.039,0.321,0.093,0.093,1,0.073334,0.00230699999999995,0.071027,0.071027,0.084182989067733,0.0186237359285449,0.0655592531391889,0.592,0.0565,0.3515,0.9375,0.0625,1.5,0.304131,0.6495085,0.0463605,0.9536395,0.294225242071352,0.651340523833313,0.0544342340953353,0.016,0.109,0.109,0.016,0.109,0.016,0.016,0.109,0.109,0.016,0.109,0.016,0.109,0.016,0.109,0.016,0.016,0.109,0.016,0.109,0.109,0.016,0.016,0.109,0.109,0.016,0.109,0.016,0.016,0.109,0.109,0.016,0.016,0.109,0.016,0.109,0.016,0.109,0.016,0.109,0.016,0.109,0.109,0.016,0.016,0.109,0.016,0.109,0.016,0.109,0.016,0.109,0.016,0.109,0.016,0.109,0.109,0.016,0.016,0.109,0.016,0.109,0.016,0.109,0.109,0.016,0.109,0.016,0.016,0.109,0.109,0.016,0.109,0.016,0.109,0.016,0.109,0.016,0.016,0.109,0.016,0.109,0.109,0.016,0.109,0.016,0.016,0.109,0.016,0.109,0.109,0.016,0.109,0.016,0.016,0.109,0.016,0.109,0.109,0.016,0.016,0.109,0.016,0.109,0.016,0.109,0.109,0.016,0.016,0.109,0.109,0.016,0.109,0.016,0.109,0.016,0.109,0.016,0.016,0.109,0.109,0.016,0.109,0.016,0.109,0.016,0.109,0.016,0.109,0.016,0.016,0.109,0.016,0.109,0.016,0.109,0.109,0.016,0.109,0.016,0.109,0.016,0.016,0.109,0.016,0.109,0.016,0.109,0.109,0.016,0.109,0.016,0.016,0.109,0.109,0.016,0.109,0.016,0.016,0.109,0.016,0.109,0.016,0.109,0.109,0.016,0.016,0.109,0.016,0.109,0.109,0.016,0.109,0.016,0.109,0.016,0.109,0.016,0.109,0.016,0.109,0.016,0.109,0.016,0.016,0.109,0.109,0.016,0.109,0.016,0.016,0.109,0.016,0.109,0.109,0.016,0.109,0.016,0.109,0.016
CLM,HG01141,0.256456,0.632675,0.110868,HG01139,HG01140,2,0.24691702895624,0.639926364876586,0.113156606167173,0.569,0.163,0.267,0.709,0.124,0.167,0.794,0.206,0.967,0.033,0.889131,1,2,0.294125,0.270341,0.535467,0.700095,0.170408,0.029564,0.829592,0.970436,0.291733778377339,0.263598654769362,0.544329568329363,0.699189543729224,0.163936653293298,0.0372118015014133,0.14,0.039,0.1,0.173,0.173,1,0.023784,0.164628,0.140844,0.140844,0.028135123607977,0.154859975399861,0.126724851791885,0.639,0.1435,0.217,0.8805,0.1195,1.5,0.282233,0.617781,0.099986,0.900014,0.27766621657335,0.621759556029293,0.100574227397356,0.206,0.033,0.206,0.033,0.033,0.206,0.033,0.206,0.206,0.033,0.206,0.033,0.033,0.206,0.033,0.206,0.206,0.033,0.033,0.206,0.206,0.033,0.033,0.206,0.206,0.033,0.033,0.206,0.206,0.033,0.206,0.033,0.033,0.206,0.033,0.206,0.033,0.206,0.206,0.033,0.033,0.206,0.206,0.033,0.033,0.206,0.033,0.206,0.206,0.033,0.206,0.033,0.033,0.206,0.033,0.206,0.206,0.033,0.206,0.033,0.033,0.206,0.206,0.033,0.033,0.206,0.206,0.033,0.033,0.206,0.206,0.033,0.033,0.206,0.033,0.206,0.033,0.206,0.033,0.206,0.206,0.033,0.206,0.033,0.206,0.033,0.206,0.033,0.033,0.206,0.206,0.033,0.206,0.033,0.033,0.206,0.206,0.033,0.033,0.206,0.206,0.033,0.033,0.206,0.033,0.206,0.033,0.206,0.206,0.033,0.206,0.033,0.206,0.033,0.206,0.033,0.033,0.206,0.033,0.206,0.033,0.206,0.206,0.033,0.033,0.206,0.033,0.206,0.033,0.206,0.206,0.033,0.206,0.033,0.033,0.206,0.206,0.033,0.206,0.033,0.206,0.033,0.206,0.033,0.033,0.206,0.206,0.033,0.033,0.206,0.033,0.206,0.206,0.033,0.206,0.033,0.033,0.206,0.033,0.206,0.033,0.206,0.033,0.206,0.206,0.033,0.033,0.206,0.033,0.206,0.206,0.033,0.033,0.206,0.033,0.206,0.033,0.206,0.206,0.033,0.206,0.033,0.033,0.206,0.206,0.033,0.206,0.033,0.033,0.206,0.206,0.033,0.033,0.206,0.206,0.033,0.206,0.033,0.033,0.206
CLM,HG01150,0.330458,0.592916,0.076626,HG01148,HG01149,2,0.323125192515003,0.600155851823865,0.0767189556611323,0.729,0.075,0.195,0.404,0.175,0.421,0.963,0.037,0.87,0.13,0.923374,1,2,0.262085,0.441482,0.69163,0.46004,0.046285,0.098478,0.953715,0.901522,0.254137512936872,0.4274840465008,0.692334122393467,0.472750339311085,0.0535283646696611,0.0997656141881143,0.325,0.1,0.226,0.093,0.093,1,0.179397,0.23159,0.052193,0.052193,0.173346533563928,0.219583783082382,0.0462372495184532,0.5665,0.125,0.308,0.9165,0.0835,1.5,0.3517835,0.575835,0.0723815,0.9276185,0.340810779718836,0.582542230852276,0.0766469894288877,0.037,0.13,0.13,0.037,0.037,0.13,0.037,0.13,0.13,0.037,0.13,0.037,0.037,0.13,0.037,0.13,0.13,0.037,0.037,0.13,0.037,0.13,0.13,0.037,0.13,0.037,0.13,0.037,0.13,0.037,0.13,0.037,0.13,0.037,0.13,0.037,0.037,0.13,0.13,0.037,0.13,0.037,0.13,0.037,0.037,0.13,0.13,0.037,0.13,0.037,0.13,0.037,0.037,0.13,0.13,0.037,0.13,0.037,0.13,0.037,0.13,0.037,0.13,0.037,0.037,0.13,0.037,0.13,0.037,0.13,0.13,0.037,0.037,0.13,0.037,0.13,0.037,0.13,0.13,0.037,0.037,0.13,0.037,0.13,0.13,0.037,0.13,0.037,0.13,0.037,0.13,0.037,0.13,0.037,0.13,0.037,0.037,0.13,0.13,0.037,0.13,0.037,0.037,0.13,0.13,0.037,0.13,0.037,0.13,0.037,0.037,0.13,0.037,0.13,0.037,0.13,0.037,0.13,0.13,0.037,0.037,0.13,0.13,0.037,0.037,0.13,0.037,0.13,0.13,0.037,0.13,0.037,0.13,0.037,0.13,0.037,0.13,0.037,0.13,0.037,0.037,0.13,0.037,0.13,0.037,0.13,0.13,0.037,0.037,0.13,0.037,0.13,0.037,0.13,0.13,0.037,0.037,0.13,0.037,0.13,0.13,0.037,0.13,0.037,0.13,0.037,0.13,0.037,0.037,0.13,0.13,0.037,0.037,0.13,0.037,0.13,0.037,0.13,0.037,0.13,0.037,0.13,0.13,0.037,0.037,0.13,0.13,0.037,0.037,0.13,0.037,0.13,0.13,0.037,0.13,0.037,0.037,0.13,0.13,0.037
CLM,HG01252,0.271854,0.668496,0.05965,HG01250,HG01251,1,0.261227102487264,0.670478724084853,0.068294173427883,0.803,0.039,0.158,0.53,0.086,0.384,0.867,0.133,0.977,0.023,0.94035,1,2,0.314186,0.254415,0.614687,0.735829,0.071127,0.009756,0.928873,0.990244,0.306988187130839,0.241128750715666,0.614922778651733,0.737863192899908,0.0780890342174284,0.0210080563844263,0.273,0.047,0.226,0.11,0.11,1,0.059771,0.121142,0.061371,0.0613709999999998,0.065859436415173,0.122940414248175,0.0570809778330021,0.6665,0.0625,0.271,0.922,0.078,1.5,0.2843005,0.675258,0.0404415,0.9595585,0.274058468923252,0.67639298577582,0.0495485453009274,0.133,0.023,0.133,0.023,0.133,0.023,0.133,0.023,0.133,0.023,0.023,0.133,0.023,0.133,0.133,0.023,0.023,0.133,0.023,0.133,0.023,0.133,0.023,0.133,0.133,0.023,0.023,0.133,0.133,0.023,0.023,0.133,0.133,0.023,0.023,0.133,0.133,0.023,0.133,0.023,0.133,0.023,0.133,0.023,0.133,0.023,0.133,0.023,0.133,0.023,0.023,0.133,0.023,0.133,0.023,0.133,0.133,0.023,0.023,0.133,0.023,0.133,0.133,0.023,0.023,0.133,0.133,0.023,0.023,0.133,0.023,0.133,0.133,0.023,0.023,0.133,0.133,0.023,0.133,0.023,0.023,0.133,0.133,0.023,0.133,0.023,0.023,0.133,0.023,0.133,0.023,0.133,0.133,0.023,0.133,0.023,0.133,0.023,0.133,0.023,0.133,0.023,0.023,0.133,0.023,0.133,0.023,0.133,0.023,0.133,0.133,0.023,0.023,0.133,0.133,0.023,0.133,0.023,0.133,0.023,0.133,0.023,0.023,0.133,0.133,0.023,0.023,0.133,0.023,0.133,0.023,0.133,0.023,0.133,0.133,0.023,0.023,0.133,0.023,0.133,0.023,0.133,0.133,0.023,0.023,0.133,0.133,0.023,0.133,0.023,0.133,0.023,0.133,0.023,0.023,0.133,0.133,0.023,0.023,0.133,0.133,0.023,0.133,0.023,0.133,0.023,0.023,0.133,0.023,0.133,0.133,0.023,0.023,0.133,0.023,0.133,0.023,0.133,0.023,0.133,0.133,0.023,0.133,0.023,0.133,0.023,0.023,0.133,0.023,0.133,0.133,0.023,0.023,0.133,0.023,0.133,0.023,0.133,0.133,0.023
CLM,HG01255,0.276536,0.632084,0.09138,HG01253,HG01254,1,0.272722272185016,0.632168868716434,0.0951088590985499,0.801,0.115,0.084,0.435,0.1,0.465,0.812,0.188,0.975,0.025,0.90862,1,2,0.22526,0.298989,0.739963,0.540779,0.034777,0.160233,0.965223,0.839768,0.227255082676966,0.294421388352688,0.725424423509655,0.548954800120811,0.0473204938133791,0.1566238115265,0.366,0.015,0.381,0.163,0.163,1,0.073729,0.199184,0.125456,0.125455,0.067166305675722,0.176469623388844,0.109303317713121,0.618,0.1075,0.2745,0.8935,0.1065,1.5,0.2621245,0.640371,0.097505,0.9024955,0.260838235514827,0.637189611815233,0.10197215266994,0.188,0.025,0.025,0.188,0.188,0.025,0.188,0.025,0.188,0.025,0.188,0.025,0.188,0.025,0.188,0.025,0.025,0.188,0.025,0.188,0.025,0.188,0.188,0.025,0.025,0.188,0.188,0.025,0.188,0.025,0.188,0.025,0.025,0.188,0.025,0.188,0.025,0.188,0.188,0.025,0.025,0.188,0.188,0.025,0.025,0.188,0.025,0.188,0.025,0.188,0.188,0.025,0.025,0.188,0.188,0.025,0.025,0.188,0.188,0.025,0.025,0.188,0.188,0.025,0.188,0.025,0.025,0.188,0.188,0.025,0.188,0.025,0.188,0.025,0.188,0.025,0.025,0.188,0.188,0.025,0.188,0.025,0.025,0.188,0.025,0.188,0.025,0.188,0.025,0.188,0.025,0.188,0.025,0.188,0.025,0.188,0.025,0.188,0.025,0.188,0.188,0.025,0.025,0.188,0.188,0.025,0.025,0.188,0.025,0.188,0.188,0.025,0.025,0.188,0.025,0.188,0.025,0.188,0.025,0.188,0.025,0.188,0.188,0.025,0.188,0.025,0.188,0.025,0.025,0.188,0.025,0.188,0.188,0.025,0.188,0.025,0.188,0.025,0.188,0.025,0.025,0.188,0.025,0.188,0.188,0.025,0.188,0.025,0.188,0.025,0.188,0.025,0.188,0.025,0.188,0.025,0.025,0.188,0.025,0.188,0.188,0.025,0.188,0.025,0.025,0.188,0.025,0.188,0.188,0.025,0.188,0.025,0.025,0.188,0.188,0.025,0.025,0.188,0.025,0.188,0.188,0.025,0.025,0.188,0.188,0.025,0.188,0.025,0.188,0.025,0.025,0.188,0.188,0.025,0.188,0.025,0.188,0.025,0.025,0.188
CLM,HG01258,0.20323,0.79676,1e-05,HG01256,HG01257,1,0.201169276950523,0.78832002106199,0.0105107019874873,0.858,0.016,0.126,0.646,0.01,0.343,0.963,0.037,0.959,0.041,0.99999,1,2,0.155368,0.28625,0.844622,0.71374,1e-05,1e-05,0.99999,0.99999,0.156041311303809,0.276725652900089,0.836222562779167,0.706622324588216,0.00773612591702413,0.0166520225116945,0.212,0.006,0.217,0.004,0.004,1,0.130882,0.130882,0,1.11022302462516e-16,0.12068434159628,0.129600238190951,0.00891589659467037,0.752,0.013,0.2345,0.961,0.039,1.5,0.220809,0.779181,1e-05,0.99999,0.216383482101949,0.771422443683692,0.0121940742143593,0.037,0.041,0.037,0.041,0.041,0.037,0.041,0.037,0.037,0.041,0.037,0.041,0.037,0.041,0.037,0.041,0.041,0.037,0.041,0.037,0.041,0.037,0.041,0.037,0.041,0.037,0.041,0.037,0.041,0.037,0.041,0.037,0.041,0.037,0.037,0.041,0.041,0.037,0.041,0.037,0.041,0.037,0.041,0.037,0.041,0.037,0.037,0.041,0.041,0.037,0.041,0.037,0.037,0.041,0.037,0.041,0.041,0.037,0.037,0.041,0.041,0.037,0.041,0.037,0.037,0.041,0.037,0.041,0.037,0.041,0.041,0.037,0.037,0.041,0.041,0.037,0.037,0.041,0.041,0.037,0.041,0.037,0.037,0.041,0.037,0.041,0.041,0.037,0.037,0.041,0.041,0.037,0.041,0.037,0.037,0.041,0.041,0.037,0.041,0.037,0.041,0.037,0.041,0.037,0.037,0.041,0.041,0.037,0.041,0.037,0.041,0.037,0.041,0.037,0.037,0.041,0.041,0.037,0.041,0.037,0.041,0.037,0.041,0.037,0.037,0.041,0.041,0.037,0.037,0.041,0.037,0.041,0.041,0.037,0.037,0.041,0.041,0.037,0.037,0.041,0.037,0.041,0.041,0.037,0.041,0.037,0.037,0.041,0.041,0.037,0.037,0.041,0.041,0.037,0.041,0.037,0.037,0.041,0.041,0.037,0.041,0.037,0.041,0.037,0.037,0.041,0.041,0.037,0.037,0.041,0.037,0.041,0.037,0.041,0.037,0.041,0.037,0.041,0.041,0.037,0.041,0.037,0.041,0.037,0.037,0.041,0.037,0.041,0.041,0.037,0.041,0.037,0.037,0.041,0.041,0.037,0.037,0.041,0.037,0.041
CLM,HG01261,0.227555,0.707435,0.06501,HG01259,HG01260,1,0.224216220112653,0.701296816637801,0.074486963249546,0.823,0.034,0.144,0.606,0.12,0.274,0.856,0.144,0.989,0.011,0.93499,1,2,0.118934,0.298843,0.873027,0.576285,0.008039,0.124872,0.991961,0.875128,0.115580330879206,0.305412422921567,0.857434566922293,0.566701573734951,0.0269851021985008,0.127886003343481,0.217,0.086,0.13,0.133,0.133,1,0.179909,0.296742,0.116833,0.116833,0.189832092042361,0.290732993187342,0.10090090114498,0.7145,0.077,0.209,0.9225,0.0775,1.5,0.2088885,0.724656,0.0664555,0.9335445,0.210496376900387,0.712068070328622,0.0774355527709909,0.144,0.011,0.011,0.144,0.011,0.144,0.011,0.144,0.011,0.144,0.144,0.011,0.011,0.144,0.011,0.144,0.144,0.011,0.011,0.144,0.144,0.011,0.144,0.011,0.011,0.144,0.011,0.144,0.011,0.144,0.011,0.144,0.144,0.011,0.144,0.011,0.144,0.011,0.144,0.011,0.144,0.011,0.144,0.011,0.011,0.144,0.011,0.144,0.144,0.011,0.011,0.144,0.011,0.144,0.011,0.144,0.144,0.011,0.011,0.144,0.144,0.011,0.144,0.011,0.144,0.011,0.144,0.011,0.144,0.011,0.144,0.011,0.144,0.011,0.144,0.011,0.011,0.144,0.144,0.011,0.011,0.144,0.011,0.144,0.144,0.011,0.144,0.011,0.011,0.144,0.144,0.011,0.144,0.011,0.144,0.011,0.144,0.011,0.011,0.144,0.144,0.011,0.011,0.144,0.011,0.144,0.144,0.011,0.144,0.011,0.144,0.011,0.011,0.144,0.144,0.011,0.144,0.011,0.144,0.011,0.144,0.011,0.144,0.011,0.144,0.011,0.011,0.144,0.144,0.011,0.144,0.011,0.011,0.144,0.011,0.144,0.144,0.011,0.144,0.011,0.011,0.144,0.011,0.144,0.011,0.144,0.144,0.011,0.011,0.144,0.011,0.144,0.144,0.011,0.144,0.011,0.011,0.144,0.144,0.011,0.144,0.011,0.144,0.011,0.011,0.144,0.011,0.144,0.011,0.144,0.144,0.011,0.144,0.011,0.011,0.144,0.011,0.144,0.011,0.144,0.011,0.144,0.144,0.011,0.011,0.144,0.144,0.011,0.144,0.011,0.144,0.011,0.011,0.144,0.144,0.011,0.144,0.011,0.144,0.011
CLM,HG01273,0.257611,0.586189,0.1562,HG01271,HG01272,1,0.263870207736863,0.569101987202197,0.16702780506094,0.727,0.107,0.166,0.489,0.216,0.295,0.744,0.256,0.931,0.069,0.8438,1,2,0.253417,0.304004,0.680414,0.517495,0.066168,0.178501,0.933831,0.821499,0.258396117569179,0.299297872519918,0.66640270266438,0.522235333184462,0.0752011797664411,0.178466794295619,0.238,0.109,0.129,0.187,0.187,1,0.050587,0.162919,0.112333,0.112332,0.040901754950739,0.144167369479918,0.103265614529178,0.608,0.1615,0.2305,0.8375,0.1625,1.5,0.2787105,0.5989545,0.1223345,0.877665,0.278846995044549,0.594319017924421,0.12683398703103,0.069,0.256,0.256,0.069,0.069,0.256,0.069,0.256,0.069,0.256,0.069,0.256,0.256,0.069,0.256,0.069,0.069,0.256,0.069,0.256,0.256,0.069,0.069,0.256,0.256,0.069,0.256,0.069,0.256,0.069,0.069,0.256,0.256,0.069,0.256,0.069,0.256,0.069,0.256,0.069,0.069,0.256,0.069,0.256,0.256,0.069,0.069,0.256,0.069,0.256,0.256,0.069,0.069,0.256,0.256,0.069,0.069,0.256,0.256,0.069,0.256,0.069,0.256,0.069,0.256,0.069,0.069,0.256,0.069,0.256,0.069,0.256,0.256,0.069,0.256,0.069,0.256,0.069,0.256,0.069,0.069,0.256,0.069,0.256,0.069,0.256,0.256,0.069,0.256,0.069,0.069,0.256,0.256,0.069,0.256,0.069,0.256,0.069,0.069,0.256,0.069,0.256,0.256,0.069,0.256,0.069,0.256,0.069,0.256,0.069,0.256,0.069,0.256,0.069,0.069,0.256,0.069,0.256,0.256,0.069,0.256,0.069,0.256,0.069,0.069,0.256,0.256,0.069,0.069,0.256,0.069,0.256,0.069,0.256,0.256,0.069,0.256,0.069,0.256,0.069,0.256,0.069,0.256,0.069,0.256,0.069,0.069,0.256,0.069,0.256,0.069,0.256,0.256,0.069,0.069,0.256,0.069,0.256,0.069,0.256,0.256,0.069,0.069,0.256,0.069,0.256,0.069,0.256,0.069,0.256,0.069,0.256,0.069,0.256,0.256,0.069,0.069,0.256,0.069,0.256,0.069,0.256,0.069,0.256,0.069,0.256,0.069,0.256,0.069,0.256,0.069,0.256,0.256,0.069,0.256,0.069,0.069,0.256,0.256,0.069
CLM,HG01276,0.171154,0.828836,1e-05,HG01274,HG01275,2,0.16586537594433,0.809549766394612,0.024584857661058,0.835,0.026,0.139,0.764,0.036,0.2,0.958,0.042,0.983,0.017,0.99999,1,2,0.291972,0.034545,0.691872,0.965445,0.016156,1e-05,0.983844,0.99999,0.28707152674988,0.0329245081739261,0.679131908134377,0.958133585915988,0.0337965651157432,0.0089419059100856,0.071,0.01,0.061,0.025,0.025,1,0.257427,0.273573,0.016146,0.016146,0.254147018575954,0.279001677781611,0.0248546592056576,0.7995,0.031,0.1695,0.9705,0.0295,1.5,0.1632585,0.8286585,0.008083,0.991917,0.159998017461903,0.818632747025182,0.0213692355129144,0.017,0.042,0.017,0.042,0.042,0.017,0.017,0.042,0.017,0.042,0.042,0.017,0.017,0.042,0.042,0.017,0.017,0.042,0.017,0.042,0.042,0.017,0.017,0.042,0.042,0.017,0.042,0.017,0.017,0.042,0.042,0.017,0.017,0.042,0.017,0.042,0.017,0.042,0.017,0.042,0.017,0.042,0.017,0.042,0.042,0.017,0.042,0.017,0.042,0.017,0.017,0.042,0.042,0.017,0.017,0.042,0.042,0.017,0.017,0.042,0.017,0.042,0.017,0.042,0.017,0.042,0.042,0.017,0.042,0.017,0.017,0.042,0.017,0.042,0.042,0.017,0.042,0.017,0.017,0.042,0.042,0.017,0.017,0.042,0.042,0.017,0.017,0.042,0.042,0.017,0.042,0.017,0.042,0.017,0.042,0.017,0.017,0.042,0.017,0.042,0.017,0.042,0.042,0.017,0.017,0.042,0.042,0.017,0.017,0.042,0.017,0.042,0.017,0.042,0.017,0.042,0.042,0.017,0.017,0.042,0.017,0.042,0.042,0.017,0.017,0.042,0.017,0.042,0.017,0.042,0.017,0.042,0.017,0.042,0.017,0.042,0.017,0.042,0.017,0.042,0.042,0.017,0.042,0.017,0.042,0.017,0.042,0.017,0.042,0.017,0.017,0.042,0.017,0.042,0.042,0.017,0.017,0.042,0.017,0.042,0.017,0.042,0.042,0.017,0.042,0.017,0.042,0.017,0.017,0.042,0.042,0.017,0.017,0.042,0.042,0.017,0.017,0.042,0.042,0.017,0.017,0.042,0.042,0.017,0.017,0.042,0.017,0.042,0.042,0.017,0.042,0.017,0.042,0.017,0.017,0.042,0.017,0.042,0.042,0.017
CLM,HG01279,0.326016,0.673974,1e-05,HG01277,HG01278,2,0.329641138463806,0.652745138565894,0.0176137229703005,0.515,0.008,0.478,0.789,0.029,0.182,0.976,0.024,0.984,0.016,0.99999,1,2,0.347067,0.356332,0.652923,0.643658,1e-05,1e-05,0.99999,0.99999,0.35839639750491,0.356789726439997,0.626858035229858,0.623303753951464,0.0147455672652323,0.0199065196085392,0.274,0.021,0.296,0.00800000000000001,0.008,1,0.00926499999999997,0.00926500000000008,0,1.11022302462516e-16,0.00160667106491297,0.00355428127839397,0.0051609523433069,0.652,0.0185,0.33,0.98,0.02,1.5,0.3516995,0.6482905,1e-05,0.99999,0.357593061972453,0.625080894590661,0.0173260434368857,0.024,0.016,0.016,0.024,0.016,0.024,0.016,0.024,0.024,0.016,0.016,0.024,0.024,0.016,0.024,0.016,0.016,0.024,0.024,0.016,0.016,0.024,0.024,0.016,0.024,0.016,0.016,0.024,0.024,0.016,0.024,0.016,0.024,0.016,0.024,0.016,0.024,0.016,0.016,0.024,0.016,0.024,0.016,0.024,0.024,0.016,0.016,0.024,0.024,0.016,0.016,0.024,0.024,0.016,0.024,0.016,0.024,0.016,0.016,0.024,0.016,0.024,0.024,0.016,0.024,0.016,0.024,0.016,0.024,0.016,0.024,0.016,0.016,0.024,0.024,0.016,0.024,0.016,0.024,0.016,0.016,0.024,0.016,0.024,0.024,0.016,0.024,0.016,0.024,0.016,0.016,0.024,0.024,0.016,0.016,0.024,0.016,0.024,0.024,0.016,0.016,0.024,0.024,0.016,0.016,0.024,0.024,0.016,0.016,0.024,0.024,0.016,0.016,0.024,0.016,0.024,0.024,0.016,0.016,0.024,0.016,0.024,0.016,0.024,0.024,0.016,0.016,0.024,0.016,0.024,0.024,0.016,0.024,0.016,0.024,0.016,0.024,0.016,0.016,0.024,0.024,0.016,0.024,0.016,0.016,0.024,0.024,0.016,0.016,0.024,0.024,0.016,0.024,0.016,0.024,0.016,0.024,0.016,0.016,0.024,0.016,0.024,0.016,0.024,0.024,0.016,0.024,0.016,0.024,0.016,0.024,0.016,0.016,0.024,0.024,0.016,0.016,0.024,0.016,0.024,0.016,0.024,0.024,0.016,0.024,0.016,0.024,0.016,0.024,0.016,0.024,0.016,0.024,0.016,0.024,0.016,0.016,0.024,0.024,0.016
CLM,HG01343,0.421408,0.419525,0.159066,HG01341,HG01342,2,0.394411946725363,0.441409390682511,0.164178662592126,0.254,0.249,0.497,0.632,0.151,0.218,0.946,0.054,0.682,0.318,0.840933,1,2,0.589346,0.225109,0.410644,0.421964,1e-05,0.352927,0.99999,0.647073,0.562722416200789,0.21358679696523,0.423040126230444,0.433130282724208,0.0142374575687674,0.353282920310562,0.378,0.098,0.279,0.264,0.264,1,0.364237,0.01132,0.352917,0.352917,0.349135619235559,0.010090156493764,0.339045462741795,0.443,0.2,0.3575,0.814,0.186,1.5,0.4072275,0.416304,0.1764685,0.8235315,0.388154606583009,0.428085204477326,0.183760188939665,0.318,0.054,0.318,0.054,0.318,0.054,0.054,0.318,0.318,0.054,0.054,0.318,0.318,0.054,0.054,0.318,0.318,0.054,0.054,0.318,0.054,0.318,0.054,0.318,0.054,0.318,0.318,0.054,0.054,0.318,0.318,0.054,0.318,0.054,0.318,0.054,0.054,0.318,0.054,0.318,0.318,0.054,0.318,0.054,0.054,0.318,0.054,0.318,0.318,0.054,0.054,0.318,0.318,0.054,0.318,0.054,0.054,0.318,0.054,0.318,0.318,0.054,0.054,0.318,0.318,0.054,0.054,0.318,0.054,0.318,0.318,0.054,0.318,0.054,0.054,0.318,0.054,0.318,0.054,0.318,0.318,0.054,0.054,0.318,0.054,0.318,0.054,0.318,0.318,0.054,0.318,0.054,0.054,0.318,0.318,0.054,0.318,0.054,0.054,0.318,0.318,0.054,0.318,0.054,0.054,0.318,0.054,0.318,0.318,0.054,0.318,0.054,0.318,0.054,0.318,0.054,0.318,0.054,0.318,0.054,0.318,0.054,0.054,0.318,0.054,0.318,0.318,0.054,0.054,0.318,0.054,0.318,0.054,0.318,0.318,0.054,0.054,0.318,0.318,0.054,0.318,0.054,0.318,0.054,0.318,0.054,0.318,0.054,0.318,0.054,0.318,0.054,0.054,0.318,0.318,0.054,0.054,0.318,0.318,0.054,0.054,0.318,0.054,0.318,0.054,0.318,0.054,0.318,0.054,0.318,0.054,0.318,0.318,0.054,0.054,0.318,0.054,0.318,0.054,0.318,0.054,0.318,0.318,0.054,0.318,0.054,0.054,0.318,0.318,0.054,0.318,0.054,0.054,0.318,0.054,0.318,0.054,0.318,0.054,0.318
CLM,HG01346,0.316239,0.65885,0.024911,HG01344,HG01345,2,0.302137314252639,0.662853685445142,0.0350090003022195,0.564,0.436,0,0.536,0.464,0,0.968,0.032,0.93,0.07,0.975089,1,2,0.402628,0.222629,0.574065,0.735772,0.023307,0.041599,0.976693,0.958401,0.393702911315792,0.220466663814168,0.569711466173084,0.729983461163483,0.0365856225111237,0.0495498750223495,0.0279999999999999,0.028,0,0.0379999999999999,0.038,1,0.179999,0.161707,0.018292,0.0182920000000001,0.173236247501624,0.160271994990399,0.0129642525112258,0.55,0.45,0,0.949,0.051,1.5,0.3126285,0.6549185,0.032453,0.967547,0.30708478756498,0.649847463668283,0.0430677487667366,0.07,0.032,0.032,0.07,0.032,0.07,0.032,0.07,0.07,0.032,0.07,0.032,0.07,0.032,0.07,0.032,0.032,0.07,0.032,0.07,0.032,0.07,0.032,0.07,0.032,0.07,0.07,0.032,0.07,0.032,0.032,0.07,0.032,0.07,0.032,0.07,0.032,0.07,0.07,0.032,0.032,0.07,0.07,0.032,0.032,0.07,0.032,0.07,0.032,0.07,0.032,0.07,0.07,0.032,0.032,0.07,0.032,0.07,0.07,0.032,0.07,0.032,0.032,0.07,0.032,0.07,0.07,0.032,0.07,0.032,0.07,0.032,0.07,0.032,0.032,0.07,0.032,0.07,0.032,0.07,0.07,0.032,0.032,0.07,0.07,0.032,0.032,0.07,0.07,0.032,0.032,0.07,0.032,0.07,0.032,0.07,0.032,0.07,0.032,0.07,0.032,0.07,0.032,0.07,0.07,0.032,0.07,0.032,0.032,0.07,0.07,0.032,0.032,0.07,0.07,0.032,0.07,0.032,0.07,0.032,0.032,0.07,0.07,0.032,0.032,0.07,0.07,0.032,0.07,0.032,0.032,0.07,0.07,0.032,0.032,0.07,0.032,0.07,0.07,0.032,0.032,0.07,0.07,0.032,0.07,0.032,0.032,0.07,0.07,0.032,0.032,0.07,0.07,0.032,0.07,0.032,0.07,0.032,0.032,0.07,0.07,0.032,0.07,0.032,0.032,0.07,0.07,0.032,0.032,0.07,0.032,0.07,0.07,0.032,0.032,0.07,0.07,0.032,0.07,0.032,0.07,0.032,0.07,0.032,0.07,0.032,0.07,0.032,0.07,0.032,0.032,0.07,0.032,0.07,0.032,0.07,0.07,0.032,0.032,0.07
CLM,HG01349,0.249854,0.750136,1e-05,HG01347,HG01348,2,0.248368930060061,0.733978362634885,0.0176527073050543,0.547,0.056,0.397,0.877,0.005,0.119,0.991,0.009,0.958,0.042,0.99999,1,2,0.207567,0.383336,0.792423,0.589556,1e-05,0.027108,0.99999,0.972892,0.20873660301039,0.379476965894791,0.783690920973858,0.581015115934199,0.00757247601575241,0.03950791817101,0.33,0.051,0.278,0.033,0.033,1,0.175769,0.202867,0.027098,0.027098,0.170740362884401,0.202675805039659,0.0319354421552576,0.712,0.0305,0.258,0.9745,0.0255,1.5,0.2954515,0.6909895,0.013559,0.986441,0.294106784452591,0.682353018454029,0.0235401970933812,0.042,0.009,0.042,0.009,0.009,0.042,0.042,0.009,0.009,0.042,0.009,0.042,0.009,0.042,0.042,0.009,0.009,0.042,0.009,0.042,0.042,0.009,0.042,0.009,0.009,0.042,0.009,0.042,0.009,0.042,0.009,0.042,0.009,0.042,0.009,0.042,0.009,0.042,0.009,0.042,0.009,0.042,0.042,0.009,0.042,0.009,0.009,0.042,0.009,0.042,0.042,0.009,0.009,0.042,0.009,0.042,0.042,0.009,0.009,0.042,0.042,0.009,0.009,0.042,0.042,0.009,0.042,0.009,0.009,0.042,0.042,0.009,0.009,0.042,0.042,0.009,0.042,0.009,0.042,0.009,0.042,0.009,0.009,0.042,0.009,0.042,0.009,0.042,0.009,0.042,0.042,0.009,0.009,0.042,0.042,0.009,0.042,0.009,0.042,0.009,0.042,0.009,0.042,0.009,0.009,0.042,0.042,0.009,0.042,0.009,0.042,0.009,0.042,0.009,0.009,0.042,0.042,0.009,0.009,0.042,0.042,0.009,0.042,0.009,0.042,0.009,0.042,0.009,0.042,0.009,0.042,0.009,0.042,0.009,0.009,0.042,0.042,0.009,0.042,0.009,0.009,0.042,0.009,0.042,0.009,0.042,0.042,0.009,0.042,0.009,0.009,0.042,0.042,0.009,0.042,0.009,0.009,0.042,0.009,0.042,0.009,0.042,0.009,0.042,0.042,0.009,0.009,0.042,0.009,0.042,0.009,0.042,0.042,0.009,0.042,0.009,0.042,0.009,0.009,0.042,0.009,0.042,0.042,0.009,0.009,0.042,0.009,0.042,0.009,0.042,0.042,0.009,0.009,0.042,0.042,0.009,0.042,0.009,0.042,0.009
CLM,HG01352,0.305598,0.666009,0.028393,HG01350,HG01351,2,0.294094340075763,0.667417417353805,0.038488242570432,0.807,0.035,0.158,0.467,0.062,0.47,0.976,0.024,0.931,0.069,0.971607,1,2,0.377826,0.277839,0.555959,0.722151,0.066215,1e-05,0.933785,0.99999,0.362762210437353,0.278719530298732,0.564405856159789,0.707797940197933,0.0728319334028575,0.0134825295033356,0.34,0.027,0.312,0.0449999999999999,0.045,1,0.099987,0.166192,0.066205,0.066205,0.084042680138621,0.143392084038144,0.0593494038995219,0.637,0.0485,0.314,0.9535,0.0465,1.5,0.3278325,0.639055,0.0331125,0.9668875,0.320740870368042,0.636101898178861,0.0431572314530966,0.024,0.069,0.024,0.069,0.069,0.024,0.024,0.069,0.024,0.069,0.024,0.069,0.069,0.024,0.069,0.024,0.069,0.024,0.069,0.024,0.069,0.024,0.069,0.024,0.069,0.024,0.024,0.069,0.024,0.069,0.024,0.069,0.069,0.024,0.069,0.024,0.069,0.024,0.024,0.069,0.069,0.024,0.069,0.024,0.024,0.069,0.069,0.024,0.069,0.024,0.069,0.024,0.069,0.024,0.069,0.024,0.024,0.069,0.024,0.069,0.069,0.024,0.024,0.069,0.024,0.069,0.024,0.069,0.069,0.024,0.069,0.024,0.024,0.069,0.069,0.024,0.069,0.024,0.024,0.069,0.069,0.024,0.024,0.069,0.024,0.069,0.069,0.024,0.069,0.024,0.024,0.069,0.069,0.024,0.024,0.069,0.024,0.069,0.024,0.069,0.024,0.069,0.069,0.024,0.024,0.069,0.024,0.069,0.024,0.069,0.069,0.024,0.024,0.069,0.024,0.069,0.024,0.069,0.024,0.069,0.069,0.024,0.069,0.024,0.024,0.069,0.024,0.069,0.024,0.069,0.024,0.069,0.069,0.024,0.024,0.069,0.024,0.069,0.024,0.069,0.069,0.024,0.069,0.024,0.069,0.024,0.069,0.024,0.069,0.024,0.069,0.024,0.069,0.024,0.024,0.069,0.069,0.024,0.024,0.069,0.024,0.069,0.024,0.069,0.069,0.024,0.024,0.069,0.069,0.024,0.024,0.069,0.069,0.024,0.069,0.024,0.024,0.069,0.069,0.024,0.069,0.024,0.069,0.024,0.024,0.069,0.024,0.069,0.069,0.024,0.024,0.069,0.069,0.024,0.069,0.024,0.069,0.024,0.024,0.069
CLM,HG01355,0.201068,0.798922,1e-05,HG01353,HG01354,2,0.202284310843865,0.775696258228571,0.0220194309275641,0.781,0.036,0.184,0.816,0.007,0.178,0.969,0.031,0.985,0.015,0.99999,1,2,0.186819,0.161114,0.805507,0.838876,0.007673,1e-05,0.992326,0.99999,0.187220509022829,0.157361398386912,0.786981234927145,0.828141020806779,0.0257982560500263,0.0144975808063093,0.0349999999999999,0.029,0.00600000000000001,0.016,0.016,1,0.025705,0.033369,0.007663,0.00766399999999989,0.029859110635917,0.041159785879634,0.011300675243717,0.7985,0.0215,0.181,0.977,0.023,1.5,0.1739665,0.8221915,0.0038415,0.996158,0.17229095370487,0.807561127866962,0.0201479184281678,0.031,0.015,0.015,0.031,0.015,0.031,0.015,0.031,0.031,0.015,0.015,0.031,0.031,0.015,0.015,0.031,0.031,0.015,0.031,0.015,0.031,0.015,0.031,0.015,0.015,0.031,0.031,0.015,0.031,0.015,0.031,0.015,0.031,0.015,0.031,0.015,0.015,0.031,0.015,0.031,0.015,0.031,0.015,0.031,0.031,0.015,0.031,0.015,0.015,0.031,0.015,0.031,0.015,0.031,0.015,0.031,0.015,0.031,0.031,0.015,0.031,0.015,0.031,0.015,0.031,0.015,0.015,0.031,0.031,0.015,0.015,0.031,0.031,0.015,0.031,0.015,0.031,0.015,0.015,0.031,0.031,0.015,0.015,0.031,0.031,0.015,0.031,0.015,0.015,0.031,0.015,0.031,0.015,0.031,0.031,0.015,0.031,0.015,0.015,0.031,0.031,0.015,0.031,0.015,0.015,0.031,0.015,0.031,0.031,0.015,0.015,0.031,0.031,0.015,0.031,0.015,0.031,0.015,0.015,0.031,0.031,0.015,0.015,0.031,0.031,0.015,0.031,0.015,0.031,0.015,0.015,0.031,0.015,0.031,0.015,0.031,0.031,0.015,0.015,0.031,0.031,0.015,0.031,0.015,0.015,0.031,0.031,0.015,0.031,0.015,0.015,0.031,0.015,0.031,0.031,0.015,0.031,0.015,0.031,0.015,0.015,0.031,0.031,0.015,0.031,0.015,0.015,0.031,0.031,0.015,0.015,0.031,0.031,0.015,0.031,0.015,0.015,0.031,0.015,0.031,0.031,0.015,0.031,0.015,0.015,0.031,0.015,0.031,0.015,0.031,0.015,0.031,0.031,0.015,0.031,0.015,0.031,0.015,0.015,0.031
CLM,HG01358,0.332938,0.653878,0.013184,HG01356,HG01357,1,0.335689622893753,0.637950793843547,0.0263595832627003,0.501,0.043,0.456,0.801,0.018,0.181,0.98,0.02,0.953,0.047,0.986816,1,2,0.302633,0.286626,0.653749,0.713364,0.043619,1e-05,0.956382,0.99999,0.302960527874298,0.276147039486936,0.642280946744792,0.708684187421223,0.0547585253809101,0.0151687730918408,0.3,0.025,0.275,0.027,0.027,1,0.016007,0.059615,0.043609,0.0436079999999999,0.026813488387362,0.066403240676431,0.0395897522890693,0.651,0.0305,0.3185,0.9665,0.0335,1.5,0.2946295,0.6835565,0.0218145,0.978186,0.289553783680617,0.675482567083007,0.0349636492363754,0.047,0.02,0.02,0.047,0.02,0.047,0.047,0.02,0.047,0.02,0.047,0.02,0.047,0.02,0.047,0.02,0.047,0.02,0.02,0.047,0.047,0.02,0.047,0.02,0.047,0.02,0.02,0.047,0.047,0.02,0.047,0.02,0.02,0.047,0.02,0.047,0.047,0.02,0.047,0.02,0.047,0.02,0.047,0.02,0.047,0.02,0.02,0.047,0.02,0.047,0.02,0.047,0.047,0.02,0.02,0.047,0.047,0.02,0.02,0.047,0.02,0.047,0.02,0.047,0.047,0.02,0.02,0.047,0.02,0.047,0.047,0.02,0.047,0.02,0.047,0.02,0.02,0.047,0.02,0.047,0.02,0.047,0.02,0.047,0.02,0.047,0.047,0.02,0.047,0.02,0.047,0.02,0.047,0.02,0.02,0.047,0.047,0.02,0.047,0.02,0.02,0.047,0.02,0.047,0.047,0.02,0.047,0.02,0.02,0.047,0.047,0.02,0.047,0.02,0.02,0.047,0.047,0.02,0.047,0.02,0.047,0.02,0.047,0.02,0.02,0.047,0.047,0.02,0.047,0.02,0.047,0.02,0.02,0.047,0.047,0.02,0.02,0.047,0.047,0.02,0.02,0.047,0.047,0.02,0.02,0.047,0.02,0.047,0.02,0.047,0.02,0.047,0.047,0.02,0.047,0.02,0.02,0.047,0.047,0.02,0.02,0.047,0.047,0.02,0.02,0.047,0.02,0.047,0.047,0.02,0.047,0.02,0.047,0.02,0.02,0.047,0.02,0.047,0.047,0.02,0.02,0.047,0.047,0.02,0.02,0.047,0.047,0.02,0.02,0.047,0.02,0.047,0.02,0.047,0.02,0.047,0.047,0.02,0.047,0.02
CLM,HG01361,0.259533,0.704018,0.036449,HG01359,HG01360,2,0.253179888332537,0.703969602622405,0.0428505090450585,0.582,0.002,0.416,0.794,0.111,0.096,0.939,0.061,0.955,0.045,0.963551,1,2,0.249211,0.234091,0.719559,0.70774,0.031231,0.058169,0.96877,0.941831,0.245840048592656,0.219803158101693,0.712652088783444,0.716243243397081,0.0415078626239002,0.0639535985012266,0.212,0.109,0.32,0.016,0.016,1,0.01512,0.0118189999999999,0.026938,0.0269389999999998,0.026036890490963,0.00359115461363702,0.0224457358773264,0.688,0.0565,0.256,0.947,0.053,1.5,0.241651,0.7136495,0.0447,0.9553005,0.232821603347174,0.714447666090263,0.0527307305625634,0.061,0.045,0.061,0.045,0.061,0.045,0.061,0.045,0.045,0.061,0.045,0.061,0.045,0.061,0.061,0.045,0.045,0.061,0.045,0.061,0.045,0.061,0.061,0.045,0.045,0.061,0.061,0.045,0.061,0.045,0.045,0.061,0.045,0.061,0.045,0.061,0.061,0.045,0.061,0.045,0.045,0.061,0.061,0.045,0.045,0.061,0.061,0.045,0.061,0.045,0.045,0.061,0.045,0.061,0.061,0.045,0.045,0.061,0.045,0.061,0.061,0.045,0.061,0.045,0.045,0.061,0.045,0.061,0.045,0.061,0.061,0.045,0.045,0.061,0.045,0.061,0.061,0.045,0.045,0.061,0.045,0.061,0.045,0.061,0.061,0.045,0.045,0.061,0.045,0.061,0.061,0.045,0.045,0.061,0.045,0.061,0.045,0.061,0.045,0.061,0.061,0.045,0.061,0.045,0.061,0.045,0.045,0.061,0.061,0.045,0.061,0.045,0.061,0.045,0.061,0.045,0.045,0.061,0.061,0.045,0.061,0.045,0.045,0.061,0.045,0.061,0.061,0.045,0.061,0.045,0.061,0.045,0.045,0.061,0.045,0.061,0.045,0.061,0.045,0.061,0.061,0.045,0.061,0.045,0.045,0.061,0.061,0.045,0.045,0.061,0.061,0.045,0.061,0.045,0.061,0.045,0.045,0.061,0.045,0.061,0.045,0.061,0.061,0.045,0.045,0.061,0.061,0.045,0.045,0.061,0.061,0.045,0.061,0.045,0.061,0.045,0.045,0.061,0.061,0.045,0.045,0.061,0.045,0.061,0.045,0.061,0.061,0.045,0.061,0.045,0.045,0.061,0.061,0.045,0.061,0.045,0.061,0.045,0.045,0.061
CLM,HG01367,0.259595,0.605263,0.135142,HG01365,HG01366,2,0.264505084742929,0.587445309625957,0.148049605631114,0.775,0.104,0.121,0.499,0.144,0.356,0.749,0.251,0.95,0.05,0.864858,1,2,0.277768,0.252648,0.586984,0.647341,0.135248,0.10001,0.864752,0.899989,0.274789770936356,0.255493705961772,0.587053419895893,0.633138344752207,0.13815680916775,0.111367949286021,0.276,0.04,0.235,0.201,0.201,1,0.02512,0.0603570000000001,0.035238,0.0352370000000001,0.019296064974584,0.046084924856314,0.026788859881729,0.637,0.124,0.2385,0.8495,0.1505,1.5,0.265208,0.6171625,0.117629,0.8823705,0.265141738449064,0.61009588232405,0.124762379226886,0.05,0.251,0.05,0.251,0.251,0.05,0.251,0.05,0.251,0.05,0.05,0.251,0.05,0.251,0.05,0.251,0.05,0.251,0.05,0.251,0.251,0.05,0.251,0.05,0.251,0.05,0.251,0.05,0.251,0.05,0.251,0.05,0.251,0.05,0.251,0.05,0.251,0.05,0.05,0.251,0.251,0.05,0.251,0.05,0.251,0.05,0.251,0.05,0.05,0.251,0.251,0.05,0.05,0.251,0.05,0.251,0.251,0.05,0.05,0.251,0.05,0.251,0.05,0.251,0.251,0.05,0.05,0.251,0.251,0.05,0.05,0.251,0.05,0.251,0.251,0.05,0.251,0.05,0.251,0.05,0.05,0.251,0.05,0.251,0.05,0.251,0.251,0.05,0.05,0.251,0.251,0.05,0.05,0.251,0.251,0.05,0.251,0.05,0.05,0.251,0.251,0.05,0.05,0.251,0.05,0.251,0.251,0.05,0.251,0.05,0.05,0.251,0.05,0.251,0.251,0.05,0.251,0.05,0.251,0.05,0.251,0.05,0.251,0.05,0.05,0.251,0.251,0.05,0.05,0.251,0.251,0.05,0.251,0.05,0.251,0.05,0.251,0.05,0.251,0.05,0.251,0.05,0.251,0.05,0.05,0.251,0.251,0.05,0.05,0.251,0.05,0.251,0.05,0.251,0.05,0.251,0.251,0.05,0.251,0.05,0.251,0.05,0.05,0.251,0.251,0.05,0.251,0.05,0.05,0.251,0.05,0.251,0.05,0.251,0.251,0.05,0.05,0.251,0.251,0.05,0.05,0.251,0.05,0.251,0.251,0.05,0.251,0.05,0.05,0.251,0.251,0.05,0.251,0.05,0.251,0.05,0.251,0.05,0.05,0.251
CLM,HG01376,0.262906,0.660515,0.076579,HG01374,HG01375,2,0.247604027837906,0.665204621526942,0.0871913506351525,0.589,0.411,0,0.492,0.508,0,0.878,0.122,0.932,0.068,0.923421,1,2,0.248341,0.301361,0.751649,0.561835,1e-05,0.136804,0.99999,0.863196,0.243041480573963,0.284424956926247,0.74044968138828,0.574415454320425,0.0165088380377562,0.141159588753328,0.097,0.097,0,0.054,0.054,1,0.05302,0.189814,0.136794,0.136794,0.041383476352284,0.166034227067855,0.124650750715572,0.5405,0.4595,0,0.905,0.095,1.5,0.274851,0.656742,0.068407,0.931593,0.263733218750105,0.657432567854352,0.0788342133955421,0.122,0.068,0.068,0.122,0.068,0.122,0.122,0.068,0.122,0.068,0.122,0.068,0.122,0.068,0.122,0.068,0.122,0.068,0.122,0.068,0.068,0.122,0.068,0.122,0.068,0.122,0.068,0.122,0.122,0.068,0.122,0.068,0.122,0.068,0.122,0.068,0.122,0.068,0.122,0.068,0.068,0.122,0.122,0.068,0.068,0.122,0.068,0.122,0.122,0.068,0.122,0.068,0.068,0.122,0.122,0.068,0.122,0.068,0.122,0.068,0.122,0.068,0.068,0.122,0.068,0.122,0.068,0.122,0.122,0.068,0.068,0.122,0.122,0.068,0.068,0.122,0.068,0.122,0.068,0.122,0.068,0.122,0.122,0.068,0.068,0.122,0.122,0.068,0.122,0.068,0.122,0.068,0.068,0.122,0.068,0.122,0.068,0.122,0.122,0.068,0.122,0.068,0.122,0.068,0.068,0.122,0.122,0.068,0.122,0.068,0.122,0.068,0.122,0.068,0.068,0.122,0.122,0.068,0.068,0.122,0.122,0.068,0.122,0.068,0.122,0.068,0.122,0.068,0.068,0.122,0.068,0.122,0.122,0.068,0.068,0.122,0.122,0.068,0.122,0.068,0.068,0.122,0.122,0.068,0.122,0.068,0.068,0.122,0.068,0.122,0.122,0.068,0.122,0.068,0.068,0.122,0.122,0.068,0.068,0.122,0.122,0.068,0.122,0.068,0.068,0.122,0.122,0.068,0.068,0.122,0.068,0.122,0.122,0.068,0.122,0.068,0.122,0.068,0.068,0.122,0.068,0.122,0.122,0.068,0.122,0.068,0.122,0.068,0.068,0.122,0.122,0.068,0.122,0.068,0.068,0.122,0.122,0.068,0.068,0.122
CLM,HG01379,0.336138,0.576117,0.087746,HG01377,HG01378,2,0.323642333280628,0.581030727255313,0.0953269394640588,0.778,0.076,0.146,0.406,0.114,0.48,0.93,0.07,0.871,0.129,0.912255,1,2,0.309714,0.380073,0.596066,0.589545,0.09422,0.030382,0.90578,0.969618,0.306811876394742,0.363467848916014,0.593335451469787,0.59002583038867,0.0998526721354714,0.0465063206953158,0.372,0.038,0.334,0.0590000000000001,0.059,1,0.070359,0.006521,0.063838,0.063838,0.056655972521272,0.00330962108111699,0.0533463514401556,0.592,0.095,0.313,0.9005,0.0995,1.5,0.3448935,0.5928055,0.062301,0.937699,0.335139862655378,0.591680640929228,0.0731794964153936,0.129,0.07,0.129,0.07,0.129,0.07,0.129,0.07,0.129,0.07,0.07,0.129,0.129,0.07,0.07,0.129,0.129,0.07,0.07,0.129,0.129,0.07,0.07,0.129,0.07,0.129,0.07,0.129,0.129,0.07,0.07,0.129,0.129,0.07,0.07,0.129,0.129,0.07,0.07,0.129,0.07,0.129,0.07,0.129,0.129,0.07,0.07,0.129,0.07,0.129,0.07,0.129,0.07,0.129,0.07,0.129,0.07,0.129,0.07,0.129,0.129,0.07,0.07,0.129,0.129,0.07,0.129,0.07,0.07,0.129,0.07,0.129,0.07,0.129,0.129,0.07,0.07,0.129,0.07,0.129,0.07,0.129,0.07,0.129,0.129,0.07,0.07,0.129,0.07,0.129,0.07,0.129,0.07,0.129,0.129,0.07,0.07,0.129,0.129,0.07,0.129,0.07,0.129,0.07,0.129,0.07,0.129,0.07,0.07,0.129,0.129,0.07,0.07,0.129,0.129,0.07,0.129,0.07,0.129,0.07,0.07,0.129,0.129,0.07,0.07,0.129,0.129,0.07,0.07,0.129,0.129,0.07,0.07,0.129,0.129,0.07,0.129,0.07,0.129,0.07,0.07,0.129,0.07,0.129,0.129,0.07,0.129,0.07,0.129,0.07,0.07,0.129,0.07,0.129,0.129,0.07,0.129,0.07,0.07,0.129,0.07,0.129,0.07,0.129,0.129,0.07,0.07,0.129,0.07,0.129,0.07,0.129,0.129,0.07,0.129,0.07,0.07,0.129,0.07,0.129,0.07,0.129,0.129,0.07,0.07,0.129,0.07,0.129,0.07,0.129,0.129,0.07,0.07,0.129,0.07,0.129,0.07,0.129,0.129,0.07
CLM,HG01385,0.23152,0.736679,0.031801,HG01383,HG01384,2,0.235090536470116,0.721770100008138,0.0431393635217459,0.898,0.021,0.081,0.557,0.051,0.392,0.935,0.065,0.979,0.021,0.968199,1,2,0.231547,0.232643,0.749415,0.721783,0.019037,0.045574,0.980962,0.954426,0.226498684085608,0.231530848725988,0.739487686148058,0.713435695219579,0.0340136297663345,0.055033456054433,0.341,0.03,0.311,0.0439999999999999,0.044,1,0.00109599999999999,0.0276320000000001,0.026537,0.0265360000000001,0.00503216464038,0.0260519909284791,0.0210198262880985,0.7275,0.036,0.2365,0.957,0.043,1.5,0.232095,0.735599,0.0323055,0.967694,0.229014766405798,0.726461690683818,0.0445235429103838,0.065,0.021,0.021,0.065,0.021,0.065,0.021,0.065,0.065,0.021,0.021,0.065,0.021,0.065,0.065,0.021,0.021,0.065,0.065,0.021,0.065,0.021,0.021,0.065,0.021,0.065,0.021,0.065,0.021,0.065,0.021,0.065,0.021,0.065,0.021,0.065,0.065,0.021,0.021,0.065,0.065,0.021,0.065,0.021,0.021,0.065,0.021,0.065,0.065,0.021,0.021,0.065,0.065,0.021,0.021,0.065,0.021,0.065,0.065,0.021,0.065,0.021,0.021,0.065,0.065,0.021,0.065,0.021,0.021,0.065,0.065,0.021,0.021,0.065,0.021,0.065,0.065,0.021,0.065,0.021,0.065,0.021,0.021,0.065,0.021,0.065,0.065,0.021,0.021,0.065,0.021,0.065,0.065,0.021,0.021,0.065,0.021,0.065,0.021,0.065,0.065,0.021,0.021,0.065,0.021,0.065,0.065,0.021,0.021,0.065,0.065,0.021,0.065,0.021,0.065,0.021,0.065,0.021,0.021,0.065,0.021,0.065,0.021,0.065,0.021,0.065,0.021,0.065,0.065,0.021,0.065,0.021,0.021,0.065,0.065,0.021,0.065,0.021,0.065,0.021,0.021,0.065,0.065,0.021,0.021,0.065,0.065,0.021,0.021,0.065,0.065,0.021,0.065,0.021,0.065,0.021,0.065,0.021,0.021,0.065,0.065,0.021,0.021,0.065,0.065,0.021,0.021,0.065,0.021,0.065,0.065,0.021,0.065,0.021,0.065,0.021,0.021,0.065,0.021,0.065,0.065,0.021,0.021,0.065,0.065,0.021,0.021,0.065,0.065,0.021,0.021,0.065,0.065,0.021,0.021,0.065,0.065,0.021,0.065,0.021
CLM,HG01391,0.224333,0.610574,0.165093,HG01389,HG01390,2,0.223060449215598,0.595675634074865,0.181263916709537,0.566,0.434,0,0.53,0.47,0,0.696,0.304,0.957,0.043,0.834907,1,2,0.138493,0.283589,0.815428,0.439552,0.04608,0.276859,0.953921,0.723141,0.149310493409699,0.263781488082749,0.800353684145682,0.460752978512259,0.050335822444619,0.275465533404992,0.0359999999999999,0.036,0,0.261,0.261,1,0.145096,0.375876,0.230779,0.23078,0.11447099467305,0.339600705633423,0.225129710960373,0.548,0.452,0,0.8265,0.1735,1.5,0.211041,0.62749,0.1614695,0.838531,0.206545990746224,0.630553331328971,0.162900677924806,0.304,0.043,0.304,0.043,0.304,0.043,0.304,0.043,0.043,0.304,0.304,0.043,0.043,0.304,0.304,0.043,0.043,0.304,0.043,0.304,0.304,0.043,0.043,0.304,0.304,0.043,0.304,0.043,0.043,0.304,0.043,0.304,0.043,0.304,0.304,0.043,0.043,0.304,0.304,0.043,0.304,0.043,0.043,0.304,0.304,0.043,0.304,0.043,0.304,0.043,0.043,0.304,0.043,0.304,0.043,0.304,0.043,0.304,0.304,0.043,0.304,0.043,0.043,0.304,0.043,0.304,0.304,0.043,0.043,0.304,0.304,0.043,0.304,0.043,0.043,0.304,0.304,0.043,0.304,0.043,0.043,0.304,0.043,0.304,0.304,0.043,0.304,0.043,0.304,0.043,0.304,0.043,0.043,0.304,0.304,0.043,0.043,0.304,0.304,0.043,0.304,0.043,0.304,0.043,0.304,0.043,0.043,0.304,0.043,0.304,0.043,0.304,0.304,0.043,0.043,0.304,0.043,0.304,0.304,0.043,0.304,0.043,0.043,0.304,0.043,0.304,0.304,0.043,0.043,0.304,0.304,0.043,0.043,0.304,0.043,0.304,0.304,0.043,0.043,0.304,0.304,0.043,0.304,0.043,0.304,0.043,0.304,0.043,0.043,0.304,0.043,0.304,0.304,0.043,0.304,0.043,0.043,0.304,0.304,0.043,0.043,0.304,0.043,0.304,0.304,0.043,0.043,0.304,0.304,0.043,0.043,0.304,0.304,0.043,0.304,0.043,0.043,0.304,0.043,0.304,0.304,0.043,0.043,0.304,0.304,0.043,0.043,0.304,0.043,0.304,0.304,0.043,0.304,0.043,0.043,0.304,0.304,0.043,0.043,0.304
CLM,HG01433,0.250736,0.68141,0.067854,HG01431,HG01432,1,0.252368956388189,0.669460293117766,0.0781707504940444,0.756,0.074,0.17,0.534,0.08,0.386,0.919,0.081,0.921,0.079,0.932146,1,2,0.275144,0.239554,0.617507,0.738634,0.107349,0.021812,0.892651,0.978188,0.267764013354473,0.238008380678382,0.613344713686185,0.730381699022777,0.118891272959342,0.0316099202988405,0.222,0.00600000000000001,0.216,0.002,0.002,1,0.03559,0.121127,0.085537,0.085537,0.029755632676091,0.117036985336592,0.0872813526605015,0.645,0.077,0.278,0.92,0.08,1.5,0.257349,0.6780705,0.0645805,0.9354195,0.252886197016428,0.671863206354481,0.0752505966290913,0.081,0.079,0.081,0.079,0.079,0.081,0.079,0.081,0.079,0.081,0.079,0.081,0.081,0.079,0.079,0.081,0.081,0.079,0.081,0.079,0.081,0.079,0.079,0.081,0.079,0.081,0.081,0.079,0.079,0.081,0.079,0.081,0.081,0.079,0.081,0.079,0.081,0.079,0.079,0.081,0.079,0.081,0.079,0.081,0.079,0.081,0.081,0.079,0.079,0.081,0.081,0.079,0.079,0.081,0.081,0.079,0.079,0.081,0.079,0.081,0.079,0.081,0.081,0.079,0.081,0.079,0.081,0.079,0.079,0.081,0.079,0.081,0.079,0.081,0.081,0.079,0.079,0.081,0.081,0.079,0.081,0.079,0.081,0.079,0.081,0.079,0.081,0.079,0.081,0.079,0.081,0.079,0.081,0.079,0.081,0.079,0.081,0.079,0.081,0.079,0.081,0.079,0.079,0.081,0.079,0.081,0.081,0.079,0.081,0.079,0.079,0.081,0.081,0.079,0.079,0.081,0.079,0.081,0.081,0.079,0.081,0.079,0.081,0.079,0.081,0.079,0.079,0.081,0.079,0.081,0.079,0.081,0.079,0.081,0.079,0.081,0.081,0.079,0.081,0.079,0.079,0.081,0.079,0.081,0.079,0.081,0.079,0.081,0.081,0.079,0.079,0.081,0.081,0.079,0.079,0.081,0.079,0.081,0.081,0.079,0.081,0.079,0.079,0.081,0.081,0.079,0.079,0.081,0.081,0.079,0.081,0.079,0.081,0.079,0.079,0.081,0.079,0.081,0.079,0.081,0.081,0.079,0.081,0.079,0.079,0.081,0.081,0.079,0.079,0.081,0.081,0.079,0.081,0.079,0.081,0.079,0.079,0.081,0.079,0.081
CLM,HG01439,0.064092,0.935898,1e-05,HG01437,HG01438,2,0.0745161831212623,0.914439041093459,0.0110447757852789,0.921,0.002,0.077,0.907,0.021,0.072,0.978,0.022,0.993,0.007,0.99999,1,2,0.114248,0.045067,0.885742,0.954923,1e-05,1e-05,0.99999,0.99999,0.123891722942768,0.0475752221557214,0.860773567014477,0.939746626912579,0.0153347100427553,0.0126781509316994,0.014,0.019,0.005,0.015,0.015,1,0.069181,0.0691809999999999,0,1.11022302462516e-16,0.0763165007870466,0.078973059898102,0.0026565591110559,0.914,0.0115,0.0745,0.9855,0.0145,1.5,0.0796575,0.9203325,1e-05,0.99999,0.0857334725492447,0.900260096963528,0.0140064304872274,0.007,0.022,0.022,0.007,0.007,0.022,0.007,0.022,0.007,0.022,0.022,0.007,0.007,0.022,0.022,0.007,0.007,0.022,0.022,0.007,0.022,0.007,0.007,0.022,0.022,0.007,0.007,0.022,0.007,0.022,0.007,0.022,0.022,0.007,0.022,0.007,0.022,0.007,0.007,0.022,0.007,0.022,0.007,0.022,0.007,0.022,0.007,0.022,0.022,0.007,0.007,0.022,0.007,0.022,0.022,0.007,0.007,0.022,0.022,0.007,0.022,0.007,0.022,0.007,0.007,0.022,0.022,0.007,0.007,0.022,0.007,0.022,0.007,0.022,0.022,0.007,0.022,0.007,0.007,0.022,0.022,0.007,0.022,0.007,0.007,0.022,0.007,0.022,0.022,0.007,0.007,0.022,0.007,0.022,0.022,0.007,0.007,0.022,0.007,0.022,0.022,0.007,0.007,0.022,0.022,0.007,0.022,0.007,0.022,0.007,0.022,0.007,0.007,0.022,0.022,0.007,0.022,0.007,0.007,0.022,0.022,0.007,0.007,0.022,0.022,0.007,0.022,0.007,0.022,0.007,0.022,0.007,0.007,0.022,0.022,0.007,0.007,0.022,0.022,0.007,0.022,0.007,0.007,0.022,0.007,0.022,0.022,0.007,0.022,0.007,0.007,0.022,0.007,0.022,0.022,0.007,0.007,0.022,0.007,0.022,0.022,0.007,0.007,0.022,0.007,0.022,0.022,0.007,0.007,0.022,0.007,0.022,0.022,0.007,0.022,0.007,0.007,0.022,0.022,0.007,0.007,0.022,0.022,0.007,0.007,0.022,0.022,0.007,0.022,0.007,0.007,0.022,0.022,0.007,0.022,0.007,0.007,0.022,0.007,0.022
CLM,HG01457,0.408872,0.563775,0.027353,HG01455,HG01456,1,0.400565968314254,0.554839093326483,0.0445949383592629,0.413,0.029,0.558,0.696,0.053,0.251,0.967,0.033,0.939,0.061,0.972647,1,2,0.3931,0.389886,0.5769,0.567491,0.03,0.042623,0.97,0.957377,0.364970457620106,0.3696388517773,0.593077745405899,0.571658060137623,0.0419517969739949,0.0587030880850776,0.283,0.024,0.307,0.028,0.028,1,0.00321399999999999,0.009409,0.012623,0.0126230000000001,0.004668394157194,0.021419685268276,0.0167512911110827,0.5545,0.041,0.4045,0.953,0.047,1.5,0.391493,0.5721955,0.0363115,0.9636885,0.367304654698703,0.582367902771761,0.0503274425295362,0.061,0.033,0.061,0.033,0.061,0.033,0.033,0.061,0.061,0.033,0.033,0.061,0.061,0.033,0.033,0.061,0.061,0.033,0.033,0.061,0.033,0.061,0.033,0.061,0.033,0.061,0.061,0.033,0.033,0.061,0.061,0.033,0.061,0.033,0.033,0.061,0.061,0.033,0.033,0.061,0.061,0.033,0.061,0.033,0.061,0.033,0.033,0.061,0.033,0.061,0.033,0.061,0.061,0.033,0.061,0.033,0.033,0.061,0.033,0.061,0.033,0.061,0.061,0.033,0.061,0.033,0.033,0.061,0.061,0.033,0.033,0.061,0.061,0.033,0.033,0.061,0.033,0.061,0.061,0.033,0.033,0.061,0.061,0.033,0.061,0.033,0.061,0.033,0.061,0.033,0.061,0.033,0.033,0.061,0.061,0.033,0.061,0.033,0.033,0.061,0.061,0.033,0.061,0.033,0.061,0.033,0.061,0.033,0.061,0.033,0.061,0.033,0.061,0.033,0.033,0.061,0.033,0.061,0.033,0.061,0.033,0.061,0.033,0.061,0.061,0.033,0.061,0.033,0.033,0.061,0.033,0.061,0.033,0.061,0.061,0.033,0.033,0.061,0.061,0.033,0.033,0.061,0.033,0.061,0.033,0.061,0.061,0.033,0.061,0.033,0.061,0.033,0.033,0.061,0.061,0.033,0.061,0.033,0.061,0.033,0.033,0.061,0.033,0.061,0.033,0.061,0.033,0.061,0.033,0.061,0.061,0.033,0.061,0.033,0.033,0.061,0.061,0.033,0.061,0.033,0.033,0.061,0.061,0.033,0.061,0.033,0.061,0.033,0.033,0.061,0.033,0.061,0.033,0.061,0.061,0.033,0.033,0.061,0.061,0.033
CLM,HG01463,0.36109,0.401411,0.2375,HG01461,HG01462,2,0.346111798366048,0.423769145555106,0.230119056078846,0.541,0.459,0,0.512,0.488,0,0.603,0.397,0.912,0.088,0.762501,1,2,0.379499,0.328885,0.44163,0.379768,0.178872,0.291346,0.821129,0.708653,0.373248943083655,0.313984691731477,0.44459541371242,0.398445788741496,0.182155643203925,0.287569519527027,0.029,0.029,0,0.309,0.309,1,0.050614,0.061862,0.112474,0.112476,0.0592642513521781,0.046149624970924,0.105413876323102,0.5265,0.4735,0,0.7575,0.2425,1.5,0.354192,0.410699,0.235109,0.764891,0.343616817407566,0.421520601226958,0.234862581365476,0.397,0.088,0.397,0.088,0.397,0.088,0.088,0.397,0.397,0.088,0.088,0.397,0.397,0.088,0.397,0.088,0.397,0.088,0.088,0.397,0.397,0.088,0.397,0.088,0.088,0.397,0.397,0.088,0.088,0.397,0.397,0.088,0.088,0.397,0.397,0.088,0.088,0.397,0.397,0.088,0.088,0.397,0.088,0.397,0.088,0.397,0.088,0.397,0.397,0.088,0.088,0.397,0.088,0.397,0.088,0.397,0.088,0.397,0.397,0.088,0.397,0.088,0.397,0.088,0.397,0.088,0.088,0.397,0.397,0.088,0.088,0.397,0.088,0.397,0.397,0.088,0.088,0.397,0.397,0.088,0.088,0.397,0.397,0.088,0.397,0.088,0.088,0.397,0.397,0.088,0.397,0.088,0.397,0.088,0.397,0.088,0.397,0.088,0.397,0.088,0.397,0.088,0.397,0.088,0.088,0.397,0.397,0.088,0.088,0.397,0.088,0.397,0.397,0.088,0.088,0.397,0.397,0.088,0.397,0.088,0.397,0.088,0.088,0.397,0.088,0.397,0.397,0.088,0.397,0.088,0.088,0.397,0.088,0.397,0.397,0.088,0.397,0.088,0.088,0.397,0.088,0.397,0.088,0.397,0.397,0.088,0.397,0.088,0.397,0.088,0.397,0.088,0.088,0.397,0.397,0.088,0.088,0.397,0.088,0.397,0.088,0.397,0.088,0.397,0.088,0.397,0.088,0.397,0.397,0.088,0.397,0.088,0.397,0.088,0.088,0.397,0.397,0.088,0.088,0.397,0.088,0.397,0.088,0.397,0.397,0.088,0.397,0.088,0.397,0.088,0.397,0.088,0.397,0.088,0.397,0.088,0.397,0.088,0.397,0.088
CLM,HG01466,0.255193,0.642036,0.102772,HG01464,HG01465,2,0.245674936353836,0.635433992904162,0.118891070742001,0.681,0.101,0.218,0.601,0.132,0.267,0.864,0.136,0.896,0.104,0.897229,1,2,0.310971,0.1813,0.505961,0.81869,0.183068,1e-05,0.816932,0.99999,0.3275173814598,0.174179203338384,0.491403118705198,0.812166187677632,0.181079499835003,0.0136546089839841,0.0800000000000001,0.031,0.049,0.032,0.032,1,0.129671,0.312729,0.183058,0.183058,0.153338178121416,0.320763068972434,0.167424890851019,0.641,0.1165,0.2425,0.88,0.12,1.5,0.2461355,0.6623255,0.091539,0.908461,0.250848292399092,0.651784653191415,0.0973670544094935,0.136,0.104,0.136,0.104,0.136,0.104,0.136,0.104,0.104,0.136,0.104,0.136,0.104,0.136,0.136,0.104,0.136,0.104,0.104,0.136,0.104,0.136,0.136,0.104,0.104,0.136,0.104,0.136,0.136,0.104,0.104,0.136,0.104,0.136,0.104,0.136,0.104,0.136,0.136,0.104,0.104,0.136,0.136,0.104,0.136,0.104,0.136,0.104,0.104,0.136,0.136,0.104,0.136,0.104,0.104,0.136,0.136,0.104,0.104,0.136,0.104,0.136,0.104,0.136,0.104,0.136,0.136,0.104,0.136,0.104,0.136,0.104,0.104,0.136,0.104,0.136,0.136,0.104,0.136,0.104,0.136,0.104,0.136,0.104,0.136,0.104,0.136,0.104,0.136,0.104,0.104,0.136,0.136,0.104,0.104,0.136,0.104,0.136,0.136,0.104,0.104,0.136,0.104,0.136,0.104,0.136,0.104,0.136,0.136,0.104,0.136,0.104,0.136,0.104,0.104,0.136,0.104,0.136,0.104,0.136,0.104,0.136,0.104,0.136,0.104,0.136,0.136,0.104,0.136,0.104,0.104,0.136,0.136,0.104,0.136,0.104,0.104,0.136,0.136,0.104,0.104,0.136,0.136,0.104,0.104,0.136,0.136,0.104,0.104,0.136,0.104,0.136,0.136,0.104,0.136,0.104,0.104,0.136,0.104,0.136,0.104,0.136,0.136,0.104,0.136,0.104,0.136,0.104,0.136,0.104,0.104,0.136,0.104,0.136,0.136,0.104,0.136,0.104,0.136,0.104,0.136,0.104,0.104,0.136,0.104,0.136,0.136,0.104,0.104,0.136,0.104,0.136,0.104,0.136,0.104,0.136,0.136,0.104,0.104,0.136
CLM,HG01490,0.106582,0.822468,0.070951,HG01488,HG01489,2,0.104475733294655,0.815366883747314,0.0801573829580308,0.942,0.006,0.052,0.686,0.157,0.157,0.86,0.14,0.98,0.02,0.92905,1,2,0.139588,0.123666,0.711621,0.876324,0.14879,1e-05,0.851209,0.99999,0.139007889264611,0.123174527814285,0.705196435469934,0.862381255396382,0.155795675265455,0.0144442167893331,0.256,0.151,0.105,0.12,0.12,1,0.015922,0.164703,0.14878,0.148781,0.015833361450326,0.157184819926448,0.141351458476122,0.814,0.0815,0.1045,0.92,0.08,1.5,0.131627,0.7939725,0.0744,0.9255995,0.131091208539448,0.783788845433158,0.0851199460273941,0.02,0.14,0.02,0.14,0.02,0.14,0.14,0.02,0.02,0.14,0.02,0.14,0.02,0.14,0.02,0.14,0.14,0.02,0.14,0.02,0.02,0.14,0.14,0.02,0.02,0.14,0.02,0.14,0.02,0.14,0.02,0.14,0.02,0.14,0.14,0.02,0.14,0.02,0.02,0.14,0.14,0.02,0.02,0.14,0.02,0.14,0.02,0.14,0.02,0.14,0.02,0.14,0.02,0.14,0.02,0.14,0.02,0.14,0.02,0.14,0.14,0.02,0.14,0.02,0.02,0.14,0.14,0.02,0.14,0.02,0.14,0.02,0.02,0.14,0.14,0.02,0.02,0.14,0.14,0.02,0.02,0.14,0.14,0.02,0.02,0.14,0.02,0.14,0.14,0.02,0.14,0.02,0.14,0.02,0.14,0.02,0.14,0.02,0.14,0.02,0.02,0.14,0.14,0.02,0.14,0.02,0.14,0.02,0.02,0.14,0.02,0.14,0.02,0.14,0.02,0.14,0.14,0.02,0.02,0.14,0.02,0.14,0.14,0.02,0.02,0.14,0.02,0.14,0.14,0.02,0.02,0.14,0.02,0.14,0.14,0.02,0.14,0.02,0.02,0.14,0.14,0.02,0.02,0.14,0.14,0.02,0.14,0.02,0.14,0.02,0.14,0.02,0.14,0.02,0.02,0.14,0.14,0.02,0.02,0.14,0.14,0.02,0.14,0.02,0.02,0.14,0.02,0.14,0.14,0.02,0.14,0.02,0.14,0.02,0.02,0.14,0.02,0.14,0.02,0.14,0.14,0.02,0.14,0.02,0.14,0.02,0.02,0.14,0.02,0.14,0.02,0.14,0.14,0.02,0.02,0.14,0.02,0.14,0.14,0.02
CLM,HG01493,0.153858,0.846132,1e-05,HG01491,HG01492,2,0.145891614797788,0.834206244773955,0.0199021404282573,0.829,0.029,0.142,0.803,0.018,0.179,0.964,0.036,0.976,0.024,0.99999,1,2,0.152895,0.200738,0.847095,0.798669,1e-05,0.000594,0.99999,0.999407,0.153300253291602,0.203833783416681,0.836583125554185,0.772954042450885,0.0101166211542126,0.0232121741324338,0.0259999999999999,0.011,0.037,0.012,0.012,1,0.047843,0.0484260000000001,0.000584,0.000583000000000111,0.050533530125079,0.0636290831033001,0.0130955529782212,0.816,0.0235,0.1605,0.97,0.03,1.5,0.1768165,0.822882,0.000302,0.9996985,0.178567018354142,0.804768584002535,0.0166643976433232,0.024,0.036,0.036,0.024,0.024,0.036,0.024,0.036,0.024,0.036,0.036,0.024,0.036,0.024,0.036,0.024,0.024,0.036,0.024,0.036,0.036,0.024,0.036,0.024,0.024,0.036,0.036,0.024,0.036,0.024,0.036,0.024,0.036,0.024,0.036,0.024,0.036,0.024,0.036,0.024,0.036,0.024,0.024,0.036,0.036,0.024,0.036,0.024,0.036,0.024,0.036,0.024,0.024,0.036,0.024,0.036,0.024,0.036,0.024,0.036,0.024,0.036,0.036,0.024,0.024,0.036,0.036,0.024,0.024,0.036,0.036,0.024,0.024,0.036,0.036,0.024,0.036,0.024,0.024,0.036,0.024,0.036,0.024,0.036,0.024,0.036,0.036,0.024,0.036,0.024,0.036,0.024,0.036,0.024,0.024,0.036,0.036,0.024,0.036,0.024,0.036,0.024,0.024,0.036,0.036,0.024,0.036,0.024,0.036,0.024,0.036,0.024,0.036,0.024,0.036,0.024,0.024,0.036,0.036,0.024,0.024,0.036,0.024,0.036,0.036,0.024,0.036,0.024,0.024,0.036,0.036,0.024,0.024,0.036,0.036,0.024,0.036,0.024,0.036,0.024,0.024,0.036,0.036,0.024,0.036,0.024,0.036,0.024,0.036,0.024,0.036,0.024,0.024,0.036,0.036,0.024,0.024,0.036,0.024,0.036,0.036,0.024,0.024,0.036,0.024,0.036,0.024,0.036,0.036,0.024,0.024,0.036,0.036,0.024,0.036,0.024,0.036,0.024,0.024,0.036,0.036,0.024,0.024,0.036,0.024,0.036,0.036,0.024,0.024,0.036,0.036,0.024,0.036,0.024,0.036,0.024,0.036,0.024,0.024,0.036
CLM,HG01496,0.40708,0.47709,0.11583,HG01494,HG01495,2,0.403864426499738,0.470667933083143,0.125467640417119,0.539,0.461,0,0.532,0.468,0,0.829,0.171,0.9,0.1,0.88417,1,2,0.40852,0.388007,0.493934,0.499638,0.097545,0.112355,0.902454,0.887645,0.4056497215176,0.384337766113552,0.494148336947572,0.496018373135775,0.100201941534828,0.119643860750673,0.00700000000000001,0.00700000000000001,0,0.0710000000000001,0.071,1,0.020513,0.00570400000000004,0.01481,0.014809,0.021311955404048,0.00187003618820303,0.019441919215845,0.5355,0.4645,0,0.8645,0.1355,1.5,0.3982635,0.496786,0.10495,0.8950495,0.394993743815576,0.495083355041674,0.10992290114275,0.1,0.171,0.171,0.1,0.1,0.171,0.171,0.1,0.1,0.171,0.171,0.1,0.171,0.1,0.1,0.171,0.1,0.171,0.171,0.1,0.171,0.1,0.171,0.1,0.1,0.171,0.1,0.171,0.171,0.1,0.171,0.1,0.171,0.1,0.1,0.171,0.171,0.1,0.171,0.1,0.171,0.1,0.171,0.1,0.171,0.1,0.171,0.1,0.1,0.171,0.171,0.1,0.1,0.171,0.1,0.171,0.171,0.1,0.1,0.171,0.171,0.1,0.1,0.171,0.171,0.1,0.171,0.1,0.1,0.171,0.1,0.171,0.1,0.171,0.171,0.1,0.1,0.171,0.171,0.1,0.1,0.171,0.1,0.171,0.1,0.171,0.171,0.1,0.171,0.1,0.171,0.1,0.171,0.1,0.171,0.1,0.171,0.1,0.1,0.171,0.171,0.1,0.171,0.1,0.1,0.171,0.171,0.1,0.171,0.1,0.171,0.1,0.171,0.1,0.171,0.1,0.1,0.171,0.171,0.1,0.171,0.1,0.1,0.171,0.171,0.1,0.1,0.171,0.171,0.1,0.1,0.171,0.1,0.171,0.1,0.171,0.171,0.1,0.171,0.1,0.171,0.1,0.1,0.171,0.1,0.171,0.1,0.171,0.1,0.171,0.171,0.1,0.1,0.171,0.171,0.1,0.171,0.1,0.171,0.1,0.1,0.171,0.171,0.1,0.171,0.1,0.1,0.171,0.171,0.1,0.1,0.171,0.1,0.171,0.171,0.1,0.1,0.171,0.1,0.171,0.171,0.1,0.1,0.171,0.171,0.1,0.1,0.171,0.171,0.1,0.1,0.171,0.171,0.1,0.171,0.1,0.171,0.1,0.1,0.171
CLM,HG01499,0.357608,0.605752,0.03664,HG01497,HG01498,1,0.344363497194996,0.605220751998356,0.0504157508066482,0.718,0.282,0,0.412,0.427,0.16,0.917,0.083,0.993,0.007,0.96336,1,2,0.36456,0.343606,0.599198,0.616389,0.036242,0.040005,0.963758,0.959995,0.360139505998103,0.334336404920277,0.596091525543611,0.615668418960147,0.0437689684582859,0.0499951761195766,0.306,0.145,0.16,0.076,0.076,1,0.020954,0.017191,0.003763,0.00376300000000007,0.025803101077826,0.019576893416536,0.0062262076612907,0.565,0.3545,0.08,0.955,0.045,1.5,0.354083,0.6077935,0.0381235,0.9618765,0.34723795545919,0.605879972251879,0.0468820722889313,0.007,0.083,0.007,0.083,0.083,0.007,0.007,0.083,0.083,0.007,0.083,0.007,0.083,0.007,0.083,0.007,0.083,0.007,0.083,0.007,0.083,0.007,0.083,0.007,0.083,0.007,0.007,0.083,0.007,0.083,0.083,0.007,0.007,0.083,0.007,0.083,0.083,0.007,0.083,0.007,0.083,0.007,0.007,0.083,0.007,0.083,0.083,0.007,0.083,0.007,0.083,0.007,0.007,0.083,0.007,0.083,0.083,0.007,0.007,0.083,0.007,0.083,0.007,0.083,0.083,0.007,0.007,0.083,0.083,0.007,0.083,0.007,0.007,0.083,0.083,0.007,0.083,0.007,0.083,0.007,0.083,0.007,0.007,0.083,0.083,0.007,0.007,0.083,0.083,0.007,0.007,0.083,0.083,0.007,0.007,0.083,0.007,0.083,0.007,0.083,0.083,0.007,0.007,0.083,0.007,0.083,0.083,0.007,0.007,0.083,0.083,0.007,0.083,0.007,0.007,0.083,0.083,0.007,0.083,0.007,0.083,0.007,0.083,0.007,0.007,0.083,0.007,0.083,0.007,0.083,0.083,0.007,0.007,0.083,0.007,0.083,0.083,0.007,0.007,0.083,0.083,0.007,0.083,0.007,0.083,0.007,0.083,0.007,0.007,0.083,0.007,0.083,0.083,0.007,0.007,0.083,0.007,0.083,0.083,0.007,0.083,0.007,0.083,0.007,0.083,0.007,0.007,0.083,0.083,0.007,0.007,0.083,0.083,0.007,0.083,0.007,0.007,0.083,0.083,0.007,0.007,0.083,0.083,0.007,0.007,0.083,0.007,0.083,0.083,0.007,0.007,0.083,0.083,0.007,0.083,0.007,0.083,0.007,0.083,0.007
CLM,HG01552,0.198719,0.582758,0.218523,HG01550,HG01551,1,0.20116885667311,0.582486115718221,0.216345027608669,0.534,0.466,0,0.489,0.511,0,0.59,0.41,0.969,0.031,0.781477,1,2,0.22324,0.229568,0.730427,0.392758,0.046333,0.377674,0.953667,0.622326,0.21366475940445,0.234476140734115,0.733857382728614,0.386024336881171,0.0524778578669366,0.379499522384714,0.045,0.045,0,0.379,0.379,1,0.006328,0.337669,0.331341,0.331341,0.020811381329665,0.347833045847443,0.327021664517777,0.5115,0.4885,0,0.7795,0.2205,1.5,0.226404,0.5615925,0.2120035,0.7879965,0.224070450069283,0.559940859804892,0.215988690125825,0.031,0.41,0.41,0.031,0.031,0.41,0.031,0.41,0.41,0.031,0.031,0.41,0.41,0.031,0.41,0.031,0.41,0.031,0.41,0.031,0.41,0.031,0.031,0.41,0.41,0.031,0.41,0.031,0.41,0.031,0.031,0.41,0.031,0.41,0.031,0.41,0.41,0.031,0.41,0.031,0.031,0.41,0.41,0.031,0.41,0.031,0.41,0.031,0.41,0.031,0.031,0.41,0.41,0.031,0.41,0.031,0.031,0.41,0.41,0.031,0.031,0.41,0.031,0.41,0.41,0.031,0.41,0.031,0.031,0.41,0.031,0.41,0.031,0.41,0.41,0.031,0.41,0.031,0.41,0.031,0.41,0.031,0.41,0.031,0.41,0.031,0.031,0.41,0.41,0.031,0.41,0.031,0.41,0.031,0.41,0.031,0.031,0.41,0.031,0.41,0.41,0.031,0.41,0.031,0.41,0.031,0.41,0.031,0.41,0.031,0.031,0.41,0.41,0.031,0.41,0.031,0.41,0.031,0.031,0.41,0.031,0.41,0.031,0.41,0.41,0.031,0.41,0.031,0.41,0.031,0.031,0.41,0.031,0.41,0.031,0.41,0.031,0.41,0.41,0.031,0.031,0.41,0.031,0.41,0.41,0.031,0.41,0.031,0.41,0.031,0.41,0.031,0.41,0.031,0.031,0.41,0.031,0.41,0.41,0.031,0.031,0.41,0.41,0.031,0.41,0.031,0.031,0.41,0.41,0.031,0.41,0.031,0.41,0.031,0.41,0.031,0.41,0.031,0.41,0.031,0.41,0.031,0.031,0.41,0.41,0.031,0.41,0.031,0.41,0.031,0.031,0.41,0.41,0.031,0.031,0.41,0.41,0.031,0.41,0.031
MXL,NA19650,0.130982,0.869008,1e-05,NA19649,NA19648,1,0.141292432907629,0.834782287748375,0.0239252793439958,0.93,0.018,0.051,0.763,0.02,0.217,0.975,0.025,0.977,0.023,0.99999,1,2,0.231714,0.061211,0.755744,0.938779,0.012542,1e-05,0.987458,0.99999,0.245546085635999,0.0546796401470648,0.721679147418881,0.934401770714436,0.03277476694512,0.0109185891384996,0.167,0.002,0.166,0.002,0.002,1,0.170503,0.183035,0.012532,0.0125320000000001,0.190866445488934,0.212722623295555,0.0218561778066204,0.8465,0.019,0.134,0.976,0.024,1.5,0.1464625,0.8472615,0.006276,0.993724,0.150112862891532,0.828040459066658,0.0218466780418098,0.025,0.023,0.025,0.023,0.025,0.023,0.025,0.023,0.025,0.023,0.025,0.023,0.023,0.025,0.025,0.023,0.023,0.025,0.023,0.025,0.023,0.025,0.025,0.023,0.023,0.025,0.025,0.023,0.025,0.023,0.023,0.025,0.025,0.023,0.023,0.025,0.023,0.025,0.023,0.025,0.025,0.023,0.023,0.025,0.023,0.025,0.023,0.025,0.023,0.025,0.025,0.023,0.025,0.023,0.025,0.023,0.023,0.025,0.023,0.025,0.023,0.025,0.025,0.023,0.025,0.023,0.023,0.025,0.025,0.023,0.025,0.023,0.023,0.025,0.025,0.023,0.025,0.023,0.023,0.025,0.025,0.023,0.023,0.025,0.023,0.025,0.025,0.023,0.025,0.023,0.025,0.023,0.023,0.025,0.025,0.023,0.023,0.025,0.023,0.025,0.023,0.025,0.025,0.023,0.025,0.023,0.025,0.023,0.025,0.023,0.023,0.025,0.023,0.025,0.023,0.025,0.023,0.025,0.025,0.023,0.025,0.023,0.023,0.025,0.025,0.023,0.023,0.025,0.025,0.023,0.025,0.023,0.025,0.023,0.023,0.025,0.023,0.025,0.025,0.023,0.023,0.025,0.023,0.025,0.023,0.025,0.023,0.025,0.023,0.025,0.023,0.025,0.025,0.023,0.025,0.023,0.023,0.025,0.025,0.023,0.023,0.025,0.025,0.023,0.025,0.023,0.025,0.023,0.023,0.025,0.025,0.023,0.025,0.023,0.023,0.025,0.023,0.025,0.023,0.025,0.023,0.025,0.025,0.023,0.025,0.023,0.023,0.025,0.023,0.025,0.023,0.025,0.025,0.023,0.025,0.023,0.023,0.025,0.023,0.025
MXL,NA19653,0.289683,0.688734,0.021583,NA19652,NA19651,2,0.287420243433706,0.678026420287983,0.0345533362783109,0.556,0.035,0.409,0.807,0.054,0.139,0.935,0.065,0.981,0.019,0.978417,1,2,0.270515,0.264998,0.700902,0.688161,0.028583,0.046842,0.971417,0.953159,0.273245904910517,0.249831712094491,0.689882049872,0.692289430403066,0.0368720452174835,0.0578788575024427,0.251,0.019,0.27,0.0459999999999999,0.046,1,0.00551699999999999,0.012741,0.018259,0.0182579999999999,0.023414192816026,0.00240738053106604,0.0210068122849592,0.6815,0.0445,0.274,0.958,0.042,1.5,0.2677565,0.6945315,0.0377125,0.962288,0.261538808502504,0.691085740137533,0.0473754513599631,0.065,0.019,0.019,0.065,0.019,0.065,0.019,0.065,0.065,0.019,0.019,0.065,0.065,0.019,0.065,0.019,0.019,0.065,0.019,0.065,0.065,0.019,0.065,0.019,0.019,0.065,0.019,0.065,0.065,0.019,0.019,0.065,0.065,0.019,0.019,0.065,0.019,0.065,0.065,0.019,0.019,0.065,0.019,0.065,0.019,0.065,0.065,0.019,0.019,0.065,0.065,0.019,0.065,0.019,0.019,0.065,0.065,0.019,0.065,0.019,0.065,0.019,0.065,0.019,0.019,0.065,0.019,0.065,0.019,0.065,0.019,0.065,0.065,0.019,0.065,0.019,0.019,0.065,0.019,0.065,0.065,0.019,0.019,0.065,0.019,0.065,0.065,0.019,0.065,0.019,0.019,0.065,0.065,0.019,0.019,0.065,0.019,0.065,0.019,0.065,0.019,0.065,0.065,0.019,0.065,0.019,0.065,0.019,0.065,0.019,0.065,0.019,0.065,0.019,0.065,0.019,0.065,0.019,0.065,0.019,0.065,0.019,0.065,0.019,0.065,0.019,0.019,0.065,0.019,0.065,0.065,0.019,0.019,0.065,0.019,0.065,0.065,0.019,0.065,0.019,0.065,0.019,0.019,0.065,0.019,0.065,0.019,0.065,0.065,0.019,0.065,0.019,0.019,0.065,0.065,0.019,0.019,0.065,0.065,0.019,0.065,0.019,0.019,0.065,0.065,0.019,0.065,0.019,0.065,0.019,0.019,0.065,0.065,0.019,0.019,0.065,0.065,0.019,0.065,0.019,0.019,0.065,0.019,0.065,0.065,0.019,0.065,0.019,0.019,0.065,0.065,0.019,0.019,0.065,0.065,0.019,0.065,0.019,0.065,0.019
MXL,NA19656,0.449646,0.504245,0.046109,NA19655,NA19654,2,0.447986117004864,0.495641751170956,0.05637213182418,0.276,0.031,0.692,0.732,0.075,0.193,0.959,0.041,0.929,0.071,0.953891,1,2,0.321887,0.543845,0.642354,0.400316,0.035758,0.055839,0.964241,0.944161,0.317470266820213,0.5362031855517,0.637809766117232,0.400335124759192,0.0447199670625547,0.0634616896891085,0.456,0.044,0.499,0.0299999999999999,0.03,1,0.221958,0.242038,0.020081,0.0200799999999999,0.218732918731487,0.23747464135804,0.0187417226265538,0.504,0.053,0.4425,0.944,0.056,1.5,0.432866,0.521335,0.0457985,0.954201,0.426836726185956,0.519072445438212,0.0540908283758316,0.041,0.071,0.041,0.071,0.071,0.041,0.041,0.071,0.041,0.071,0.041,0.071,0.071,0.041,0.041,0.071,0.071,0.041,0.041,0.071,0.071,0.041,0.041,0.071,0.041,0.071,0.041,0.071,0.041,0.071,0.041,0.071,0.041,0.071,0.041,0.071,0.041,0.071,0.071,0.041,0.041,0.071,0.071,0.041,0.041,0.071,0.071,0.041,0.041,0.071,0.071,0.041,0.041,0.071,0.071,0.041,0.041,0.071,0.041,0.071,0.041,0.071,0.041,0.071,0.071,0.041,0.041,0.071,0.071,0.041,0.041,0.071,0.071,0.041,0.071,0.041,0.041,0.071,0.071,0.041,0.071,0.041,0.041,0.071,0.071,0.041,0.041,0.071,0.041,0.071,0.041,0.071,0.041,0.071,0.041,0.071,0.071,0.041,0.041,0.071,0.041,0.071,0.071,0.041,0.041,0.071,0.041,0.071,0.071,0.041,0.041,0.071,0.041,0.071,0.041,0.071,0.071,0.041,0.041,0.071,0.041,0.071,0.071,0.041,0.071,0.041,0.041,0.071,0.071,0.041,0.071,0.041,0.041,0.071,0.071,0.041,0.071,0.041,0.041,0.071,0.041,0.071,0.041,0.071,0.071,0.041,0.071,0.041,0.071,0.041,0.071,0.041,0.041,0.071,0.071,0.041,0.041,0.071,0.071,0.041,0.041,0.071,0.041,0.071,0.041,0.071,0.041,0.071,0.041,0.071,0.071,0.041,0.041,0.071,0.071,0.041,0.071,0.041,0.041,0.071,0.071,0.041,0.071,0.041,0.041,0.071,0.041,0.071,0.041,0.071,0.071,0.041,0.041,0.071,0.041,0.071,0.071,0.041,0.071,0.041
MXL,NA19659,0.471228,0.498845,0.029928,NA19658,NA19657,2,0.450423867340765,0.506451801041839,0.0431243316173963,0.282,0.033,0.685,0.734,0.052,0.214,0.914,0.086,0.993,0.007,0.970073,1,2,0.330676,0.58629,0.658072,0.370109,0.011252,0.043601,0.988748,0.956399,0.303102855060637,0.577956577231011,0.675135480954499,0.365158966903676,0.0217616639848636,0.0568844558653128,0.452,0.019,0.471,0.079,0.079,1,0.255614,0.287963,0.032349,0.032349,0.274853722170374,0.309976514050823,0.0351227918804492,0.508,0.0425,0.4495,0.9535,0.0465,1.5,0.458483,0.5140905,0.0274265,0.9725735,0.440529716145824,0.520147223929088,0.0393230599250882,0.086,0.007,0.086,0.007,0.086,0.007,0.007,0.086,0.007,0.086,0.086,0.007,0.086,0.007,0.086,0.007,0.086,0.007,0.086,0.007,0.086,0.007,0.007,0.086,0.086,0.007,0.007,0.086,0.007,0.086,0.007,0.086,0.086,0.007,0.007,0.086,0.007,0.086,0.086,0.007,0.007,0.086,0.086,0.007,0.007,0.086,0.007,0.086,0.086,0.007,0.086,0.007,0.007,0.086,0.086,0.007,0.007,0.086,0.007,0.086,0.086,0.007,0.086,0.007,0.086,0.007,0.086,0.007,0.086,0.007,0.086,0.007,0.007,0.086,0.086,0.007,0.007,0.086,0.086,0.007,0.007,0.086,0.007,0.086,0.007,0.086,0.007,0.086,0.007,0.086,0.007,0.086,0.086,0.007,0.086,0.007,0.086,0.007,0.086,0.007,0.007,0.086,0.086,0.007,0.086,0.007,0.007,0.086,0.086,0.007,0.086,0.007,0.007,0.086,0.086,0.007,0.086,0.007,0.007,0.086,0.007,0.086,0.086,0.007,0.007,0.086,0.007,0.086,0.007,0.086,0.086,0.007,0.007,0.086,0.007,0.086,0.086,0.007,0.086,0.007,0.086,0.007,0.086,0.007,0.086,0.007,0.086,0.007,0.086,0.007,0.007,0.086,0.086,0.007,0.007,0.086,0.007,0.086,0.007,0.086,0.007,0.086,0.086,0.007,0.007,0.086,0.086,0.007,0.007,0.086,0.086,0.007,0.007,0.086,0.086,0.007,0.086,0.007,0.007,0.086,0.086,0.007,0.007,0.086,0.086,0.007,0.007,0.086,0.086,0.007,0.007,0.086,0.007,0.086,0.007,0.086,0.086,0.007,0.086,0.007
MXL,NA19662,0.458743,0.524474,0.016783,NA19661,NA19660,2,0.439031886517485,0.523272861051667,0.0376952524308472,0.745,0.033,0.222,0.328,0.042,0.631,0.941,0.059,0.982,0.018,0.983217,1,2,0.478265,0.47957,0.491899,0.498753,0.029836,0.021676,0.970164,0.978323,0.468241901384547,0.454548763766859,0.481344597832737,0.510447569769301,0.0504135007827157,0.0350036664638403,0.417,0.009,0.409,0.041,0.041,1,0.001305,0.00685400000000003,0.00816,0.00815900000000003,0.013693137617688,0.029102971936564,0.0154098343188754,0.5365,0.0375,0.4265,0.9615,0.0385,1.5,0.4789175,0.495326,0.025756,0.9742435,0.461395332575703,0.495896083801019,0.042708583623278,0.018,0.059,0.018,0.059,0.018,0.059,0.018,0.059,0.018,0.059,0.059,0.018,0.059,0.018,0.059,0.018,0.059,0.018,0.018,0.059,0.018,0.059,0.059,0.018,0.018,0.059,0.018,0.059,0.059,0.018,0.059,0.018,0.018,0.059,0.059,0.018,0.018,0.059,0.018,0.059,0.059,0.018,0.059,0.018,0.018,0.059,0.059,0.018,0.018,0.059,0.018,0.059,0.059,0.018,0.018,0.059,0.059,0.018,0.059,0.018,0.059,0.018,0.059,0.018,0.018,0.059,0.018,0.059,0.059,0.018,0.018,0.059,0.018,0.059,0.059,0.018,0.059,0.018,0.018,0.059,0.059,0.018,0.059,0.018,0.018,0.059,0.018,0.059,0.018,0.059,0.059,0.018,0.059,0.018,0.059,0.018,0.018,0.059,0.059,0.018,0.018,0.059,0.018,0.059,0.018,0.059,0.018,0.059,0.059,0.018,0.059,0.018,0.059,0.018,0.059,0.018,0.018,0.059,0.059,0.018,0.018,0.059,0.059,0.018,0.059,0.018,0.059,0.018,0.059,0.018,0.018,0.059,0.018,0.059,0.059,0.018,0.018,0.059,0.059,0.018,0.018,0.059,0.059,0.018,0.059,0.018,0.018,0.059,0.059,0.018,0.059,0.018,0.018,0.059,0.059,0.018,0.059,0.018,0.018,0.059,0.059,0.018,0.059,0.018,0.059,0.018,0.018,0.059,0.059,0.018,0.018,0.059,0.018,0.059,0.018,0.059,0.059,0.018,0.018,0.059,0.059,0.018,0.018,0.059,0.018,0.059,0.059,0.018,0.059,0.018,0.059,0.018,0.018,0.059,0.018,0.059,0.059,0.018,0.018,0.059
MXL,NA19665,0.588069,0.351749,0.060181,NA19664,NA19663,2,0.573860842823962,0.3528395625291,0.0732995946469384,0.541,0.091,0.368,0.163,0.076,0.761,0.879,0.121,0.969,0.031,0.939818,1,2,0.515209,0.601686,0.436161,0.343753,0.04863,0.054561,0.95137,0.945439,0.495634278207766,0.591595934470491,0.448964416374203,0.343930092565287,0.0554013054180307,0.0644739729642222,0.378,0.015,0.393,0.09,0.09,1,0.086477,0.092408,0.005931,0.00593100000000002,0.095961656262725,0.105034323808916,0.00907266754619151,0.352,0.0835,0.5645,0.924,0.076,1.5,0.5584475,0.389957,0.0515955,0.9484045,0.543615106339128,0.396447254469745,0.0599376391911264,0.031,0.121,0.121,0.031,0.031,0.121,0.031,0.121,0.121,0.031,0.121,0.031,0.031,0.121,0.031,0.121,0.031,0.121,0.031,0.121,0.031,0.121,0.031,0.121,0.121,0.031,0.031,0.121,0.031,0.121,0.031,0.121,0.121,0.031,0.121,0.031,0.031,0.121,0.031,0.121,0.121,0.031,0.121,0.031,0.121,0.031,0.121,0.031,0.031,0.121,0.031,0.121,0.031,0.121,0.031,0.121,0.031,0.121,0.121,0.031,0.031,0.121,0.031,0.121,0.121,0.031,0.121,0.031,0.031,0.121,0.031,0.121,0.031,0.121,0.121,0.031,0.121,0.031,0.031,0.121,0.031,0.121,0.121,0.031,0.121,0.031,0.121,0.031,0.121,0.031,0.031,0.121,0.031,0.121,0.031,0.121,0.031,0.121,0.031,0.121,0.031,0.121,0.121,0.031,0.121,0.031,0.031,0.121,0.121,0.031,0.121,0.031,0.121,0.031,0.121,0.031,0.121,0.031,0.031,0.121,0.031,0.121,0.031,0.121,0.121,0.031,0.031,0.121,0.121,0.031,0.031,0.121,0.121,0.031,0.121,0.031,0.121,0.031,0.031,0.121,0.031,0.121,0.031,0.121,0.031,0.121,0.121,0.031,0.031,0.121,0.031,0.121,0.031,0.121,0.121,0.031,0.121,0.031,0.121,0.031,0.031,0.121,0.121,0.031,0.031,0.121,0.031,0.121,0.121,0.031,0.031,0.121,0.121,0.031,0.121,0.031,0.121,0.031,0.031,0.121,0.121,0.031,0.121,0.031,0.031,0.121,0.121,0.031,0.031,0.121,0.121,0.031,0.031,0.121,0.121,0.031,0.121,0.031,0.031,0.121
MXL,NA19671,0.426146,0.542486,0.031368,NA19670,NA19669,2,0.409962554218795,0.547140427281795,0.0428970184994105,0.868,0.054,0.078,0.143,0.039,0.817,0.97,0.03,0.933,0.067,0.968632,1,2,0.472855,0.331234,0.484636,0.655011,0.042509,0.013754,0.957491,0.986245,0.457736897262254,0.320538376313492,0.491474688335122,0.65309206466501,0.0507884144026236,0.0263695590214978,0.725,0.015,0.739,0.0369999999999999,0.037,1,0.141621,0.170375,0.028755,0.0287539999999999,0.137198520948762,0.161617376329888,0.0244188553811258,0.5055,0.0465,0.4475,0.9515,0.0485,1.5,0.4020445,0.5698235,0.0281315,0.971868,0.389137636787873,0.572283376500066,0.0385789867120607,0.03,0.067,0.067,0.03,0.03,0.067,0.067,0.03,0.03,0.067,0.067,0.03,0.03,0.067,0.03,0.067,0.03,0.067,0.067,0.03,0.067,0.03,0.03,0.067,0.067,0.03,0.03,0.067,0.067,0.03,0.067,0.03,0.03,0.067,0.03,0.067,0.03,0.067,0.03,0.067,0.03,0.067,0.067,0.03,0.03,0.067,0.03,0.067,0.067,0.03,0.03,0.067,0.03,0.067,0.03,0.067,0.067,0.03,0.03,0.067,0.067,0.03,0.067,0.03,0.03,0.067,0.067,0.03,0.067,0.03,0.067,0.03,0.03,0.067,0.03,0.067,0.067,0.03,0.067,0.03,0.067,0.03,0.03,0.067,0.067,0.03,0.03,0.067,0.067,0.03,0.067,0.03,0.067,0.03,0.03,0.067,0.03,0.067,0.03,0.067,0.067,0.03,0.067,0.03,0.03,0.067,0.067,0.03,0.067,0.03,0.067,0.03,0.067,0.03,0.03,0.067,0.067,0.03,0.03,0.067,0.03,0.067,0.03,0.067,0.067,0.03,0.03,0.067,0.067,0.03,0.03,0.067,0.067,0.03,0.067,0.03,0.03,0.067,0.067,0.03,0.067,0.03,0.067,0.03,0.03,0.067,0.067,0.03,0.067,0.03,0.067,0.03,0.067,0.03,0.067,0.03,0.03,0.067,0.067,0.03,0.03,0.067,0.067,0.03,0.03,0.067,0.067,0.03,0.067,0.03,0.03,0.067,0.03,0.067,0.03,0.067,0.067,0.03,0.03,0.067,0.067,0.03,0.067,0.03,0.03,0.067,0.03,0.067,0.03,0.067,0.03,0.067,0.03,0.067,0.067,0.03,0.03,0.067,0.067,0.03
MXL,NA19675,0.109852,0.869638,0.02051,NA19679,NA19678,2,0.118724304984803,0.835094187881581,0.0461815071336161,0.832,0.082,0.086,0.936,0.039,0.025,0.974,0.026,0.935,0.065,0.97949,1,2,0.036458,0.203309,0.963532,0.743782,1e-05,0.052909,0.99999,0.947091,0.0380732810166408,0.206414057816014,0.937756192014952,0.722147576768442,0.0241705269684073,0.071438365415544,0.104,0.043,0.061,0.0389999999999999,0.039,1,0.166851,0.21975,0.052899,0.052899,0.168340776799373,0.21560861524651,0.0472678384471367,0.884,0.0605,0.0555,0.9545,0.0455,1.5,0.1198835,0.853657,0.0264595,0.9735405,0.122243669416327,0.829951884391697,0.0478044461919757,0.065,0.026,0.026,0.065,0.065,0.026,0.065,0.026,0.065,0.026,0.065,0.026,0.065,0.026,0.065,0.026,0.065,0.026,0.065,0.026,0.026,0.065,0.065,0.026,0.065,0.026,0.026,0.065,0.026,0.065,0.065,0.026,0.065,0.026,0.026,0.065,0.026,0.065,0.065,0.026,0.065,0.026,0.026,0.065,0.065,0.026,0.065,0.026,0.026,0.065,0.026,0.065,0.065,0.026,0.065,0.026,0.065,0.026,0.065,0.026,0.065,0.026,0.026,0.065,0.026,0.065,0.065,0.026,0.065,0.026,0.026,0.065,0.026,0.065,0.065,0.026,0.026,0.065,0.026,0.065,0.065,0.026,0.026,0.065,0.065,0.026,0.026,0.065,0.065,0.026,0.065,0.026,0.065,0.026,0.026,0.065,0.026,0.065,0.065,0.026,0.026,0.065,0.065,0.026,0.065,0.026,0.026,0.065,0.026,0.065,0.026,0.065,0.065,0.026,0.065,0.026,0.026,0.065,0.065,0.026,0.065,0.026,0.026,0.065,0.065,0.026,0.026,0.065,0.065,0.026,0.065,0.026,0.026,0.065,0.026,0.065,0.065,0.026,0.026,0.065,0.026,0.065,0.026,0.065,0.065,0.026,0.026,0.065,0.026,0.065,0.026,0.065,0.065,0.026,0.065,0.026,0.065,0.026,0.026,0.065,0.026,0.065,0.026,0.065,0.026,0.065,0.026,0.065,0.026,0.065,0.026,0.065,0.026,0.065,0.065,0.026,0.065,0.026,0.065,0.026,0.026,0.065,0.026,0.065,0.065,0.026,0.026,0.065,0.065,0.026,0.065,0.026,0.065,0.026,0.026,0.065,0.026,0.065,0.026,0.065
MXL,NA19677,0.20669,0.782527,0.010783,NA19676,NA19675,2,0.212319491456198,0.750106986857908,0.0375735216858937,0.727,0.029,0.244,0.791,0.033,0.177,0.91,0.09,0.991,0.009,0.989217,1,2,0.303352,0.109852,0.678238,0.869638,0.01841,0.02051,0.98159,0.97949,0.301396007554401,0.118724304984803,0.66734706352004,0.835094187881581,0.031256928925559,0.0461815071336161,0.0640000000000001,0.004,0.067,0.081,0.081,1,0.1935,0.1914,0.0021,0.00209999999999999,0.182671702569598,0.167747124361541,0.0149245782080571,0.759,0.031,0.2105,0.9505,0.0495,1.5,0.206602,0.773938,0.01946,0.98054,0.210060156269602,0.75122062570081,0.0387192180295876,0.09,0.009,0.09,0.009,0.009,0.09,0.09,0.009,0.09,0.009,0.009,0.09,0.09,0.009,0.009,0.09,0.009,0.09,0.009,0.09,0.009,0.09,0.09,0.009,0.009,0.09,0.09,0.009,0.009,0.09,0.009,0.09,0.09,0.009,0.09,0.009,0.09,0.009,0.09,0.009,0.09,0.009,0.009,0.09,0.09,0.009,0.09,0.009,0.009,0.09,0.09,0.009,0.09,0.009,0.09,0.009,0.09,0.009,0.009,0.09,0.09,0.009,0.009,0.09,0.09,0.009,0.009,0.09,0.09,0.009,0.09,0.009,0.09,0.009,0.09,0.009,0.009,0.09,0.009,0.09,0.09,0.009,0.09,0.009,0.009,0.09,0.009,0.09,0.009,0.09,0.09,0.009,0.09,0.009,0.09,0.009,0.009,0.09,0.09,0.009,0.09,0.009,0.009,0.09,0.009,0.09,0.09,0.009,0.009,0.09,0.009,0.09,0.009,0.09,0.009,0.09,0.009,0.09,0.09,0.009,0.09,0.009,0.09,0.009,0.09,0.009,0.009,0.09,0.09,0.009,0.009,0.09,0.09,0.009,0.09,0.009,0.09,0.009,0.009,0.09,0.009,0.09,0.009,0.09,0.009,0.09,0.09,0.009,0.09,0.009,0.09,0.009,0.009,0.09,0.009,0.09,0.009,0.09,0.009,0.09,0.009,0.09,0.009,0.09,0.09,0.009,0.09,0.009,0.09,0.009,0.009,0.09,0.09,0.009,0.009,0.09,0.009,0.09,0.009,0.09,0.09,0.009,0.09,0.009,0.009,0.09,0.09,0.009,0.009,0.09,0.009,0.09,0.09,0.009,0.09,0.009,0.009,0.09,0.09,0.009
MXL,NA19680,0.128729,0.846305,0.024966,NA19679,NA19678,2,0.141691913798342,0.810624227585831,0.0476838586158272,0.744,0.156,0.099,0.888,0.083,0.029,0.978,0.022,0.938,0.062,0.975034,1,2,0.036458,0.203309,0.963532,0.743782,1e-05,0.052909,0.99999,0.947091,0.0380732810166408,0.206414057816014,0.937756192014952,0.722147576768442,0.0241705269684073,0.071438365415544,0.144,0.073,0.07,0.04,0.04,1,0.166851,0.21975,0.052899,0.052899,0.168340776799373,0.21560861524651,0.0472678384471367,0.816,0.1195,0.064,0.958,0.042,1.5,0.1198835,0.853657,0.0264595,0.9735405,0.122243669416327,0.829951884391697,0.0478044461919757,0.022,0.062,0.022,0.062,0.062,0.022,0.062,0.022,0.062,0.022,0.062,0.022,0.062,0.022,0.062,0.022,0.022,0.062,0.062,0.022,0.022,0.062,0.062,0.022,0.062,0.022,0.022,0.062,0.022,0.062,0.022,0.062,0.062,0.022,0.022,0.062,0.062,0.022,0.022,0.062,0.022,0.062,0.062,0.022,0.062,0.022,0.062,0.022,0.022,0.062,0.062,0.022,0.022,0.062,0.022,0.062,0.062,0.022,0.022,0.062,0.022,0.062,0.022,0.062,0.022,0.062,0.022,0.062,0.062,0.022,0.062,0.022,0.062,0.022,0.062,0.022,0.022,0.062,0.062,0.022,0.062,0.022,0.062,0.022,0.062,0.022,0.062,0.022,0.062,0.022,0.062,0.022,0.062,0.022,0.022,0.062,0.062,0.022,0.022,0.062,0.022,0.062,0.062,0.022,0.022,0.062,0.022,0.062,0.062,0.022,0.062,0.022,0.062,0.022,0.022,0.062,0.062,0.022,0.022,0.062,0.062,0.022,0.062,0.022,0.062,0.022,0.062,0.022,0.062,0.022,0.062,0.022,0.022,0.062,0.022,0.062,0.062,0.022,0.022,0.062,0.062,0.022,0.062,0.022,0.062,0.022,0.022,0.062,0.062,0.022,0.022,0.062,0.022,0.062,0.022,0.062,0.022,0.062,0.022,0.062,0.062,0.022,0.062,0.022,0.062,0.022,0.062,0.022,0.062,0.022,0.022,0.062,0.022,0.062,0.022,0.062,0.022,0.062,0.022,0.062,0.022,0.062,0.062,0.022,0.062,0.022,0.022,0.062,0.022,0.062,0.022,0.062,0.062,0.022,0.062,0.022,0.062,0.022,0.062,0.022
MXL,NA19683,0.516044,0.452699,0.031257,NA19682,NA19681,2,0.494935149845819,0.462025957499358,0.0430388926548229,0.277,0.025,0.698,0.611,0.085,0.304,0.927,0.073,0.983,0.017,0.968743,1,2,0.494128,0.570383,0.499191,0.383118,0.006681,0.046499,0.993319,0.953501,0.474371512171861,0.557194230936359,0.504870757642712,0.387076827763543,0.0207577301854266,0.0557289413000983,0.334,0.06,0.394,0.0559999999999999,0.056,1,0.076255,0.116073,0.039818,0.0398180000000001,0.082822718764498,0.117793929879169,0.0349712111146717,0.444,0.055,0.501,0.955,0.045,1.5,0.5322555,0.4411545,0.02659,0.97341,0.51578287155411,0.445973792703128,0.0382433357427625,0.073,0.017,0.017,0.073,0.017,0.073,0.017,0.073,0.017,0.073,0.073,0.017,0.017,0.073,0.017,0.073,0.073,0.017,0.017,0.073,0.073,0.017,0.073,0.017,0.073,0.017,0.017,0.073,0.073,0.017,0.017,0.073,0.073,0.017,0.017,0.073,0.073,0.017,0.017,0.073,0.017,0.073,0.017,0.073,0.017,0.073,0.017,0.073,0.073,0.017,0.017,0.073,0.073,0.017,0.073,0.017,0.017,0.073,0.017,0.073,0.017,0.073,0.073,0.017,0.017,0.073,0.017,0.073,0.017,0.073,0.073,0.017,0.073,0.017,0.073,0.017,0.073,0.017,0.017,0.073,0.073,0.017,0.073,0.017,0.073,0.017,0.073,0.017,0.017,0.073,0.017,0.073,0.017,0.073,0.073,0.017,0.073,0.017,0.017,0.073,0.073,0.017,0.017,0.073,0.017,0.073,0.017,0.073,0.017,0.073,0.017,0.073,0.073,0.017,0.073,0.017,0.017,0.073,0.073,0.017,0.017,0.073,0.017,0.073,0.017,0.073,0.073,0.017,0.073,0.017,0.017,0.073,0.073,0.017,0.017,0.073,0.017,0.073,0.073,0.017,0.073,0.017,0.017,0.073,0.017,0.073,0.073,0.017,0.017,0.073,0.017,0.073,0.017,0.073,0.073,0.017,0.017,0.073,0.073,0.017,0.017,0.073,0.073,0.017,0.017,0.073,0.017,0.073,0.073,0.017,0.073,0.017,0.017,0.073,0.017,0.073,0.017,0.073,0.073,0.017,0.073,0.017,0.017,0.073,0.073,0.017,0.017,0.073,0.073,0.017,0.073,0.017,0.017,0.073,0.073,0.017,0.073,0.017,0.073,0.017
MXL,NA19685,0.446956,0.528805,0.024238,NA19661,NA19660,1,0.432436256611943,0.519714347093759,0.0478493962942986,0.294,0.213,0.493,0.633,0.341,0.026,0.952,0.048,0.942,0.058,0.975761,1,2,0.478265,0.47957,0.491899,0.498753,0.029836,0.021676,0.970164,0.978323,0.468241901384547,0.454548763766859,0.481344597832737,0.510447569769301,0.0504135007827157,0.0350036664638403,0.339,0.128,0.467,0.01,0.01,1,0.001305,0.00685400000000003,0.00816,0.00815900000000003,0.013693137617688,0.029102971936564,0.0154098343188754,0.4635,0.277,0.2595,0.947,0.053,1.5,0.4789175,0.495326,0.025756,0.9742435,0.461395332575703,0.495896083801019,0.042708583623278,0.058,0.048,0.048,0.058,0.048,0.058,0.058,0.048,0.048,0.058,0.058,0.048,0.058,0.048,0.058,0.048,0.048,0.058,0.048,0.058,0.048,0.058,0.058,0.048,0.048,0.058,0.058,0.048,0.048,0.058,0.048,0.058,0.058,0.048,0.058,0.048,0.058,0.048,0.058,0.048,0.058,0.048,0.048,0.058,0.058,0.048,0.048,0.058,0.058,0.048,0.048,0.058,0.048,0.058,0.048,0.058,0.048,0.058,0.048,0.058,0.058,0.048,0.048,0.058,0.048,0.058,0.058,0.048,0.048,0.058,0.058,0.048,0.058,0.048,0.058,0.048,0.058,0.048,0.058,0.048,0.058,0.048,0.048,0.058,0.048,0.058,0.058,0.048,0.048,0.058,0.058,0.048,0.058,0.048,0.048,0.058,0.048,0.058,0.048,0.058,0.058,0.048,0.058,0.048,0.048,0.058,0.048,0.058,0.058,0.048,0.048,0.058,0.048,0.058,0.048,0.058,0.058,0.048,0.048,0.058,0.048,0.058,0.048,0.058,0.048,0.058,0.048,0.058,0.048,0.058,0.048,0.058,0.058,0.048,0.058,0.048,0.058,0.048,0.058,0.048,0.058,0.048,0.058,0.048,0.048,0.058,0.058,0.048,0.048,0.058,0.048,0.058,0.058,0.048,0.048,0.058,0.048,0.058,0.058,0.048,0.058,0.048,0.048,0.058,0.058,0.048,0.058,0.048,0.058,0.048,0.058,0.048,0.048,0.058,0.048,0.058,0.048,0.058,0.058,0.048,0.058,0.048,0.048,0.058,0.048,0.058,0.058,0.048,0.048,0.058,0.058,0.048,0.048,0.058,0.058,0.048,0.058,0.048,0.058,0.048
MXL,NA19686,0.383079,0.614957,0.001964,NA19685,NA19684,2,0.368309147621967,0.605047727650063,0.0266431247279705,0.548,0.452,0,0.493,0.507,0,0.937,0.063,0.892,0.108,0.998036,1,2,0.446956,0.297968,0.528805,0.702022,0.024238,1e-05,0.975761,0.99999,0.432436256611943,0.276309284369307,0.519714347093759,0.709054743043828,0.0478493962942986,0.0146359725868647,0.055,0.055,0,0.045,0.045,1,0.148988,0.173217,0.024228,0.0242290000000001,0.156126972242636,0.189340395950069,0.0332134237074339,0.5205,0.4795,0,0.9145,0.0855,1.5,0.372462,0.6154135,0.012124,0.9878755,0.354372770490625,0.614384545068793,0.0312426844405817,0.108,0.063,0.063,0.108,0.063,0.108,0.063,0.108,0.063,0.108,0.063,0.108,0.108,0.063,0.108,0.063,0.063,0.108,0.063,0.108,0.063,0.108,0.063,0.108,0.063,0.108,0.063,0.108,0.108,0.063,0.063,0.108,0.063,0.108,0.108,0.063,0.108,0.063,0.063,0.108,0.108,0.063,0.108,0.063,0.108,0.063,0.063,0.108,0.063,0.108,0.108,0.063,0.108,0.063,0.063,0.108,0.108,0.063,0.063,0.108,0.108,0.063,0.108,0.063,0.063,0.108,0.063,0.108,0.108,0.063,0.108,0.063,0.108,0.063,0.108,0.063,0.063,0.108,0.063,0.108,0.108,0.063,0.063,0.108,0.063,0.108,0.108,0.063,0.108,0.063,0.063,0.108,0.063,0.108,0.108,0.063,0.108,0.063,0.063,0.108,0.063,0.108,0.108,0.063,0.108,0.063,0.108,0.063,0.063,0.108,0.063,0.108,0.063,0.108,0.108,0.063,0.063,0.108,0.108,0.063,0.063,0.108,0.063,0.108,0.108,0.063,0.063,0.108,0.108,0.063,0.108,0.063,0.063,0.108,0.108,0.063,0.108,0.063,0.063,0.108,0.108,0.063,0.063,0.108,0.063,0.108,0.063,0.108,0.063,0.108,0.063,0.108,0.108,0.063,0.108,0.063,0.063,0.108,0.063,0.108,0.108,0.063,0.063,0.108,0.063,0.108,0.108,0.063,0.108,0.063,0.063,0.108,0.108,0.063,0.108,0.063,0.108,0.063,0.063,0.108,0.108,0.063,0.108,0.063,0.108,0.063,0.108,0.063,0.063,0.108,0.063,0.108,0.063,0.108,0.108,0.063,0.108,0.063,0.063,0.108
MXL,NA19718,0.589898,0.377198,0.032904,NA19717,NA19716,2,0.557178738702746,0.395882550619098,0.0469387106781563,0.29,0.065,0.645,0.51,0.011,0.479,0.926,0.074,0.98,0.02,0.967096,1,2,0.590858,0.547742,0.377944,0.407039,0.031198,0.045219,0.968802,0.954781,0.569079967407065,0.530480219952029,0.388587754435857,0.41613791044917,0.0423322781570783,0.0533818695988006,0.22,0.054,0.166,0.0539999999999999,0.054,1,0.043116,0.029095,0.014021,0.0140210000000001,0.038599747455036,0.027550156013313,0.0110495914417223,0.4,0.038,0.562,0.953,0.047,1.5,0.5693,0.3924915,0.0382085,0.9617915,0.549780093679547,0.402362832442513,0.0478570738779395,0.074,0.02,0.02,0.074,0.074,0.02,0.074,0.02,0.074,0.02,0.02,0.074,0.074,0.02,0.02,0.074,0.074,0.02,0.02,0.074,0.074,0.02,0.074,0.02,0.02,0.074,0.074,0.02,0.02,0.074,0.074,0.02,0.02,0.074,0.02,0.074,0.074,0.02,0.074,0.02,0.074,0.02,0.074,0.02,0.02,0.074,0.02,0.074,0.02,0.074,0.074,0.02,0.02,0.074,0.02,0.074,0.02,0.074,0.02,0.074,0.02,0.074,0.074,0.02,0.074,0.02,0.02,0.074,0.02,0.074,0.074,0.02,0.074,0.02,0.02,0.074,0.074,0.02,0.074,0.02,0.02,0.074,0.074,0.02,0.074,0.02,0.074,0.02,0.02,0.074,0.02,0.074,0.074,0.02,0.074,0.02,0.02,0.074,0.074,0.02,0.02,0.074,0.074,0.02,0.074,0.02,0.074,0.02,0.02,0.074,0.074,0.02,0.074,0.02,0.074,0.02,0.02,0.074,0.074,0.02,0.02,0.074,0.074,0.02,0.074,0.02,0.02,0.074,0.074,0.02,0.02,0.074,0.074,0.02,0.074,0.02,0.02,0.074,0.02,0.074,0.074,0.02,0.02,0.074,0.02,0.074,0.074,0.02,0.02,0.074,0.02,0.074,0.02,0.074,0.074,0.02,0.074,0.02,0.02,0.074,0.02,0.074,0.074,0.02,0.02,0.074,0.02,0.074,0.02,0.074,0.02,0.074,0.074,0.02,0.074,0.02,0.02,0.074,0.02,0.074,0.02,0.074,0.02,0.074,0.074,0.02,0.02,0.074,0.02,0.074,0.02,0.074,0.02,0.074,0.02,0.074,0.02,0.074,0.074,0.02
MXL,NA19721,0.517112,0.445914,0.036974,NA19720,NA19719,2,0.496572612417045,0.460962991189107,0.0424643963938479,0.728,0.046,0.226,0.269,0.083,0.648,0.91,0.09,0.986,0.014,0.963026,1,2,0.652168,0.412701,0.301823,0.534829,0.046009,0.05247,0.953991,0.94753,0.638540123529703,0.399752428727455,0.307849830057615,0.544044512548144,0.053610046412682,0.0562030587244014,0.459,0.037,0.422,0.076,0.076,1,0.239467,0.233006,0.006461,0.00646100000000005,0.238787694802248,0.236194682490529,0.0025930123117194,0.4985,0.0645,0.437,0.948,0.052,1.5,0.5324345,0.418326,0.0492395,0.9507605,0.519146276128579,0.42594717130288,0.0549065525685417,0.014,0.09,0.09,0.014,0.014,0.09,0.014,0.09,0.014,0.09,0.014,0.09,0.09,0.014,0.014,0.09,0.09,0.014,0.014,0.09,0.09,0.014,0.09,0.014,0.09,0.014,0.09,0.014,0.09,0.014,0.09,0.014,0.09,0.014,0.014,0.09,0.014,0.09,0.014,0.09,0.014,0.09,0.09,0.014,0.014,0.09,0.09,0.014,0.09,0.014,0.09,0.014,0.014,0.09,0.014,0.09,0.014,0.09,0.09,0.014,0.014,0.09,0.09,0.014,0.09,0.014,0.09,0.014,0.014,0.09,0.09,0.014,0.09,0.014,0.014,0.09,0.09,0.014,0.014,0.09,0.014,0.09,0.09,0.014,0.014,0.09,0.09,0.014,0.014,0.09,0.014,0.09,0.014,0.09,0.014,0.09,0.014,0.09,0.014,0.09,0.014,0.09,0.09,0.014,0.09,0.014,0.09,0.014,0.09,0.014,0.014,0.09,0.014,0.09,0.014,0.09,0.014,0.09,0.09,0.014,0.09,0.014,0.014,0.09,0.014,0.09,0.09,0.014,0.09,0.014,0.014,0.09,0.014,0.09,0.09,0.014,0.014,0.09,0.014,0.09,0.09,0.014,0.014,0.09,0.014,0.09,0.014,0.09,0.09,0.014,0.014,0.09,0.09,0.014,0.014,0.09,0.09,0.014,0.09,0.014,0.014,0.09,0.014,0.09,0.09,0.014,0.014,0.09,0.014,0.09,0.09,0.014,0.09,0.014,0.014,0.09,0.014,0.09,0.09,0.014,0.09,0.014,0.09,0.014,0.09,0.014,0.09,0.014,0.014,0.09,0.014,0.09,0.014,0.09,0.014,0.09,0.014,0.09,0.09,0.014
MXL,NA19724,0.430022,0.521491,0.048487,NA19723,NA19722,1,0.420754214594235,0.520851405766464,0.058394379639301,0.375,0.044,0.581,0.692,0.088,0.221,0.9,0.1,0.967,0.033,0.951513,1,2,0.478196,0.470913,0.439381,0.486376,0.082424,0.042711,0.917577,0.957289,0.459809072111591,0.468050176382438,0.452014060362528,0.482883083026027,0.0881768675258807,0.0490667405915352,0.317,0.044,0.36,0.0669999999999999,0.067,1,0.00728299999999998,0.046995,0.039713,0.039712,0.00824110427084701,0.030869022663499,0.0391101269343455,0.5335,0.066,0.401,0.9335,0.0665,1.5,0.4745545,0.4628785,0.0625675,0.937433,0.463929624247015,0.467448571694278,0.0686218040587079,0.033,0.1,0.1,0.033,0.033,0.1,0.033,0.1,0.1,0.033,0.033,0.1,0.033,0.1,0.1,0.033,0.033,0.1,0.033,0.1,0.1,0.033,0.1,0.033,0.033,0.1,0.033,0.1,0.1,0.033,0.033,0.1,0.033,0.1,0.033,0.1,0.033,0.1,0.033,0.1,0.1,0.033,0.033,0.1,0.033,0.1,0.033,0.1,0.033,0.1,0.033,0.1,0.1,0.033,0.1,0.033,0.033,0.1,0.033,0.1,0.1,0.033,0.1,0.033,0.033,0.1,0.033,0.1,0.033,0.1,0.1,0.033,0.033,0.1,0.1,0.033,0.1,0.033,0.1,0.033,0.033,0.1,0.1,0.033,0.1,0.033,0.1,0.033,0.1,0.033,0.033,0.1,0.1,0.033,0.1,0.033,0.1,0.033,0.1,0.033,0.033,0.1,0.1,0.033,0.033,0.1,0.1,0.033,0.033,0.1,0.1,0.033,0.033,0.1,0.033,0.1,0.033,0.1,0.1,0.033,0.1,0.033,0.033,0.1,0.1,0.033,0.033,0.1,0.033,0.1,0.1,0.033,0.1,0.033,0.1,0.033,0.033,0.1,0.1,0.033,0.1,0.033,0.033,0.1,0.033,0.1,0.033,0.1,0.1,0.033,0.033,0.1,0.1,0.033,0.033,0.1,0.1,0.033,0.1,0.033,0.033,0.1,0.033,0.1,0.1,0.033,0.1,0.033,0.033,0.1,0.1,0.033,0.033,0.1,0.033,0.1,0.033,0.1,0.033,0.1,0.033,0.1,0.1,0.033,0.1,0.033,0.033,0.1,0.033,0.1,0.033,0.1,0.1,0.033,0.033,0.1,0.033,0.1,0.1,0.033
MXL,NA19727,0.47705,0.512867,0.010084,NA19726,NA19725,1,0.454179785653122,0.520987491450496,0.0248327228963815,0.298,0.031,0.671,0.739,0.037,0.224,0.979,0.021,0.96,0.04,0.989917,1,2,0.620984,0.340053,0.379006,0.636344,1e-05,0.023603,0.99999,0.976397,0.599802337640434,0.331089295520682,0.384411129710344,0.638037438633819,0.0157865326492222,0.0308732658454984,0.441,0.006,0.447,0.019,0.019,1,0.280931,0.257338,0.023593,0.023593,0.268713042119752,0.253626308923475,0.0150867331962762,0.5185,0.034,0.4475,0.9695,0.0305,1.5,0.4805185,0.507675,0.0118065,0.9881935,0.465445816580558,0.511224284172082,0.0233298992473603,0.04,0.021,0.04,0.021,0.021,0.04,0.021,0.04,0.021,0.04,0.04,0.021,0.021,0.04,0.04,0.021,0.04,0.021,0.04,0.021,0.021,0.04,0.021,0.04,0.021,0.04,0.021,0.04,0.021,0.04,0.04,0.021,0.021,0.04,0.04,0.021,0.04,0.021,0.04,0.021,0.021,0.04,0.021,0.04,0.04,0.021,0.021,0.04,0.04,0.021,0.04,0.021,0.04,0.021,0.04,0.021,0.021,0.04,0.04,0.021,0.04,0.021,0.021,0.04,0.04,0.021,0.021,0.04,0.04,0.021,0.04,0.021,0.04,0.021,0.04,0.021,0.04,0.021,0.021,0.04,0.04,0.021,0.021,0.04,0.04,0.021,0.021,0.04,0.04,0.021,0.04,0.021,0.04,0.021,0.021,0.04,0.04,0.021,0.04,0.021,0.021,0.04,0.04,0.021,0.021,0.04,0.021,0.04,0.04,0.021,0.04,0.021,0.04,0.021,0.04,0.021,0.04,0.021,0.021,0.04,0.04,0.021,0.04,0.021,0.04,0.021,0.04,0.021,0.021,0.04,0.04,0.021,0.021,0.04,0.04,0.021,0.021,0.04,0.04,0.021,0.04,0.021,0.021,0.04,0.04,0.021,0.021,0.04,0.04,0.021,0.04,0.021,0.021,0.04,0.04,0.021,0.021,0.04,0.04,0.021,0.021,0.04,0.021,0.04,0.04,0.021,0.04,0.021,0.021,0.04,0.04,0.021,0.021,0.04,0.021,0.04,0.04,0.021,0.04,0.021,0.04,0.021,0.021,0.04,0.021,0.04,0.021,0.04,0.04,0.021,0.021,0.04,0.021,0.04,0.021,0.04,0.04,0.021,0.04,0.021
MXL,NA19730,0.964031,0.035959,1e-05,NA19729,NA19728,2,0.892559098477101,0.0967710584044081,0.0106698431184911,0.086,0.016,0.898,0.105,0.01,0.885,0.479,0.521,1,0,0.99999,1,2,0.927376,0.959578,0.072614,0.040412,1e-05,1e-05,0.99999,0.99999,0.876015828486873,0.909083038376438,0.111513315250726,0.0831781808919073,0.0124708562624004,0.00773878073165461,0.019,0.006,0.013,0.521,0.521,1,0.0322020000000001,0.032202,0,1.11022302462516e-16,0.033067209889565,0.0283351343588187,0.00473207553074579,0.0955,0.013,0.8915,0.7395,0.2605,1.5,0.943477,0.056513,1e-05,0.99999,0.892549433431655,0.0973457480713167,0.0101048184970275,0,0.521,0,0.521,0,0.521,0.521,0,0.521,0,0.521,0,0,0.521,0,0.521,0,0.521,0,0.521,0.521,0,0,0.521,0,0.521,0,0.521,0,0.521,0.521,0,0.521,0,0,0.521,0,0.521,0,0.521,0,0.521,0.521,0,0.521,0,0.521,0,0,0.521,0.521,0,0,0.521,0.521,0,0.521,0,0.521,0,0,0.521,0.521,0,0,0.521,0,0.521,0.521,0,0.521,0,0,0.521,0,0.521,0,0.521,0.521,0,0.521,0,0.521,0,0.521,0,0,0.521,0.521,0,0.521,0,0.521,0,0.521,0,0,0.521,0.521,0,0.521,0,0,0.521,0,0.521,0.521,0,0.521,0,0,0.521,0,0.521,0.521,0,0.521,0,0,0.521,0.521,0,0.521,0,0.521,0,0,0.521,0,0.521,0.521,0,0,0.521,0.521,0,0.521,0,0,0.521,0,0.521,0.521,0,0,0.521,0,0.521,0.521,0,0,0.521,0,0.521,0.521,0,0.521,0,0.521,0,0,0.521,0.521,0,0,0.521,0,0.521,0.521,0,0,0.521,0,0.521,0,0.521,0.521,0,0,0.521,0.521,0,0,0.521,0,0.521,0.521,0,0.521,0,0.521,0,0.521,0,0,0.521,0,0.521,0,0.521
MXL,NA19733,0.999973,1.7e-05,1e-05,NA19732,NA19731,2,0.926614265038092,0.0667250136796827,0.00666072128222575,0.043,0,0.957,0.132,0.013,0.855,0.988,0.012,0.988,0.012,0.99999,1,2,0.99998,0.99998,1e-05,1e-05,1e-05,1e-05,0.99999,0.99999,0.928385951505351,0.933155512719625,0.0639801582180658,0.0589044924622938,0.00763389027658324,0.00793999481808096,0.089,0.013,0.102,0,0,1,0,0,0,0,0.00476956121427408,0.00507566575577199,0.00030610454149772,0.0875,0.0065,0.906,0.988,0.012,1.5,0.99998,1e-05,1e-05,0.99999,0.930770732112488,0.0614423253401798,0.0077869425473321,0.012,0.012,0.012,0.012,0.012,0.012,0.012,0.012,0.012,0.012,0.012,0.012,0.012,0.012,0.012,0.012,0.012,0.012,0.012,0.012,0.012,0.012,0.012,0.012,0.012,0.012,0.012,0.012,0.012,0.012,0.012,0.012,0.012,0.012,0.012,0.012,0.012,0.012,0.012,0.012,0.012,0.012,0.012,0.012,0.012,0.012,0.012,0.012,0.012,0.012,0.012,0.012,0.012,0.012,0.012,0.012,0.012,0.012,0.012,0.012,0.012,0.012,0.012,0.012,0.012,0.012,0.012,0.012,0.012,0.012,0.012,0.012,0.012,0.012,0.012,0.012,0.012,0.012,0.012,0.012,0.012,0.012,0.012,0.012,0.012,0.012,0.012,0.012,0.012,0.012,0.012,0.012,0.012,0.012,0.012,0.012,0.012,0.012,0.012,0.012,0.012,0.012,0.012,0.012,0.012,0.012,0.012,0.012,0.012,0.012,0.012,0.012,0.012,0.012,0.012,0.012,0.012,0.012,0.012,0.012,0.012,0.012,0.012,0.012,0.012,0.012,0.012,0.012,0.012,0.012,0.012,0.012,0.012,0.012,0.012,0.012,0.012,0.012,0.012,0.012,0.012,0.012,0.012,0.012,0.012,0.012,0.012,0.012,0.012,0.012,0.012,0.012,0.012,0.012,0.012,0.012,0.012,0.012,0.012,0.012,0.012,0.012,0.012,0.012,0.012,0.012,0.012,0.012,0.012,0.012,0.012,0.012,0.012,0.012,0.012,0.012,0.012,0.012,0.012,0.012,0.012,0.012,0.012,0.012,0.012,0.012,0.012,0.012,0.012,0.012,0.012,0.012,0.012,0.012,0.012,0.012,0.012,0.012,0.012,0.012
MXL,NA19748,0.637406,0.345064,0.01753,NA19747,NA19746,2,0.620817723869439,0.34193767269797,0.0372446034325912,0.533,0.467,0,0.491,0.509,0,0.938,0.062,0.987,0.013,0.98247,1,2,0.530909,0.687384,0.450727,0.289093,0.018364,0.023523,0.981636,0.976477,0.519983982912703,0.660327988188821,0.449707310549769,0.300438729354067,0.0303087065375284,0.0392332824571118,0.042,0.042,0,0.049,0.049,1,0.156475,0.161634,0.005159,0.00515899999999991,0.140344005276118,0.149268581195702,0.0089245759195834,0.512,0.488,0,0.9625,0.0375,1.5,0.6091465,0.36991,0.0209435,0.9790565,0.590155985550762,0.375073019951918,0.0347709944973201,0.062,0.013,0.062,0.013,0.062,0.013,0.013,0.062,0.062,0.013,0.013,0.062,0.062,0.013,0.062,0.013,0.013,0.062,0.013,0.062,0.013,0.062,0.062,0.013,0.013,0.062,0.013,0.062,0.013,0.062,0.062,0.013,0.013,0.062,0.013,0.062,0.013,0.062,0.013,0.062,0.062,0.013,0.013,0.062,0.062,0.013,0.013,0.062,0.062,0.013,0.013,0.062,0.062,0.013,0.062,0.013,0.013,0.062,0.013,0.062,0.062,0.013,0.062,0.013,0.013,0.062,0.062,0.013,0.062,0.013,0.062,0.013,0.013,0.062,0.013,0.062,0.013,0.062,0.062,0.013,0.062,0.013,0.013,0.062,0.013,0.062,0.062,0.013,0.013,0.062,0.013,0.062,0.013,0.062,0.062,0.013,0.013,0.062,0.013,0.062,0.013,0.062,0.062,0.013,0.013,0.062,0.013,0.062,0.013,0.062,0.013,0.062,0.013,0.062,0.062,0.013,0.062,0.013,0.013,0.062,0.013,0.062,0.062,0.013,0.013,0.062,0.013,0.062,0.013,0.062,0.062,0.013,0.062,0.013,0.062,0.013,0.013,0.062,0.013,0.062,0.062,0.013,0.013,0.062,0.062,0.013,0.013,0.062,0.062,0.013,0.062,0.013,0.062,0.013,0.062,0.013,0.013,0.062,0.013,0.062,0.062,0.013,0.062,0.013,0.013,0.062,0.062,0.013,0.013,0.062,0.013,0.062,0.062,0.013,0.062,0.013,0.062,0.013,0.062,0.013,0.062,0.013,0.013,0.062,0.013,0.062,0.062,0.013,0.062,0.013,0.062,0.013,0.013,0.062,0.062,0.013,0.062,0.013,0.013,0.062
MXL,NA19751,0.324393,0.647076,0.028531,NA19750,NA19749,1,0.320950558624905,0.640389897219946,0.0386595441551482,0.756,0.045,0.2,0.446,0.05,0.504,0.967,0.033,0.95,0.05,0.971469,1,2,0.289456,0.374497,0.685776,0.586207,0.024768,0.039296,0.975232,0.960704,0.292242750879659,0.351880353829593,0.672082380046493,0.604776428522287,0.0356748690738487,0.0433432176481202,0.31,0.005,0.304,0.017,0.017,1,0.085041,0.099569,0.014528,0.0145280000000001,0.059637602949934,0.067305951524206,0.0076683485742715,0.601,0.0475,0.352,0.9585,0.0415,1.5,0.3319765,0.6359915,0.032032,0.967968,0.322061552354626,0.63842940428439,0.0395090433609845,0.05,0.033,0.033,0.05,0.033,0.05,0.05,0.033,0.05,0.033,0.05,0.033,0.05,0.033,0.033,0.05,0.05,0.033,0.033,0.05,0.033,0.05,0.033,0.05,0.05,0.033,0.033,0.05,0.033,0.05,0.033,0.05,0.05,0.033,0.05,0.033,0.05,0.033,0.033,0.05,0.033,0.05,0.05,0.033,0.033,0.05,0.033,0.05,0.033,0.05,0.033,0.05,0.033,0.05,0.05,0.033,0.033,0.05,0.033,0.05,0.033,0.05,0.033,0.05,0.033,0.05,0.033,0.05,0.033,0.05,0.033,0.05,0.033,0.05,0.05,0.033,0.033,0.05,0.033,0.05,0.033,0.05,0.05,0.033,0.05,0.033,0.05,0.033,0.05,0.033,0.033,0.05,0.05,0.033,0.033,0.05,0.033,0.05,0.05,0.033,0.05,0.033,0.05,0.033,0.05,0.033,0.033,0.05,0.033,0.05,0.033,0.05,0.033,0.05,0.05,0.033,0.033,0.05,0.05,0.033,0.033,0.05,0.033,0.05,0.033,0.05,0.033,0.05,0.05,0.033,0.05,0.033,0.033,0.05,0.05,0.033,0.05,0.033,0.05,0.033,0.05,0.033,0.05,0.033,0.033,0.05,0.05,0.033,0.033,0.05,0.05,0.033,0.05,0.033,0.05,0.033,0.05,0.033,0.033,0.05,0.033,0.05,0.05,0.033,0.05,0.033,0.05,0.033,0.033,0.05,0.05,0.033,0.05,0.033,0.033,0.05,0.033,0.05,0.05,0.033,0.05,0.033,0.033,0.05,0.033,0.05,0.033,0.05,0.033,0.05,0.05,0.033,0.033,0.05,0.033,0.05,0.033,0.05,0.033,0.05
MXL,NA19757,0.604096,0.339082,0.056822,NA19756,NA19755,1,0.59891435626104,0.337433154156475,0.0636524895824853,0.588,0.063,0.349,0.173,0.086,0.74,0.857,0.143,0.986,0.014,0.943178,1,2,0.485875,0.680928,0.457901,0.275771,0.056224,0.043301,0.943776,0.956699,0.470194373892626,0.678078285475725,0.467828150820693,0.271188811451815,0.0619774752866806,0.0507329030724594,0.415,0.023,0.391,0.129,0.129,1,0.195053,0.18213,0.012923,0.012923,0.207883911583099,0.196639339368878,0.0112445722142212,0.3805,0.0745,0.5445,0.9215,0.0785,1.5,0.5834015,0.366836,0.0497625,0.9502375,0.574136329684175,0.369508481136254,0.05635518917957,0.143,0.014,0.014,0.143,0.014,0.143,0.014,0.143,0.014,0.143,0.014,0.143,0.014,0.143,0.143,0.014,0.014,0.143,0.143,0.014,0.143,0.014,0.014,0.143,0.014,0.143,0.143,0.014,0.143,0.014,0.143,0.014,0.014,0.143,0.014,0.143,0.014,0.143,0.143,0.014,0.143,0.014,0.014,0.143,0.143,0.014,0.143,0.014,0.014,0.143,0.143,0.014,0.143,0.014,0.143,0.014,0.143,0.014,0.014,0.143,0.014,0.143,0.014,0.143,0.014,0.143,0.143,0.014,0.143,0.014,0.143,0.014,0.014,0.143,0.014,0.143,0.014,0.143,0.014,0.143,0.143,0.014,0.143,0.014,0.143,0.014,0.143,0.014,0.143,0.014,0.014,0.143,0.014,0.143,0.014,0.143,0.143,0.014,0.143,0.014,0.014,0.143,0.143,0.014,0.143,0.014,0.143,0.014,0.143,0.014,0.143,0.014,0.014,0.143,0.143,0.014,0.143,0.014,0.143,0.014,0.014,0.143,0.143,0.014,0.143,0.014,0.014,0.143,0.143,0.014,0.014,0.143,0.014,0.143,0.014,0.143,0.014,0.143,0.014,0.143,0.143,0.014,0.014,0.143,0.143,0.014,0.014,0.143,0.143,0.014,0.014,0.143,0.143,0.014,0.143,0.014,0.143,0.014,0.143,0.014,0.014,0.143,0.014,0.143,0.143,0.014,0.143,0.014,0.014,0.143,0.143,0.014,0.143,0.014,0.143,0.014,0.143,0.014,0.014,0.143,0.014,0.143,0.143,0.014,0.014,0.143,0.143,0.014,0.143,0.014,0.014,0.143,0.143,0.014,0.014,0.143,0.143,0.014,0.014,0.143
MXL,NA19760,0.778849,0.221141,1e-05,NA19759,NA19758,2,0.73530965586962,0.232084651531097,0.0326056925992838,0.112,0.031,0.857,0.373,0.021,0.607,0.966,0.034,0.985,0.015,0.99999,1,2,0.758886,0.774114,0.234831,0.225876,0.006283,1e-05,0.993717,0.99999,0.716123111165965,0.745141840177203,0.247164749826895,0.233793703669168,0.0367121390071393,0.0210644561536291,0.261,0.01,0.25,0.019,0.019,1,0.015228,0.00895500000000002,0.006273,0.00627299999999997,0.0290187290112379,0.013371046157727,0.0156476828535102,0.2425,0.026,0.732,0.9755,0.0245,1.5,0.7665,0.2303535,0.0031465,0.9968535,0.730632475671584,0.240479226748032,0.0288882975803842,0.015,0.034,0.015,0.034,0.034,0.015,0.034,0.015,0.015,0.034,0.034,0.015,0.034,0.015,0.015,0.034,0.015,0.034,0.034,0.015,0.034,0.015,0.034,0.015,0.034,0.015,0.015,0.034,0.034,0.015,0.015,0.034,0.015,0.034,0.015,0.034,0.034,0.015,0.015,0.034,0.015,0.034,0.034,0.015,0.034,0.015,0.015,0.034,0.015,0.034,0.015,0.034,0.015,0.034,0.015,0.034,0.034,0.015,0.015,0.034,0.015,0.034,0.034,0.015,0.034,0.015,0.034,0.015,0.034,0.015,0.034,0.015,0.034,0.015,0.015,0.034,0.015,0.034,0.034,0.015,0.034,0.015,0.015,0.034,0.034,0.015,0.015,0.034,0.015,0.034,0.015,0.034,0.034,0.015,0.015,0.034,0.015,0.034,0.034,0.015,0.015,0.034,0.034,0.015,0.034,0.015,0.015,0.034,0.034,0.015,0.015,0.034,0.015,0.034,0.034,0.015,0.034,0.015,0.015,0.034,0.034,0.015,0.034,0.015,0.015,0.034,0.015,0.034,0.015,0.034,0.015,0.034,0.034,0.015,0.015,0.034,0.034,0.015,0.015,0.034,0.015,0.034,0.015,0.034,0.015,0.034,0.034,0.015,0.034,0.015,0.015,0.034,0.015,0.034,0.034,0.015,0.015,0.034,0.015,0.034,0.015,0.034,0.015,0.034,0.015,0.034,0.015,0.034,0.015,0.034,0.034,0.015,0.034,0.015,0.015,0.034,0.015,0.034,0.015,0.034,0.034,0.015,0.034,0.015,0.034,0.015,0.015,0.034,0.034,0.015,0.034,0.015,0.034,0.015,0.034,0.015,0.034,0.015,0.015,0.034
MXL,NA19763,0.6047,0.351885,0.043415,NA19762,NA19761,2,0.603104804927105,0.34595602550663,0.0509391695662652,0.55,0.45,0,0.568,0.432,0,0.907,0.093,0.984,0.016,0.956585,1,2,0.613434,0.561008,0.330618,0.392737,0.055948,0.046255,0.944052,0.953745,0.603181281709699,0.544761274938637,0.337720220006543,0.402732424862626,0.0590984982837579,0.0525063001987371,0.0179999999999999,0.018,0,0.077,0.077,1,0.0524260000000001,0.062119,0.009693,0.00969299999999984,0.058420006771062,0.065012204856083,0.0065921980850208,0.559,0.441,0,0.9455,0.0545,1.5,0.587221,0.3616775,0.0511015,0.9488985,0.573971278324168,0.370226322434585,0.0558023992412475,0.093,0.016,0.016,0.093,0.016,0.093,0.093,0.016,0.093,0.016,0.016,0.093,0.016,0.093,0.093,0.016,0.016,0.093,0.093,0.016,0.093,0.016,0.093,0.016,0.093,0.016,0.093,0.016,0.093,0.016,0.016,0.093,0.016,0.093,0.093,0.016,0.016,0.093,0.016,0.093,0.093,0.016,0.016,0.093,0.093,0.016,0.093,0.016,0.093,0.016,0.016,0.093,0.093,0.016,0.016,0.093,0.093,0.016,0.016,0.093,0.093,0.016,0.016,0.093,0.093,0.016,0.016,0.093,0.016,0.093,0.093,0.016,0.093,0.016,0.093,0.016,0.093,0.016,0.093,0.016,0.016,0.093,0.093,0.016,0.093,0.016,0.016,0.093,0.016,0.093,0.016,0.093,0.016,0.093,0.093,0.016,0.016,0.093,0.016,0.093,0.016,0.093,0.016,0.093,0.093,0.016,0.093,0.016,0.016,0.093,0.016,0.093,0.093,0.016,0.093,0.016,0.093,0.016,0.093,0.016,0.016,0.093,0.016,0.093,0.016,0.093,0.016,0.093,0.093,0.016,0.016,0.093,0.093,0.016,0.016,0.093,0.016,0.093,0.016,0.093,0.093,0.016,0.093,0.016,0.093,0.016,0.016,0.093,0.093,0.016,0.016,0.093,0.016,0.093,0.016,0.093,0.016,0.093,0.093,0.016,0.016,0.093,0.016,0.093,0.016,0.093,0.093,0.016,0.016,0.093,0.093,0.016,0.016,0.093,0.093,0.016,0.016,0.093,0.093,0.016,0.093,0.016,0.093,0.016,0.093,0.016,0.016,0.093,0.016,0.093,0.093,0.016,0.016,0.093,0.016,0.093,0.093,0.016,0.016,0.093
MXL,NA19772,0.427884,0.530039,0.042077,NA19771,NA19770,1,0.420378768373726,0.530748801428272,0.0488724301980024,0.54,0.031,0.429,0.566,0.147,0.287,0.954,0.046,0.922,0.078,0.957923,1,2,0.50602,0.404978,0.453913,0.549564,0.040067,0.045458,0.959933,0.954542,0.48515618661461,0.39683339969646,0.468285793405995,0.550284820062731,0.0465580199793951,0.052881780240809,0.0259999999999999,0.116,0.142,0.0319999999999999,0.032,1,0.101042,0.095651,0.005391,0.00539100000000003,0.08832278691815,0.081999026656736,0.0063237602614139,0.553,0.089,0.358,0.938,0.062,1.5,0.455499,0.5017385,0.0427625,0.9572375,0.440994793155535,0.509285306734363,0.049719900110102,0.078,0.046,0.078,0.046,0.078,0.046,0.046,0.078,0.078,0.046,0.046,0.078,0.046,0.078,0.046,0.078,0.078,0.046,0.078,0.046,0.046,0.078,0.078,0.046,0.046,0.078,0.046,0.078,0.046,0.078,0.046,0.078,0.078,0.046,0.078,0.046,0.046,0.078,0.078,0.046,0.078,0.046,0.078,0.046,0.078,0.046,0.046,0.078,0.078,0.046,0.046,0.078,0.078,0.046,0.046,0.078,0.046,0.078,0.046,0.078,0.046,0.078,0.078,0.046,0.078,0.046,0.078,0.046,0.078,0.046,0.078,0.046,0.046,0.078,0.078,0.046,0.078,0.046,0.078,0.046,0.078,0.046,0.078,0.046,0.078,0.046,0.078,0.046,0.078,0.046,0.046,0.078,0.046,0.078,0.046,0.078,0.078,0.046,0.046,0.078,0.046,0.078,0.078,0.046,0.078,0.046,0.078,0.046,0.046,0.078,0.046,0.078,0.046,0.078,0.046,0.078,0.046,0.078,0.078,0.046,0.078,0.046,0.046,0.078,0.046,0.078,0.046,0.078,0.078,0.046,0.078,0.046,0.046,0.078,0.078,0.046,0.078,0.046,0.078,0.046,0.078,0.046,0.078,0.046,0.078,0.046,0.078,0.046,0.078,0.046,0.078,0.046,0.078,0.046,0.078,0.046,0.046,0.078,0.078,0.046,0.046,0.078,0.046,0.078,0.078,0.046,0.078,0.046,0.046,0.078,0.078,0.046,0.078,0.046,0.046,0.078,0.046,0.078,0.046,0.078,0.046,0.078,0.078,0.046,0.078,0.046,0.078,0.046,0.046,0.078,0.046,0.078,0.078,0.046,0.078,0.046,0.046,0.078,0.078,0.046
MXL,NA19775,0.430815,0.539453,0.029732,NA19774,NA19773,2,0.4233640988813,0.536835355764734,0.0398005453539652,0.743,0.088,0.169,0.374,0.042,0.585,0.965,0.035,0.948,0.052,0.970268,1,2,0.470182,0.381191,0.477868,0.599024,0.05195,0.019785,0.94805,0.980215,0.465714123568122,0.357836304423242,0.477895899639408,0.610145538874772,0.0563899767924699,0.0320181567019854,0.369,0.046,0.416,0.017,0.017,1,0.088991,0.121156,0.032165,0.032165,0.10787781914488,0.132249639235364,0.0243718200904845,0.5585,0.065,0.377,0.9565,0.0435,1.5,0.4256865,0.538446,0.0358675,0.9641325,0.411775213995682,0.54402071925709,0.0442040667472276,0.035,0.052,0.052,0.035,0.035,0.052,0.035,0.052,0.035,0.052,0.035,0.052,0.052,0.035,0.052,0.035,0.052,0.035,0.052,0.035,0.052,0.035,0.035,0.052,0.035,0.052,0.052,0.035,0.035,0.052,0.035,0.052,0.035,0.052,0.052,0.035,0.035,0.052,0.052,0.035,0.035,0.052,0.052,0.035,0.035,0.052,0.052,0.035,0.052,0.035,0.052,0.035,0.052,0.035,0.052,0.035,0.035,0.052,0.035,0.052,0.035,0.052,0.052,0.035,0.052,0.035,0.035,0.052,0.035,0.052,0.035,0.052,0.052,0.035,0.035,0.052,0.035,0.052,0.052,0.035,0.035,0.052,0.035,0.052,0.052,0.035,0.052,0.035,0.052,0.035,0.035,0.052,0.052,0.035,0.035,0.052,0.052,0.035,0.035,0.052,0.052,0.035,0.052,0.035,0.052,0.035,0.035,0.052,0.035,0.052,0.035,0.052,0.052,0.035,0.052,0.035,0.035,0.052,0.052,0.035,0.052,0.035,0.052,0.035,0.035,0.052,0.052,0.035,0.035,0.052,0.035,0.052,0.035,0.052,0.052,0.035,0.052,0.035,0.035,0.052,0.052,0.035,0.052,0.035,0.052,0.035,0.052,0.035,0.035,0.052,0.052,0.035,0.035,0.052,0.035,0.052,0.052,0.035,0.052,0.035,0.052,0.035,0.052,0.035,0.052,0.035,0.035,0.052,0.052,0.035,0.052,0.035,0.035,0.052,0.035,0.052,0.035,0.052,0.052,0.035,0.052,0.035,0.052,0.035,0.035,0.052,0.035,0.052,0.035,0.052,0.035,0.052,0.052,0.035,0.052,0.035,0.035,0.052,0.052,0.035
MXL,NA19778,0.411588,0.490422,0.09799,NA19777,NA19776,1,0.405991909749865,0.490913419331137,0.103094670918997,0.667,0.153,0.18,0.84,0.142,0.018,0.825,0.175,0.967,0.033,0.90201,1,2,0.442011,0.446499,0.478578,0.459173,0.079411,0.094328,0.920589,0.905672,0.427653800838046,0.437085596234974,0.483260213204322,0.460201068824596,0.089085985957632,0.10271333494043,0.173,0.011,0.162,0.142,0.142,1,0.00448799999999999,0.019405,0.014917,0.014917,0.00943179539692801,0.023059144379726,0.013627348982798,0.7535,0.1475,0.099,0.896,0.104,1.5,0.444255,0.4688755,0.0868695,0.9131305,0.43236969853651,0.471730641014459,0.095899660449031,0.175,0.033,0.175,0.033,0.175,0.033,0.033,0.175,0.033,0.175,0.175,0.033,0.033,0.175,0.175,0.033,0.175,0.033,0.175,0.033,0.175,0.033,0.175,0.033,0.175,0.033,0.033,0.175,0.175,0.033,0.033,0.175,0.033,0.175,0.033,0.175,0.175,0.033,0.175,0.033,0.175,0.033,0.175,0.033,0.033,0.175,0.175,0.033,0.175,0.033,0.175,0.033,0.175,0.033,0.175,0.033,0.175,0.033,0.033,0.175,0.175,0.033,0.175,0.033,0.033,0.175,0.033,0.175,0.033,0.175,0.033,0.175,0.175,0.033,0.033,0.175,0.175,0.033,0.033,0.175,0.175,0.033,0.033,0.175,0.033,0.175,0.175,0.033,0.175,0.033,0.033,0.175,0.175,0.033,0.175,0.033,0.033,0.175,0.033,0.175,0.033,0.175,0.033,0.175,0.033,0.175,0.033,0.175,0.175,0.033,0.033,0.175,0.175,0.033,0.033,0.175,0.175,0.033,0.175,0.033,0.033,0.175,0.175,0.033,0.033,0.175,0.175,0.033,0.033,0.175,0.175,0.033,0.175,0.033,0.033,0.175,0.175,0.033,0.175,0.033,0.175,0.033,0.033,0.175,0.033,0.175,0.033,0.175,0.033,0.175,0.175,0.033,0.175,0.033,0.175,0.033,0.175,0.033,0.033,0.175,0.175,0.033,0.033,0.175,0.175,0.033,0.033,0.175,0.033,0.175,0.033,0.175,0.033,0.175,0.033,0.175,0.033,0.175,0.175,0.033,0.033,0.175,0.033,0.175,0.175,0.033,0.175,0.033,0.033,0.175,0.033,0.175,0.033,0.175,0.033,0.175,0.175,0.033,0.033,0.175
MXL,NA19781,0.341582,0.627282,0.031136,NA19780,NA19779,2,0.329747631704912,0.619902108315574,0.0503502599795137,0.564,0.021,0.415,0.729,0.061,0.21,0.954,0.046,0.964,0.036,0.968864,1,2,0.370039,0.310974,0.607415,0.660909,0.022546,0.028117,0.977454,0.971883,0.353116643719959,0.298153083662143,0.609885254183772,0.668956727615206,0.0369981020962685,0.0328901887226513,0.165,0.04,0.205,0.01,0.01,1,0.059065,0.0534939999999999,0.005571,0.0055710000000001,0.054963560057816,0.0590714734314339,0.0041079133736172,0.6465,0.041,0.3125,0.959,0.041,1.5,0.3405065,0.634162,0.0253315,0.9746685,0.325634863691051,0.639420990899489,0.0349441454094599,0.036,0.046,0.036,0.046,0.046,0.036,0.046,0.036,0.036,0.046,0.036,0.046,0.036,0.046,0.046,0.036,0.036,0.046,0.036,0.046,0.036,0.046,0.046,0.036,0.046,0.036,0.046,0.036,0.036,0.046,0.036,0.046,0.046,0.036,0.036,0.046,0.046,0.036,0.036,0.046,0.036,0.046,0.046,0.036,0.046,0.036,0.036,0.046,0.036,0.046,0.046,0.036,0.036,0.046,0.046,0.036,0.046,0.036,0.036,0.046,0.046,0.036,0.046,0.036,0.036,0.046,0.046,0.036,0.046,0.036,0.036,0.046,0.046,0.036,0.036,0.046,0.036,0.046,0.036,0.046,0.046,0.036,0.046,0.036,0.036,0.046,0.046,0.036,0.036,0.046,0.046,0.036,0.036,0.046,0.046,0.036,0.046,0.036,0.046,0.036,0.046,0.036,0.036,0.046,0.046,0.036,0.036,0.046,0.036,0.046,0.046,0.036,0.036,0.046,0.036,0.046,0.046,0.036,0.036,0.046,0.036,0.046,0.046,0.036,0.046,0.036,0.046,0.036,0.036,0.046,0.046,0.036,0.036,0.046,0.036,0.046,0.046,0.036,0.036,0.046,0.046,0.036,0.036,0.046,0.036,0.046,0.036,0.046,0.046,0.036,0.046,0.036,0.046,0.036,0.036,0.046,0.046,0.036,0.036,0.046,0.036,0.046,0.036,0.046,0.036,0.046,0.046,0.036,0.046,0.036,0.036,0.046,0.046,0.036,0.036,0.046,0.036,0.046,0.036,0.046,0.046,0.036,0.046,0.036,0.036,0.046,0.036,0.046,0.046,0.036,0.046,0.036,0.036,0.046,0.046,0.036,0.036,0.046,0.046,0.036
MXL,NA19784,0.579625,0.378226,0.042149,NA19783,NA19782,1,0.554355708260091,0.393401385679802,0.0522429060601067,0.237,0.062,0.702,0.577,0.058,0.366,0.933,0.067,0.969,0.031,0.957851,1,2,0.742007,0.454036,0.257983,0.482293,1e-05,0.063671,0.99999,0.936329,0.705780147394596,0.448442512286551,0.274706680258254,0.483505778751419,0.0195131723471495,0.0680517089620303,0.34,0.004,0.336,0.0359999999999999,0.036,1,0.287971,0.22431,0.063661,0.063661,0.257337635108045,0.208799098493165,0.0485385366148808,0.407,0.06,0.534,0.951,0.049,1.5,0.5980215,0.370138,0.0318405,0.9681595,0.577111329840574,0.379106229504837,0.0437824406545899,0.067,0.031,0.031,0.067,0.067,0.031,0.031,0.067,0.031,0.067,0.031,0.067,0.031,0.067,0.067,0.031,0.067,0.031,0.031,0.067,0.031,0.067,0.067,0.031,0.031,0.067,0.067,0.031,0.031,0.067,0.067,0.031,0.031,0.067,0.067,0.031,0.067,0.031,0.067,0.031,0.067,0.031,0.067,0.031,0.031,0.067,0.031,0.067,0.031,0.067,0.067,0.031,0.067,0.031,0.031,0.067,0.031,0.067,0.067,0.031,0.067,0.031,0.067,0.031,0.067,0.031,0.067,0.031,0.031,0.067,0.067,0.031,0.031,0.067,0.031,0.067,0.067,0.031,0.031,0.067,0.031,0.067,0.067,0.031,0.067,0.031,0.067,0.031,0.031,0.067,0.031,0.067,0.031,0.067,0.067,0.031,0.067,0.031,0.031,0.067,0.031,0.067,0.031,0.067,0.067,0.031,0.067,0.031,0.031,0.067,0.067,0.031,0.067,0.031,0.031,0.067,0.031,0.067,0.031,0.067,0.031,0.067,0.067,0.031,0.067,0.031,0.031,0.067,0.067,0.031,0.031,0.067,0.067,0.031,0.067,0.031,0.031,0.067,0.031,0.067,0.067,0.031,0.031,0.067,0.067,0.031,0.031,0.067,0.031,0.067,0.067,0.031,0.067,0.031,0.067,0.031,0.067,0.031,0.067,0.031,0.067,0.031,0.031,0.067,0.031,0.067,0.067,0.031,0.067,0.031,0.067,0.031,0.067,0.031,0.067,0.031,0.031,0.067,0.031,0.067,0.031,0.067,0.031,0.067,0.067,0.031,0.031,0.067,0.031,0.067,0.067,0.031,0.067,0.031,0.031,0.067,0.067,0.031,0.067,0.031
MXL,NA19787,0.616992,0.336599,0.04641,NA19786,NA19785,1,0.596171441089048,0.350051610030757,0.0537769488801953,0.208,0.092,0.7,0.561,0.054,0.385,0.914,0.086,0.972,0.028,0.953591,1,2,0.567587,0.692529,0.400088,0.261842,0.032325,0.045628,0.967675,0.954371,0.552341259341215,0.68171349748045,0.403275185461676,0.269109120027275,0.0443835551971093,0.0491773824922758,0.353,0.038,0.315,0.0579999999999999,0.058,1,0.124942,0.138246,0.013303,0.013304,0.129372238139235,0.134166065434401,0.0047938272951665,0.3845,0.073,0.5425,0.943,0.057,1.5,0.630058,0.330965,0.0389765,0.961023,0.617027378410832,0.336192152744476,0.0467804688446926,0.086,0.028,0.028,0.086,0.086,0.028,0.086,0.028,0.086,0.028,0.028,0.086,0.086,0.028,0.028,0.086,0.028,0.086,0.086,0.028,0.028,0.086,0.086,0.028,0.028,0.086,0.086,0.028,0.028,0.086,0.086,0.028,0.086,0.028,0.086,0.028,0.086,0.028,0.086,0.028,0.086,0.028,0.028,0.086,0.086,0.028,0.086,0.028,0.028,0.086,0.086,0.028,0.086,0.028,0.028,0.086,0.086,0.028,0.028,0.086,0.028,0.086,0.086,0.028,0.028,0.086,0.028,0.086,0.086,0.028,0.086,0.028,0.086,0.028,0.028,0.086,0.028,0.086,0.028,0.086,0.086,0.028,0.028,0.086,0.086,0.028,0.028,0.086,0.086,0.028,0.086,0.028,0.086,0.028,0.028,0.086,0.086,0.028,0.086,0.028,0.086,0.028,0.028,0.086,0.028,0.086,0.028,0.086,0.028,0.086,0.028,0.086,0.086,0.028,0.086,0.028,0.028,0.086,0.028,0.086,0.086,0.028,0.086,0.028,0.086,0.028,0.086,0.028,0.028,0.086,0.086,0.028,0.028,0.086,0.086,0.028,0.086,0.028,0.028,0.086,0.086,0.028,0.086,0.028,0.086,0.028,0.086,0.028,0.086,0.028,0.028,0.086,0.028,0.086,0.028,0.086,0.028,0.086,0.028,0.086,0.028,0.086,0.028,0.086,0.028,0.086,0.028,0.086,0.086,0.028,0.086,0.028,0.028,0.086,0.028,0.086,0.086,0.028,0.086,0.028,0.086,0.028,0.086,0.028,0.028,0.086,0.028,0.086,0.028,0.086,0.028,0.086,0.028,0.086,0.086,0.028,0.086,0.028,0.086,0.028
MXL,NA19790,0.534197,0.420936,0.044867,NA19789,NA19788,2,0.535211061885793,0.412642559148853,0.0521463789653534,0.542,0.458,0,0.522,0.478,0,0.882,0.118,0.978,0.022,0.955133,1,2,0.436222,0.639703,0.500185,0.322062,0.063594,0.038235,0.936407,0.961765,0.417406791864995,0.634998233937702,0.508235310637229,0.319822189067566,0.0743578974977759,0.0451795769947317,0.02,0.02,0,0.096,0.096,1,0.203481,0.178123,0.025359,0.025358,0.217591442072707,0.188413121569663,0.0291783205030442,0.532,0.468,0,0.93,0.07,1.5,0.5379625,0.4111235,0.0509145,0.949086,0.526202512901349,0.414028749852398,0.0597687372462538,0.118,0.022,0.022,0.118,0.022,0.118,0.118,0.022,0.022,0.118,0.022,0.118,0.118,0.022,0.022,0.118,0.022,0.118,0.118,0.022,0.022,0.118,0.022,0.118,0.118,0.022,0.022,0.118,0.022,0.118,0.022,0.118,0.022,0.118,0.118,0.022,0.118,0.022,0.118,0.022,0.022,0.118,0.118,0.022,0.118,0.022,0.118,0.022,0.118,0.022,0.022,0.118,0.022,0.118,0.022,0.118,0.118,0.022,0.022,0.118,0.118,0.022,0.022,0.118,0.022,0.118,0.118,0.022,0.022,0.118,0.118,0.022,0.022,0.118,0.022,0.118,0.022,0.118,0.022,0.118,0.022,0.118,0.118,0.022,0.118,0.022,0.118,0.022,0.022,0.118,0.118,0.022,0.022,0.118,0.022,0.118,0.118,0.022,0.022,0.118,0.118,0.022,0.118,0.022,0.118,0.022,0.022,0.118,0.022,0.118,0.118,0.022,0.022,0.118,0.118,0.022,0.118,0.022,0.022,0.118,0.118,0.022,0.022,0.118,0.022,0.118,0.118,0.022,0.118,0.022,0.022,0.118,0.022,0.118,0.118,0.022,0.022,0.118,0.118,0.022,0.118,0.022,0.022,0.118,0.022,0.118,0.022,0.118,0.022,0.118,0.022,0.118,0.118,0.022,0.118,0.022,0.118,0.022,0.118,0.022,0.022,0.118,0.022,0.118,0.022,0.118,0.118,0.022,0.022,0.118,0.022,0.118,0.118,0.022,0.022,0.118,0.118,0.022,0.022,0.118,0.022,0.118,0.022,0.118,0.022,0.118,0.022,0.118,0.022,0.118,0.022,0.118,0.022,0.118,0.022,0.118,0.118,0.022,0.022,0.118
MXL,NA19796,0.415445,0.553163,0.031392,NA19795,NA19794,1,0.417324928731596,0.540866144583835,0.0418089266845694,0.72,0.057,0.223,0.348,0.07,0.582,0.897,0.103,0.989,0.011,0.968608,1,2,0.482247,0.307767,0.460489,0.668502,0.057263,0.023732,0.942736,0.976269,0.471119513064403,0.309097540599521,0.461754851332495,0.660101548379175,0.0671256356031016,0.030800911021304,0.372,0.013,0.359,0.092,0.092,1,0.17448,0.208013,0.033531,0.033533,0.162021972464882,0.19834669704668,0.0363247245817976,0.534,0.0635,0.4025,0.943,0.057,1.5,0.395007,0.5644955,0.0404975,0.9595025,0.390108526831962,0.560928199855835,0.0489632733122028,0.011,0.103,0.103,0.011,0.011,0.103,0.011,0.103,0.011,0.103,0.103,0.011,0.011,0.103,0.103,0.011,0.011,0.103,0.103,0.011,0.103,0.011,0.011,0.103,0.011,0.103,0.011,0.103,0.103,0.011,0.103,0.011,0.011,0.103,0.011,0.103,0.103,0.011,0.103,0.011,0.011,0.103,0.103,0.011,0.011,0.103,0.103,0.011,0.103,0.011,0.011,0.103,0.103,0.011,0.103,0.011,0.011,0.103,0.103,0.011,0.011,0.103,0.103,0.011,0.103,0.011,0.011,0.103,0.011,0.103,0.011,0.103,0.103,0.011,0.103,0.011,0.011,0.103,0.011,0.103,0.103,0.011,0.103,0.011,0.103,0.011,0.011,0.103,0.103,0.011,0.103,0.011,0.011,0.103,0.103,0.011,0.103,0.011,0.103,0.011,0.011,0.103,0.011,0.103,0.103,0.011,0.011,0.103,0.103,0.011,0.011,0.103,0.103,0.011,0.103,0.011,0.103,0.011,0.103,0.011,0.011,0.103,0.011,0.103,0.103,0.011,0.103,0.011,0.011,0.103,0.011,0.103,0.103,0.011,0.011,0.103,0.103,0.011,0.011,0.103,0.011,0.103,0.011,0.103,0.103,0.011,0.011,0.103,0.011,0.103,0.011,0.103,0.011,0.103,0.011,0.103,0.011,0.103,0.011,0.103,0.103,0.011,0.103,0.011,0.011,0.103,0.011,0.103,0.011,0.103,0.011,0.103,0.103,0.011,0.011,0.103,0.011,0.103,0.011,0.103,0.011,0.103,0.011,0.103,0.011,0.103,0.103,0.011,0.103,0.011,0.103,0.011,0.011,0.103,0.011,0.103,0.103,0.011,0.011,0.103
PEL,HG01567,0.605627,0.394363,1e-05,HG01565,HG01566,2,0.577938527731274,0.409084628345882,0.0129768439228448,0.203,0.02,0.778,0.622,0.013,0.364,0.99,0.01,0.975,0.025,0.99999,1,2,0.701535,0.495085,0.298455,0.504905,1e-05,1e-05,0.99999,0.99999,0.662634732661334,0.452692580356539,0.328980433176687,0.531957570535406,0.00838483416197893,0.0153498491080548,0.419,0.007,0.414,0.015,0.015,1,0.20645,0.20645,0,0,0.209942152304795,0.202977137358719,0.00696501494607587,0.4125,0.0165,0.571,0.9825,0.0175,1.5,0.59831,0.40168,1e-05,0.99999,0.557663656508936,0.430469001856047,0.0118673416350169,0.025,0.01,0.025,0.01,0.01,0.025,0.025,0.01,0.01,0.025,0.01,0.025,0.01,0.025,0.025,0.01,0.01,0.025,0.025,0.01,0.01,0.025,0.01,0.025,0.01,0.025,0.025,0.01,0.025,0.01,0.01,0.025,0.025,0.01,0.025,0.01,0.01,0.025,0.025,0.01,0.025,0.01,0.01,0.025,0.01,0.025,0.025,0.01,0.01,0.025,0.01,0.025,0.025,0.01,0.025,0.01,0.025,0.01,0.025,0.01,0.025,0.01,0.01,0.025,0.01,0.025,0.01,0.025,0.025,0.01,0.025,0.01,0.025,0.01,0.025,0.01,0.025,0.01,0.01,0.025,0.01,0.025,0.01,0.025,0.01,0.025,0.025,0.01,0.025,0.01,0.025,0.01,0.01,0.025,0.01,0.025,0.025,0.01,0.01,0.025,0.025,0.01,0.01,0.025,0.01,0.025,0.025,0.01,0.01,0.025,0.025,0.01,0.01,0.025,0.01,0.025,0.01,0.025,0.01,0.025,0.01,0.025,0.01,0.025,0.01,0.025,0.01,0.025,0.025,0.01,0.01,0.025,0.01,0.025,0.025,0.01,0.025,0.01,0.025,0.01,0.025,0.01,0.025,0.01,0.01,0.025,0.025,0.01,0.01,0.025,0.025,0.01,0.025,0.01,0.025,0.01,0.01,0.025,0.025,0.01,0.025,0.01,0.01,0.025,0.01,0.025,0.01,0.025,0.025,0.01,0.01,0.025,0.025,0.01,0.025,0.01,0.025,0.01,0.025,0.01,0.025,0.01,0.025,0.01,0.025,0.01,0.025,0.01,0.01,0.025,0.01,0.025,0.025,0.01,0.025,0.01,0.025,0.01,0.025,0.01
PEL,HG01573,0.813608,0.186382,1e-05,HG01571,HG01572,2,0.770336744833386,0.222693077270053,0.00697017789656151,0.399,0.011,0.59,0.063,0,0.937,0.948,0.052,0.98,0.02,0.99999,1,2,0.67331,0.98056,0.32668,0.01943,1e-05,1e-05,0.99999,0.99999,0.649509873655417,0.924606239367916,0.343054700817429,0.0741384420187481,0.00743542552715351,0.00125531861333594,0.336,0.011,0.347,0.032,0.032,1,0.30725,0.30725,0,0,0.275096365712499,0.268916258798681,0.00618010691381757,0.231,0.0055,0.7635,0.964,0.036,1.5,0.826935,0.173055,1e-05,0.99999,0.787058056511666,0.208596571418089,0.00434537207024473,0.02,0.052,0.052,0.02,0.052,0.02,0.02,0.052,0.052,0.02,0.052,0.02,0.052,0.02,0.02,0.052,0.02,0.052,0.052,0.02,0.02,0.052,0.02,0.052,0.02,0.052,0.052,0.02,0.052,0.02,0.02,0.052,0.02,0.052,0.052,0.02,0.052,0.02,0.02,0.052,0.02,0.052,0.052,0.02,0.052,0.02,0.052,0.02,0.02,0.052,0.052,0.02,0.02,0.052,0.02,0.052,0.052,0.02,0.052,0.02,0.02,0.052,0.02,0.052,0.052,0.02,0.02,0.052,0.052,0.02,0.052,0.02,0.02,0.052,0.052,0.02,0.052,0.02,0.052,0.02,0.052,0.02,0.052,0.02,0.052,0.02,0.02,0.052,0.052,0.02,0.02,0.052,0.052,0.02,0.052,0.02,0.02,0.052,0.052,0.02,0.052,0.02,0.052,0.02,0.02,0.052,0.052,0.02,0.052,0.02,0.052,0.02,0.02,0.052,0.02,0.052,0.052,0.02,0.02,0.052,0.02,0.052,0.02,0.052,0.02,0.052,0.02,0.052,0.02,0.052,0.052,0.02,0.02,0.052,0.02,0.052,0.02,0.052,0.02,0.052,0.052,0.02,0.052,0.02,0.052,0.02,0.02,0.052,0.02,0.052,0.052,0.02,0.02,0.052,0.052,0.02,0.02,0.052,0.052,0.02,0.052,0.02,0.02,0.052,0.052,0.02,0.052,0.02,0.02,0.052,0.02,0.052,0.02,0.052,0.02,0.052,0.02,0.052,0.052,0.02,0.052,0.02,0.02,0.052,0.02,0.052,0.052,0.02,0.02,0.052,0.02,0.052,0.02,0.052,0.052,0.02,0.052,0.02,0.052,0.02
PEL,HG01579,0.525799,0.449755,0.024446,HG01577,HG01578,1,0.501716668753896,0.456634189548279,0.0416491416978247,0.292,0.049,0.659,0.591,0.028,0.382,0.965,0.035,0.962,0.038,0.975554,1,2,0.441809,0.623675,0.50433,0.376315,0.053861,1e-05,0.946139,0.99999,0.421269127586956,0.588408640639881,0.514771038639799,0.39781286662173,0.0639598337732446,0.0137784927383888,0.299,0.021,0.277,0.003,0.003,1,0.181866,0.128015,0.053851,0.053851,0.167139513052925,0.116958172018069,0.0501813410348558,0.4415,0.0385,0.5205,0.9635,0.0365,1.5,0.532742,0.4403225,0.0269355,0.9730645,0.504838884113418,0.456291952630764,0.0388691632558167,0.038,0.035,0.038,0.035,0.035,0.038,0.038,0.035,0.035,0.038,0.038,0.035,0.035,0.038,0.038,0.035,0.038,0.035,0.038,0.035,0.038,0.035,0.038,0.035,0.038,0.035,0.038,0.035,0.038,0.035,0.038,0.035,0.035,0.038,0.038,0.035,0.038,0.035,0.035,0.038,0.038,0.035,0.035,0.038,0.038,0.035,0.035,0.038,0.038,0.035,0.038,0.035,0.038,0.035,0.035,0.038,0.035,0.038,0.035,0.038,0.038,0.035,0.038,0.035,0.035,0.038,0.035,0.038,0.038,0.035,0.038,0.035,0.038,0.035,0.038,0.035,0.035,0.038,0.035,0.038,0.035,0.038,0.038,0.035,0.035,0.038,0.038,0.035,0.038,0.035,0.035,0.038,0.035,0.038,0.035,0.038,0.038,0.035,0.038,0.035,0.035,0.038,0.035,0.038,0.035,0.038,0.035,0.038,0.035,0.038,0.035,0.038,0.038,0.035,0.038,0.035,0.038,0.035,0.035,0.038,0.038,0.035,0.038,0.035,0.035,0.038,0.038,0.035,0.038,0.035,0.035,0.038,0.038,0.035,0.035,0.038,0.038,0.035,0.035,0.038,0.035,0.038,0.038,0.035,0.035,0.038,0.038,0.035,0.038,0.035,0.038,0.035,0.035,0.038,0.035,0.038,0.035,0.038,0.035,0.038,0.038,0.035,0.035,0.038,0.035,0.038,0.035,0.038,0.038,0.035,0.038,0.035,0.035,0.038,0.035,0.038,0.038,0.035,0.035,0.038,0.038,0.035,0.035,0.038,0.035,0.038,0.038,0.035,0.038,0.035,0.038,0.035,0.038,0.035,0.038,0.035,0.038,0.035,0.038,0.035
PEL,HG01898,0.627854,0.279853,0.092293,HG01892,HG01893,2,0.590975672829534,0.304082273745678,0.104942053424788,0.445,0.145,0.41,0.156,0.116,0.728,0.872,0.128,0.937,0.063,0.907707,1,2,0.725162,0.568605,0.218928,0.314441,0.05591,0.116954,0.94409,0.883046,0.685669597965567,0.547620471667875,0.247660466590909,0.321841532678537,0.0666699354435238,0.130537995653589,0.289,0.029,0.318,0.0650000000000001,0.065,1,0.156557,0.095513,0.061044,0.061044,0.138049126297692,0.074181066087628,0.0638680602100652,0.3005,0.1305,0.569,0.9045,0.0955,1.5,0.6468835,0.2666845,0.086432,0.913568,0.616645034816721,0.284750999634723,0.0986039655485564,0.128,0.063,0.063,0.128,0.128,0.063,0.128,0.063,0.128,0.063,0.128,0.063,0.128,0.063,0.063,0.128,0.128,0.063,0.128,0.063,0.128,0.063,0.128,0.063,0.128,0.063,0.128,0.063,0.128,0.063,0.063,0.128,0.128,0.063,0.063,0.128,0.063,0.128,0.063,0.128,0.063,0.128,0.063,0.128,0.128,0.063,0.063,0.128,0.063,0.128,0.063,0.128,0.063,0.128,0.063,0.128,0.128,0.063,0.063,0.128,0.063,0.128,0.128,0.063,0.128,0.063,0.063,0.128,0.063,0.128,0.128,0.063,0.063,0.128,0.128,0.063,0.063,0.128,0.063,0.128,0.128,0.063,0.128,0.063,0.128,0.063,0.128,0.063,0.063,0.128,0.128,0.063,0.063,0.128,0.128,0.063,0.063,0.128,0.063,0.128,0.063,0.128,0.063,0.128,0.128,0.063,0.128,0.063,0.128,0.063,0.063,0.128,0.063,0.128,0.063,0.128,0.128,0.063,0.063,0.128,0.128,0.063,0.063,0.128,0.128,0.063,0.063,0.128,0.128,0.063,0.063,0.128,0.063,0.128,0.128,0.063,0.063,0.128,0.063,0.128,0.063,0.128,0.063,0.128,0.128,0.063,0.128,0.063,0.063,0.128,0.128,0.063,0.063,0.128,0.063,0.128,0.128,0.063,0.063,0.128,0.128,0.063,0.128,0.063,0.128,0.063,0.128,0.063,0.128,0.063,0.063,0.128,0.128,0.063,0.128,0.063,0.128,0.063,0.063,0.128,0.128,0.063,0.128,0.063,0.063,0.128,0.063,0.128,0.063,0.128,0.128,0.063,0.128,0.063,0.128,0.063,0.063,0.128,0.128,0.063
PEL,HG01919,0.827379,0.172611,1e-05,HG01917,HG01918,2,0.763751494231281,0.224620905251759,0.0116276005169604,0.165,0.003,0.833,0.269,0.017,0.714,0.976,0.024,0.991,0.009,0.99999,1,2,0.872455,0.785248,0.127535,0.214742,1e-05,1e-05,0.99999,0.99999,0.821703400611978,0.744135864801462,0.165279293662177,0.24936446240542,0.0130173057258454,0.00649967279311775,0.104,0.014,0.119,0.015,0.015,1,0.087207,0.087207,0,0,0.077567535810516,0.084085168743243,0.00651763293272765,0.217,0.01,0.7735,0.9835,0.0165,1.5,0.8288515,0.1711385,1e-05,0.99999,0.78291963270672,0.207321878033799,0.00975848925948157,0.009,0.024,0.009,0.024,0.009,0.024,0.009,0.024,0.009,0.024,0.024,0.009,0.024,0.009,0.009,0.024,0.009,0.024,0.024,0.009,0.024,0.009,0.009,0.024,0.009,0.024,0.024,0.009,0.024,0.009,0.024,0.009,0.024,0.009,0.009,0.024,0.009,0.024,0.024,0.009,0.009,0.024,0.024,0.009,0.009,0.024,0.024,0.009,0.024,0.009,0.009,0.024,0.024,0.009,0.024,0.009,0.024,0.009,0.009,0.024,0.009,0.024,0.009,0.024,0.024,0.009,0.009,0.024,0.009,0.024,0.009,0.024,0.024,0.009,0.009,0.024,0.024,0.009,0.024,0.009,0.009,0.024,0.009,0.024,0.009,0.024,0.009,0.024,0.024,0.009,0.009,0.024,0.009,0.024,0.009,0.024,0.009,0.024,0.024,0.009,0.009,0.024,0.009,0.024,0.024,0.009,0.024,0.009,0.024,0.009,0.009,0.024,0.009,0.024,0.024,0.009,0.024,0.009,0.009,0.024,0.009,0.024,0.009,0.024,0.009,0.024,0.009,0.024,0.009,0.024,0.024,0.009,0.024,0.009,0.009,0.024,0.009,0.024,0.009,0.024,0.024,0.009,0.009,0.024,0.024,0.009,0.024,0.009,0.009,0.024,0.009,0.024,0.009,0.024,0.009,0.024,0.009,0.024,0.009,0.024,0.024,0.009,0.024,0.009,0.009,0.024,0.024,0.009,0.024,0.009,0.009,0.024,0.009,0.024,0.009,0.024,0.009,0.024,0.009,0.024,0.009,0.024,0.009,0.024,0.009,0.024,0.009,0.024,0.009,0.024,0.009,0.024,0.009,0.024,0.009,0.024,0.009,0.024,0.024,0.009
PEL,HG01922,0.884994,0.114996,1e-05,HG01920,HG01921,2,0.834437076224458,0.162870886913707,0.00269203686183449,0.131,0,0.869,0.245,0.003,0.752,0.994,0.006,0.998,0.002,0.99999,1,2,0.99998,0.783076,1e-05,0.216914,1e-05,1e-05,0.99999,0.99999,0.94799757610618,0.743024484348878,0.0510082120134551,0.252923271144946,0.000994211880364752,0.00405224450617602,0.114,0.003,0.117,0.004,0.004,1,0.216904,0.216904,0,0,0.204973091757302,0.201915059131491,0.00305803262581127,0.188,0.0015,0.8105,0.996,0.004,1.5,0.891528,0.108462,1e-05,0.99999,0.845511030227529,0.151965741579201,0.00252322819327039,0.002,0.006,0.006,0.002,0.002,0.006,0.006,0.002,0.002,0.006,0.002,0.006,0.006,0.002,0.006,0.002,0.002,0.006,0.006,0.002,0.006,0.002,0.002,0.006,0.002,0.006,0.002,0.006,0.002,0.006,0.006,0.002,0.006,0.002,0.002,0.006,0.002,0.006,0.002,0.006,0.006,0.002,0.002,0.006,0.006,0.002,0.002,0.006,0.006,0.002,0.006,0.002,0.002,0.006,0.006,0.002,0.002,0.006,0.002,0.006,0.006,0.002,0.002,0.006,0.002,0.006,0.002,0.006,0.002,0.006,0.002,0.006,0.002,0.006,0.002,0.006,0.002,0.006,0.002,0.006,0.002,0.006,0.006,0.002,0.002,0.006,0.002,0.006,0.002,0.006,0.006,0.002,0.002,0.006,0.002,0.006,0.006,0.002,0.002,0.006,0.006,0.002,0.002,0.006,0.002,0.006,0.006,0.002,0.002,0.006,0.002,0.006,0.006,0.002,0.006,0.002,0.006,0.002,0.006,0.002,0.002,0.006,0.002,0.006,0.006,0.002,0.006,0.002,0.002,0.006,0.002,0.006,0.002,0.006,0.006,0.002,0.006,0.002,0.006,0.002,0.006,0.002,0.006,0.002,0.006,0.002,0.006,0.002,0.002,0.006,0.002,0.006,0.006,0.002,0.002,0.006,0.002,0.006,0.006,0.002,0.002,0.006,0.006,0.002,0.006,0.002,0.006,0.002,0.002,0.006,0.002,0.006,0.002,0.006,0.006,0.002,0.006,0.002,0.006,0.002,0.002,0.006,0.002,0.006,0.006,0.002,0.002,0.006,0.002,0.006,0.002,0.006,0.006,0.002,0.002,0.006,0.002,0.006,0.006,0.002
PEL,HG01925,0.882854,0.061607,0.055539,HG01923,HG01924,2,0.816836907156236,0.117483291290236,0.0656798015535285,0.106,0.076,0.818,0.347,0.099,0.554,0.954,0.046,0.907,0.093,0.944461,1,2,0.976077,0.736058,0.023913,0.1438,1e-05,0.120142,0.99999,0.879858,0.907518106323522,0.6938550166362,0.0878675688048383,0.18236310448892,0.00461432487163937,0.12378187887488,0.241,0.023,0.264,0.0469999999999999,0.047,1,0.240019,0.119887,0.120132,0.120132,0.213663089687322,0.0944955356840817,0.119167554003241,0.2265,0.0875,0.686,0.9305,0.0695,1.5,0.8560675,0.0838565,0.060076,0.939924,0.800686561479861,0.135115336646879,0.0641981018732597,0.093,0.046,0.046,0.093,0.093,0.046,0.093,0.046,0.046,0.093,0.046,0.093,0.046,0.093,0.093,0.046,0.046,0.093,0.046,0.093,0.046,0.093,0.046,0.093,0.046,0.093,0.093,0.046,0.093,0.046,0.093,0.046,0.093,0.046,0.093,0.046,0.046,0.093,0.093,0.046,0.046,0.093,0.046,0.093,0.046,0.093,0.093,0.046,0.093,0.046,0.046,0.093,0.046,0.093,0.093,0.046,0.093,0.046,0.093,0.046,0.093,0.046,0.093,0.046,0.046,0.093,0.093,0.046,0.093,0.046,0.046,0.093,0.093,0.046,0.046,0.093,0.093,0.046,0.046,0.093,0.093,0.046,0.093,0.046,0.093,0.046,0.093,0.046,0.046,0.093,0.046,0.093,0.093,0.046,0.093,0.046,0.093,0.046,0.093,0.046,0.093,0.046,0.093,0.046,0.093,0.046,0.046,0.093,0.046,0.093,0.046,0.093,0.046,0.093,0.093,0.046,0.046,0.093,0.093,0.046,0.046,0.093,0.093,0.046,0.093,0.046,0.046,0.093,0.093,0.046,0.046,0.093,0.046,0.093,0.046,0.093,0.046,0.093,0.093,0.046,0.093,0.046,0.093,0.046,0.046,0.093,0.046,0.093,0.046,0.093,0.046,0.093,0.093,0.046,0.046,0.093,0.046,0.093,0.046,0.093,0.046,0.093,0.093,0.046,0.046,0.093,0.046,0.093,0.046,0.093,0.093,0.046,0.046,0.093,0.046,0.093,0.046,0.093,0.046,0.093,0.093,0.046,0.093,0.046,0.046,0.093,0.046,0.093,0.046,0.093,0.093,0.046,0.046,0.093,0.093,0.046,0.046,0.093,0.093,0.046
PEL,HG01928,0.999971,1.9e-05,1e-05,HG01926,HG01927,1,0.944207561208843,0.0531690312194281,0.00262340757172899,0.04,0.001,0.959,0.086,0.004,0.91,0.984,0.016,0.996,0.004,0.99999,1,2,0.999974,0.987874,1.6e-05,0.012116,1e-05,1e-05,0.99999,0.99999,0.958919709032373,0.914956120802264,0.0383006186997612,0.0820741112370221,0.00277967226786533,0.00296976796071386,0.046,0.003,0.0489999999999999,0.012,0.012,1,0.0121,0.0121,0,0,0.043963588230109,0.0437734925372609,0.00019009569284853,0.063,0.0025,0.9345,0.99,0.01,1.5,0.993924,0.006066,1e-05,0.99999,0.936937914917318,0.0601873649683917,0.0028747201142896,0.004,0.016,0.016,0.004,0.016,0.004,0.016,0.004,0.016,0.004,0.004,0.016,0.016,0.004,0.016,0.004,0.016,0.004,0.004,0.016,0.004,0.016,0.016,0.004,0.016,0.004,0.004,0.016,0.004,0.016,0.016,0.004,0.004,0.016,0.016,0.004,0.016,0.004,0.004,0.016,0.004,0.016,0.004,0.016,0.004,0.016,0.004,0.016,0.004,0.016,0.004,0.016,0.004,0.016,0.016,0.004,0.004,0.016,0.004,0.016,0.016,0.004,0.016,0.004,0.004,0.016,0.004,0.016,0.004,0.016,0.016,0.004,0.004,0.016,0.016,0.004,0.016,0.004,0.004,0.016,0.016,0.004,0.004,0.016,0.004,0.016,0.004,0.016,0.004,0.016,0.016,0.004,0.016,0.004,0.016,0.004,0.004,0.016,0.016,0.004,0.004,0.016,0.004,0.016,0.004,0.016,0.004,0.016,0.004,0.016,0.004,0.016,0.016,0.004,0.016,0.004,0.004,0.016,0.004,0.016,0.016,0.004,0.016,0.004,0.016,0.004,0.016,0.004,0.016,0.004,0.004,0.016,0.016,0.004,0.004,0.016,0.016,0.004,0.016,0.004,0.016,0.004,0.016,0.004,0.004,0.016,0.016,0.004,0.016,0.004,0.004,0.016,0.004,0.016,0.004,0.016,0.016,0.004,0.016,0.004,0.004,0.016,0.016,0.004,0.016,0.004,0.004,0.016,0.004,0.016,0.016,0.004,0.016,0.004,0.004,0.016,0.016,0.004,0.004,0.016,0.016,0.004,0.004,0.016,0.004,0.016,0.016,0.004,0.016,0.004,0.004,0.016,0.004,0.016,0.004,0.016,0.004,0.016,0.004,0.016
PEL,HG01934,0.747121,0.223584,0.029296,HG01932,HG01933,1,0.706877426569817,0.255163476321894,0.0379590971082888,0.379,0.025,0.595,0.167,0.06,0.773,0.887,0.113,0.96,0.04,0.970705,1,2,0.818398,0.676316,0.181592,0.235315,1e-05,0.088369,0.99999,0.911631,0.764950117937781,0.656868719333215,0.231583622467698,0.253046494488845,0.00346625959452037,0.0900847861779401,0.212,0.035,0.178,0.073,0.073,1,0.142082,0.053723,0.088359,0.0883589999999999,0.108081398604566,0.021462872021147,0.0866185265834197,0.273,0.0425,0.684,0.9235,0.0765,1.5,0.747357,0.2084535,0.0441895,0.9558105,0.710909418635498,0.242315058478272,0.0467755228862302,0.113,0.04,0.04,0.113,0.113,0.04,0.04,0.113,0.04,0.113,0.113,0.04,0.113,0.04,0.113,0.04,0.04,0.113,0.04,0.113,0.04,0.113,0.113,0.04,0.113,0.04,0.113,0.04,0.04,0.113,0.113,0.04,0.113,0.04,0.113,0.04,0.113,0.04,0.113,0.04,0.113,0.04,0.04,0.113,0.113,0.04,0.113,0.04,0.113,0.04,0.113,0.04,0.113,0.04,0.04,0.113,0.04,0.113,0.113,0.04,0.04,0.113,0.113,0.04,0.04,0.113,0.04,0.113,0.04,0.113,0.113,0.04,0.04,0.113,0.04,0.113,0.113,0.04,0.113,0.04,0.113,0.04,0.04,0.113,0.113,0.04,0.113,0.04,0.04,0.113,0.04,0.113,0.113,0.04,0.113,0.04,0.113,0.04,0.04,0.113,0.113,0.04,0.04,0.113,0.113,0.04,0.04,0.113,0.04,0.113,0.04,0.113,0.113,0.04,0.04,0.113,0.04,0.113,0.113,0.04,0.113,0.04,0.113,0.04,0.113,0.04,0.04,0.113,0.04,0.113,0.04,0.113,0.113,0.04,0.04,0.113,0.04,0.113,0.04,0.113,0.04,0.113,0.113,0.04,0.04,0.113,0.113,0.04,0.04,0.113,0.113,0.04,0.04,0.113,0.113,0.04,0.04,0.113,0.04,0.113,0.113,0.04,0.113,0.04,0.113,0.04,0.04,0.113,0.04,0.113,0.113,0.04,0.113,0.04,0.04,0.113,0.113,0.04,0.04,0.113,0.113,0.04,0.113,0.04,0.113,0.04,0.04,0.113,0.113,0.04,0.113,0.04,0.113,0.04,0.04,0.113,0.04,0.113,0.113,0.04
PEL,HG01937,0.704939,0.295051,1e-05,HG01935,HG01936,1,0.664087080387786,0.310103892640661,0.0258090269715538,0.151,0.001,0.848,0.429,0.064,0.507,0.984,0.016,0.96,0.04,0.99999,1,2,0.746614,0.676492,0.253376,0.301942,1e-05,0.021567,0.99999,0.978434,0.71211453314482,0.635744024841073,0.280449852105286,0.325303200194941,0.00743561474989404,0.038952774963986,0.278,0.063,0.341,0.024,0.024,1,0.070122,0.048566,0.021557,0.0215559999999999,0.076370508303747,0.044853348089655,0.031517160214092,0.29,0.0325,0.6775,0.972,0.028,1.5,0.711553,0.277659,0.0107885,0.989212,0.673929278992947,0.302876526150114,0.02319419485694,0.04,0.016,0.016,0.04,0.04,0.016,0.04,0.016,0.04,0.016,0.04,0.016,0.04,0.016,0.04,0.016,0.04,0.016,0.04,0.016,0.016,0.04,0.016,0.04,0.04,0.016,0.04,0.016,0.04,0.016,0.04,0.016,0.016,0.04,0.04,0.016,0.016,0.04,0.016,0.04,0.016,0.04,0.04,0.016,0.016,0.04,0.04,0.016,0.016,0.04,0.04,0.016,0.04,0.016,0.04,0.016,0.04,0.016,0.016,0.04,0.016,0.04,0.016,0.04,0.04,0.016,0.04,0.016,0.04,0.016,0.016,0.04,0.016,0.04,0.016,0.04,0.016,0.04,0.016,0.04,0.016,0.04,0.04,0.016,0.04,0.016,0.016,0.04,0.04,0.016,0.016,0.04,0.04,0.016,0.016,0.04,0.016,0.04,0.04,0.016,0.016,0.04,0.04,0.016,0.04,0.016,0.04,0.016,0.04,0.016,0.016,0.04,0.04,0.016,0.016,0.04,0.016,0.04,0.04,0.016,0.016,0.04,0.04,0.016,0.016,0.04,0.016,0.04,0.016,0.04,0.04,0.016,0.04,0.016,0.04,0.016,0.016,0.04,0.016,0.04,0.016,0.04,0.04,0.016,0.016,0.04,0.016,0.04,0.016,0.04,0.016,0.04,0.04,0.016,0.016,0.04,0.04,0.016,0.04,0.016,0.016,0.04,0.016,0.04,0.04,0.016,0.04,0.016,0.04,0.016,0.016,0.04,0.04,0.016,0.016,0.04,0.04,0.016,0.016,0.04,0.016,0.04,0.04,0.016,0.016,0.04,0.04,0.016,0.016,0.04,0.04,0.016,0.04,0.016,0.016,0.04,0.04,0.016,0.04,0.016
PEL,HG01940,0.912177,0.087813,1e-05,HG01938,HG01939,2,0.833085807975043,0.151897711375768,0.0150164806491897,0.094,0.011,0.896,0.184,0.019,0.796,0.98,0.02,0.971,0.029,0.99999,1,2,0.99998,0.792363,1e-05,0.207627,1e-05,1e-05,0.99999,0.99999,0.954540569158336,0.720467225964135,0.0428085286539117,0.263273858296452,0.00265090218775281,0.0162589157394134,0.09,0.008,0.1,0.00900000000000001,0.009,1,0.207617,0.207617,0,1.11022302462516e-16,0.234073343194201,0.22046532964254,0.0136080135516606,0.139,0.015,0.846,0.9755,0.0245,1.5,0.8961715,0.1038185,1e-05,0.99999,0.837503897561235,0.153041193475182,0.00945490896358311,0.029,0.02,0.029,0.02,0.02,0.029,0.029,0.02,0.02,0.029,0.02,0.029,0.02,0.029,0.029,0.02,0.02,0.029,0.02,0.029,0.02,0.029,0.02,0.029,0.029,0.02,0.02,0.029,0.029,0.02,0.02,0.029,0.02,0.029,0.029,0.02,0.02,0.029,0.02,0.029,0.029,0.02,0.02,0.029,0.029,0.02,0.02,0.029,0.02,0.029,0.02,0.029,0.029,0.02,0.029,0.02,0.02,0.029,0.02,0.029,0.02,0.029,0.02,0.029,0.02,0.029,0.029,0.02,0.02,0.029,0.02,0.029,0.02,0.029,0.029,0.02,0.02,0.029,0.029,0.02,0.02,0.029,0.029,0.02,0.029,0.02,0.02,0.029,0.02,0.029,0.02,0.029,0.02,0.029,0.029,0.02,0.02,0.029,0.02,0.029,0.029,0.02,0.02,0.029,0.029,0.02,0.02,0.029,0.029,0.02,0.02,0.029,0.029,0.02,0.02,0.029,0.02,0.029,0.029,0.02,0.029,0.02,0.02,0.029,0.02,0.029,0.029,0.02,0.029,0.02,0.029,0.02,0.02,0.029,0.02,0.029,0.029,0.02,0.02,0.029,0.029,0.02,0.02,0.029,0.02,0.029,0.02,0.029,0.02,0.029,0.029,0.02,0.029,0.02,0.02,0.029,0.02,0.029,0.029,0.02,0.02,0.029,0.02,0.029,0.02,0.029,0.02,0.029,0.02,0.029,0.02,0.029,0.029,0.02,0.02,0.029,0.02,0.029,0.02,0.029,0.02,0.029,0.02,0.029,0.02,0.029,0.029,0.02,0.029,0.02,0.029,0.02,0.02,0.029,0.029,0.02,0.02,0.029,0.029,0.02
PEL,HG01943,0.899378,0.100612,1e-05,HG01941,HG01942,1,0.843601193358864,0.138660214818927,0.0177385918222086,0.202,0.021,0.778,0.113,0.019,0.868,0.988,0.012,0.96,0.04,0.99999,1,2,0.833116,0.865047,0.112701,0.134943,0.054183,1e-05,0.945817,0.99999,0.783857737285391,0.822591251511345,0.145426526840572,0.170877906455776,0.0707157358740368,0.00653084203287879,0.089,0.002,0.09,0.028,0.028,1,0.031931,0.022242,0.054173,0.0541730000000001,0.0387335142259541,0.025451379615204,0.064184893841158,0.1575,0.02,0.823,0.974,0.026,1.5,0.8490815,0.123822,0.0270965,0.9729035,0.803224494398368,0.158152216648174,0.0386232889534578,0.04,0.012,0.012,0.04,0.04,0.012,0.04,0.012,0.04,0.012,0.04,0.012,0.04,0.012,0.04,0.012,0.04,0.012,0.012,0.04,0.04,0.012,0.012,0.04,0.04,0.012,0.04,0.012,0.04,0.012,0.012,0.04,0.04,0.012,0.04,0.012,0.04,0.012,0.012,0.04,0.04,0.012,0.012,0.04,0.04,0.012,0.04,0.012,0.012,0.04,0.04,0.012,0.012,0.04,0.012,0.04,0.04,0.012,0.012,0.04,0.04,0.012,0.04,0.012,0.012,0.04,0.012,0.04,0.04,0.012,0.012,0.04,0.012,0.04,0.04,0.012,0.04,0.012,0.012,0.04,0.04,0.012,0.012,0.04,0.012,0.04,0.012,0.04,0.04,0.012,0.04,0.012,0.012,0.04,0.012,0.04,0.04,0.012,0.04,0.012,0.012,0.04,0.012,0.04,0.012,0.04,0.04,0.012,0.012,0.04,0.04,0.012,0.012,0.04,0.04,0.012,0.012,0.04,0.012,0.04,0.012,0.04,0.04,0.012,0.04,0.012,0.04,0.012,0.04,0.012,0.012,0.04,0.012,0.04,0.04,0.012,0.04,0.012,0.04,0.012,0.012,0.04,0.012,0.04,0.012,0.04,0.012,0.04,0.012,0.04,0.04,0.012,0.04,0.012,0.012,0.04,0.012,0.04,0.012,0.04,0.04,0.012,0.04,0.012,0.04,0.012,0.04,0.012,0.04,0.012,0.04,0.012,0.012,0.04,0.04,0.012,0.04,0.012,0.04,0.012,0.012,0.04,0.012,0.04,0.012,0.04,0.04,0.012,0.012,0.04,0.04,0.012,0.04,0.012,0.04,0.012,0.012,0.04,0.04,0.012
PEL,HG01946,0.785064,0.214926,1e-05,HG01944,HG01945,1,0.743078934750037,0.249544682558101,0.00737638269186293,0.18,0.011,0.81,0.35,0.011,0.64,0.974,0.026,0.996,0.004,0.99999,1,2,0.75388,0.811176,0.239662,0.188814,0.006458,1e-05,0.993542,0.99999,0.704713601516999,0.766842342316895,0.284824422330244,0.221340149093962,0.0104619761527568,0.0118175085891424,0.17,0,0.17,0.022,0.022,1,0.057296,0.050848,0.006448,0.00644800000000012,0.0621287407998959,0.063484273236282,0.0013555324363856,0.265,0.011,0.725,0.985,0.015,1.5,0.782528,0.214238,0.003234,0.996766,0.735777971916947,0.253082285712103,0.0111397423709496,0.004,0.026,0.026,0.004,0.026,0.004,0.004,0.026,0.004,0.026,0.004,0.026,0.004,0.026,0.026,0.004,0.004,0.026,0.004,0.026,0.026,0.004,0.026,0.004,0.004,0.026,0.026,0.004,0.026,0.004,0.026,0.004,0.004,0.026,0.004,0.026,0.004,0.026,0.026,0.004,0.026,0.004,0.026,0.004,0.026,0.004,0.026,0.004,0.026,0.004,0.004,0.026,0.026,0.004,0.004,0.026,0.004,0.026,0.004,0.026,0.004,0.026,0.004,0.026,0.026,0.004,0.026,0.004,0.026,0.004,0.026,0.004,0.004,0.026,0.026,0.004,0.004,0.026,0.004,0.026,0.004,0.026,0.026,0.004,0.004,0.026,0.004,0.026,0.004,0.026,0.026,0.004,0.004,0.026,0.026,0.004,0.004,0.026,0.004,0.026,0.004,0.026,0.004,0.026,0.004,0.026,0.026,0.004,0.004,0.026,0.026,0.004,0.026,0.004,0.026,0.004,0.026,0.004,0.004,0.026,0.026,0.004,0.004,0.026,0.004,0.026,0.004,0.026,0.026,0.004,0.026,0.004,0.026,0.004,0.026,0.004,0.004,0.026,0.026,0.004,0.026,0.004,0.026,0.004,0.004,0.026,0.026,0.004,0.004,0.026,0.004,0.026,0.026,0.004,0.004,0.026,0.026,0.004,0.004,0.026,0.026,0.004,0.004,0.026,0.026,0.004,0.004,0.026,0.004,0.026,0.026,0.004,0.026,0.004,0.004,0.026,0.004,0.026,0.004,0.026,0.004,0.026,0.026,0.004,0.026,0.004,0.026,0.004,0.026,0.004,0.026,0.004,0.026,0.004,0.004,0.026,0.004,0.026,0.004,0.026
PEL,HG01949,0.666757,0.238188,0.095055,HG01947,HG01948,2,0.627468783577379,0.277376354303112,0.0951548621195089,0.534,0.466,0,0.489,0.511,0,0.897,0.103,0.88,0.12,0.904945,1,2,0.636119,0.687657,0.339318,0.136248,0.024563,0.176095,0.975437,0.823905,0.599926732812462,0.660467080787749,0.3628221139424,0.169709010656459,0.0372511532451384,0.169823908555792,0.045,0.045,0,0.017,0.017,1,0.051538,0.20307,0.151532,0.151532,0.060540347975287,0.193113103285941,0.132572755310654,0.5115,0.4885,0,0.8885,0.1115,1.5,0.661888,0.237783,0.100329,0.899671,0.630196906800105,0.266265562299429,0.103537530900465,0.103,0.12,0.103,0.12,0.12,0.103,0.12,0.103,0.103,0.12,0.103,0.12,0.12,0.103,0.103,0.12,0.103,0.12,0.103,0.12,0.103,0.12,0.103,0.12,0.103,0.12,0.12,0.103,0.12,0.103,0.12,0.103,0.103,0.12,0.103,0.12,0.103,0.12,0.103,0.12,0.12,0.103,0.103,0.12,0.12,0.103,0.103,0.12,0.12,0.103,0.12,0.103,0.12,0.103,0.103,0.12,0.12,0.103,0.103,0.12,0.103,0.12,0.12,0.103,0.103,0.12,0.103,0.12,0.103,0.12,0.12,0.103,0.12,0.103,0.12,0.103,0.103,0.12,0.103,0.12,0.103,0.12,0.12,0.103,0.12,0.103,0.12,0.103,0.12,0.103,0.12,0.103,0.103,0.12,0.103,0.12,0.103,0.12,0.103,0.12,0.12,0.103,0.103,0.12,0.103,0.12,0.12,0.103,0.103,0.12,0.103,0.12,0.103,0.12,0.103,0.12,0.103,0.12,0.103,0.12,0.103,0.12,0.12,0.103,0.12,0.103,0.103,0.12,0.12,0.103,0.103,0.12,0.103,0.12,0.103,0.12,0.12,0.103,0.103,0.12,0.12,0.103,0.103,0.12,0.103,0.12,0.103,0.12,0.103,0.12,0.103,0.12,0.103,0.12,0.12,0.103,0.12,0.103,0.12,0.103,0.12,0.103,0.12,0.103,0.12,0.103,0.103,0.12,0.103,0.12,0.12,0.103,0.12,0.103,0.103,0.12,0.103,0.12,0.12,0.103,0.103,0.12,0.103,0.12,0.12,0.103,0.12,0.103,0.12,0.103,0.103,0.12,0.103,0.12,0.103,0.12,0.12,0.103,0.103,0.12
PEL,HG01952,0.994064,0.003474,0.002462,HG01950,HG01951,1,0.885543456746486,0.0811293215595543,0.0333272216939595,0.085,0.056,0.858,0.117,0.03,0.852,0.964,0.036,0.967,0.033,0.997538,1,2,0.896713,0.99998,0.050537,1e-05,0.052751,1e-05,0.94725,0.99999,0.826884335268302,0.929279063971759,0.110401141237487,0.0469462363317793,0.0627145234942109,0.0237746996964617,0.032,0.026,0.00600000000000001,0.003,0.003,1,0.103267,0.050527,0.052741,0.05274,0.102394728703457,0.0634549049057077,0.0389398237977492,0.101,0.043,0.855,0.9655,0.0345,1.5,0.9483465,0.0252735,0.0263805,0.97362,0.87808169962003,0.0786736887846332,0.0432446115953363,0.033,0.036,0.033,0.036,0.033,0.036,0.033,0.036,0.036,0.033,0.036,0.033,0.036,0.033,0.033,0.036,0.036,0.033,0.033,0.036,0.033,0.036,0.033,0.036,0.036,0.033,0.033,0.036,0.033,0.036,0.033,0.036,0.033,0.036,0.033,0.036,0.033,0.036,0.033,0.036,0.036,0.033,0.033,0.036,0.033,0.036,0.036,0.033,0.033,0.036,0.033,0.036,0.036,0.033,0.033,0.036,0.036,0.033,0.036,0.033,0.036,0.033,0.036,0.033,0.036,0.033,0.033,0.036,0.033,0.036,0.036,0.033,0.036,0.033,0.036,0.033,0.033,0.036,0.033,0.036,0.036,0.033,0.033,0.036,0.036,0.033,0.036,0.033,0.036,0.033,0.036,0.033,0.036,0.033,0.036,0.033,0.036,0.033,0.036,0.033,0.033,0.036,0.036,0.033,0.036,0.033,0.036,0.033,0.033,0.036,0.033,0.036,0.033,0.036,0.033,0.036,0.036,0.033,0.033,0.036,0.033,0.036,0.036,0.033,0.036,0.033,0.036,0.033,0.036,0.033,0.033,0.036,0.033,0.036,0.033,0.036,0.036,0.033,0.036,0.033,0.036,0.033,0.036,0.033,0.033,0.036,0.033,0.036,0.036,0.033,0.036,0.033,0.033,0.036,0.036,0.033,0.036,0.033,0.036,0.033,0.033,0.036,0.036,0.033,0.036,0.033,0.036,0.033,0.033,0.036,0.036,0.033,0.036,0.033,0.033,0.036,0.036,0.033,0.036,0.033,0.036,0.033,0.033,0.036,0.033,0.036,0.033,0.036,0.036,0.033,0.033,0.036,0.036,0.033,0.033,0.036,0.036,0.033,0.036,0.033
PEL,HG01955,0.949834,0.050156,1e-05,HG01953,HG01954,2,0.859566620533534,0.129238942912098,0.0111944365543684,0.156,0.012,0.832,0.086,0.007,0.906,0.986,0.014,0.97,0.03,0.99999,1,2,0.918734,0.932545,0.081256,0.067445,1e-05,1e-05,0.99999,0.99999,0.840672171302274,0.874938911316208,0.14145770624389,0.115977524542268,0.0178701224538357,0.0090835641415241,0.07,0.005,0.0740000000000001,0.016,0.016,1,0.0138109999999999,0.013811,0,1.11022302462516e-16,0.034266740013934,0.025480181701622,0.0087865583123116,0.121,0.0095,0.869,0.978,0.022,1.5,0.9256395,0.0743505,1e-05,0.99999,0.857805541309241,0.128717615393079,0.0134768432976799,0.014,0.03,0.03,0.014,0.03,0.014,0.03,0.014,0.014,0.03,0.014,0.03,0.03,0.014,0.03,0.014,0.014,0.03,0.03,0.014,0.014,0.03,0.014,0.03,0.014,0.03,0.03,0.014,0.014,0.03,0.014,0.03,0.014,0.03,0.03,0.014,0.03,0.014,0.03,0.014,0.03,0.014,0.014,0.03,0.03,0.014,0.03,0.014,0.014,0.03,0.014,0.03,0.014,0.03,0.03,0.014,0.014,0.03,0.03,0.014,0.014,0.03,0.03,0.014,0.014,0.03,0.03,0.014,0.03,0.014,0.014,0.03,0.014,0.03,0.03,0.014,0.03,0.014,0.014,0.03,0.014,0.03,0.014,0.03,0.014,0.03,0.03,0.014,0.03,0.014,0.014,0.03,0.03,0.014,0.03,0.014,0.014,0.03,0.014,0.03,0.014,0.03,0.03,0.014,0.014,0.03,0.03,0.014,0.03,0.014,0.014,0.03,0.014,0.03,0.014,0.03,0.014,0.03,0.03,0.014,0.014,0.03,0.03,0.014,0.014,0.03,0.014,0.03,0.014,0.03,0.03,0.014,0.03,0.014,0.014,0.03,0.03,0.014,0.03,0.014,0.03,0.014,0.03,0.014,0.03,0.014,0.03,0.014,0.03,0.014,0.03,0.014,0.03,0.014,0.03,0.014,0.014,0.03,0.03,0.014,0.014,0.03,0.014,0.03,0.03,0.014,0.03,0.014,0.03,0.014,0.03,0.014,0.03,0.014,0.03,0.014,0.03,0.014,0.03,0.014,0.014,0.03,0.014,0.03,0.03,0.014,0.03,0.014,0.014,0.03,0.014,0.03,0.03,0.014,0.03,0.014,0.03,0.014,0.03,0.014
PEL,HG01969,0.811595,0.188395,1e-05,HG01967,HG01968,2,0.766567508123829,0.226325163984414,0.00710732789175678,0.413,0.014,0.573,0.035,0.008,0.957,0.992,0.008,0.98,0.02,0.99999,1,2,0.648655,0.99998,0.351335,1e-05,1e-05,1e-05,0.99999,0.99999,0.618926925158179,0.930192593803281,0.371733115310951,0.0645464833676031,0.00933995953087018,0.00526092282911635,0.378,0.006,0.384,0.012,0.012,1,0.351325,0.351325,0,0,0.311265668645102,0.307186631943348,0.00407903670175383,0.224,0.011,0.765,0.986,0.014,1.5,0.8243175,0.1756725,1e-05,0.99999,0.77455975948073,0.218139799339277,0.00730044117999326,0.008,0.02,0.008,0.02,0.008,0.02,0.02,0.008,0.008,0.02,0.008,0.02,0.008,0.02,0.02,0.008,0.02,0.008,0.008,0.02,0.008,0.02,0.02,0.008,0.008,0.02,0.02,0.008,0.02,0.008,0.008,0.02,0.02,0.008,0.02,0.008,0.02,0.008,0.02,0.008,0.008,0.02,0.008,0.02,0.008,0.02,0.008,0.02,0.008,0.02,0.008,0.02,0.02,0.008,0.02,0.008,0.008,0.02,0.008,0.02,0.008,0.02,0.02,0.008,0.02,0.008,0.02,0.008,0.02,0.008,0.02,0.008,0.02,0.008,0.02,0.008,0.02,0.008,0.008,0.02,0.008,0.02,0.008,0.02,0.008,0.02,0.02,0.008,0.02,0.008,0.02,0.008,0.02,0.008,0.02,0.008,0.02,0.008,0.02,0.008,0.02,0.008,0.008,0.02,0.008,0.02,0.008,0.02,0.008,0.02,0.02,0.008,0.008,0.02,0.02,0.008,0.02,0.008,0.02,0.008,0.02,0.008,0.008,0.02,0.008,0.02,0.008,0.02,0.008,0.02,0.008,0.02,0.008,0.02,0.008,0.02,0.008,0.02,0.008,0.02,0.008,0.02,0.02,0.008,0.008,0.02,0.02,0.008,0.02,0.008,0.02,0.008,0.008,0.02,0.008,0.02,0.02,0.008,0.02,0.008,0.02,0.008,0.008,0.02,0.02,0.008,0.008,0.02,0.02,0.008,0.008,0.02,0.008,0.02,0.008,0.02,0.008,0.02,0.02,0.008,0.008,0.02,0.02,0.008,0.02,0.008,0.02,0.008,0.02,0.008,0.02,0.008,0.008,0.02,0.02,0.008,0.008,0.02,0.008,0.02
PEL,HG01972,0.615249,0.277643,0.107108,HG01970,HG01971,2,0.582633531091592,0.307334907096434,0.110031561811975,0.533,0.467,0,0.469,0.531,0,0.795,0.205,0.972,0.028,0.892892,1,2,0.68252,0.583301,0.31747,0.255867,1e-05,0.160832,0.99999,0.839168,0.655777122536473,0.569437758950074,0.339686157590597,0.273376725467344,0.00453671987293038,0.157185515582581,0.0640000000000001,0.064,0,0.177,0.177,1,0.0992190000000001,0.061603,0.160822,0.160822,0.086339363586399,0.066309432123253,0.152648795709651,0.501,0.499,0,0.8835,0.1165,1.5,0.6329105,0.2866685,0.080421,0.919579,0.612607440743274,0.30653144152897,0.0808611177277557,0.205,0.028,0.205,0.028,0.205,0.028,0.205,0.028,0.205,0.028,0.028,0.205,0.205,0.028,0.028,0.205,0.205,0.028,0.205,0.028,0.205,0.028,0.028,0.205,0.205,0.028,0.205,0.028,0.028,0.205,0.028,0.205,0.028,0.205,0.205,0.028,0.205,0.028,0.028,0.205,0.205,0.028,0.028,0.205,0.205,0.028,0.028,0.205,0.028,0.205,0.028,0.205,0.205,0.028,0.205,0.028,0.028,0.205,0.028,0.205,0.205,0.028,0.205,0.028,0.028,0.205,0.205,0.028,0.028,0.205,0.028,0.205,0.028,0.205,0.205,0.028,0.205,0.028,0.205,0.028,0.205,0.028,0.028,0.205,0.028,0.205,0.028,0.205,0.205,0.028,0.028,0.205,0.205,0.028,0.205,0.028,0.028,0.205,0.028,0.205,0.205,0.028,0.205,0.028,0.205,0.028,0.028,0.205,0.028,0.205,0.205,0.028,0.028,0.205,0.205,0.028,0.028,0.205,0.028,0.205,0.028,0.205,0.205,0.028,0.205,0.028,0.205,0.028,0.028,0.205,0.205,0.028,0.205,0.028,0.205,0.028,0.205,0.028,0.205,0.028,0.028,0.205,0.028,0.205,0.205,0.028,0.028,0.205,0.205,0.028,0.028,0.205,0.205,0.028,0.028,0.205,0.028,0.205,0.205,0.028,0.028,0.205,0.028,0.205,0.205,0.028,0.205,0.028,0.028,0.205,0.205,0.028,0.028,0.205,0.028,0.205,0.205,0.028,0.205,0.028,0.205,0.028,0.028,0.205,0.028,0.205,0.205,0.028,0.205,0.028,0.205,0.028,0.205,0.028,0.205,0.028,0.028,0.205,0.028,0.205
PEL,HG01975,0.950924,0.049066,1e-05,HG01974,HG01973,2,0.870995174392185,0.0972237989992785,0.0317810266085367,0.093,0.043,0.863,0.101,0.021,0.878,0.96,0.04,0.938,0.062,0.99999,1,2,0.99998,0.835563,1e-05,0.150151,1e-05,0.014286,0.99999,0.985714,0.929875501882257,0.78181358662654,0.0615181407332238,0.180024406828434,0.00860635738451938,0.0381620065450263,0.00800000000000001,0.022,0.015,0.022,0.022,1,0.164417,0.150141,0.014276,0.014276,0.148061915255717,0.11850626609521,0.0295556491605069,0.097,0.032,0.8705,0.949,0.051,1.5,0.9177715,0.0750805,0.007148,0.992852,0.855844544254398,0.120771273780829,0.0233841819647728,0.04,0.062,0.062,0.04,0.04,0.062,0.062,0.04,0.04,0.062,0.062,0.04,0.04,0.062,0.062,0.04,0.04,0.062,0.04,0.062,0.062,0.04,0.062,0.04,0.062,0.04,0.04,0.062,0.04,0.062,0.062,0.04,0.04,0.062,0.062,0.04,0.04,0.062,0.04,0.062,0.04,0.062,0.062,0.04,0.04,0.062,0.04,0.062,0.062,0.04,0.062,0.04,0.04,0.062,0.062,0.04,0.04,0.062,0.062,0.04,0.062,0.04,0.04,0.062,0.04,0.062,0.04,0.062,0.062,0.04,0.04,0.062,0.04,0.062,0.062,0.04,0.062,0.04,0.062,0.04,0.062,0.04,0.04,0.062,0.04,0.062,0.062,0.04,0.04,0.062,0.04,0.062,0.062,0.04,0.04,0.062,0.04,0.062,0.04,0.062,0.04,0.062,0.062,0.04,0.04,0.062,0.04,0.062,0.062,0.04,0.062,0.04,0.04,0.062,0.062,0.04,0.062,0.04,0.04,0.062,0.062,0.04,0.04,0.062,0.062,0.04,0.062,0.04,0.04,0.062,0.062,0.04,0.062,0.04,0.062,0.04,0.062,0.04,0.062,0.04,0.062,0.04,0.062,0.04,0.062,0.04,0.062,0.04,0.04,0.062,0.04,0.062,0.04,0.062,0.062,0.04,0.062,0.04,0.062,0.04,0.062,0.04,0.04,0.062,0.062,0.04,0.062,0.04,0.062,0.04,0.062,0.04,0.062,0.04,0.04,0.062,0.04,0.062,0.062,0.04,0.062,0.04,0.04,0.062,0.04,0.062,0.062,0.04,0.04,0.062,0.04,0.062,0.04,0.062,0.062,0.04,0.062,0.04,0.062,0.04
PEL,HG01978,0.781288,0.218702,1e-05,HG01977,HG01976,2,0.746131509109721,0.24667592518524,0.00719256570503867,0.111,0.002,0.888,0.359,0.007,0.634,0.972,0.028,0.997,0.003,0.99999,1,2,0.80786,0.69774,0.19213,0.30225,1e-05,1e-05,0.99999,0.99999,0.766375827445767,0.660592573914493,0.224619870133945,0.327721451510148,0.00900430242028823,0.011685974575359,0.248,0.005,0.254,0.025,0.025,1,0.11012,0.11012,0,0,0.105783253531274,0.103101581376203,0.00268167215507077,0.235,0.0045,0.761,0.9845,0.0155,1.5,0.7528,0.24719,1e-05,0.99999,0.71348420068013,0.276170660822046,0.0103451384978236,0.028,0.003,0.003,0.028,0.028,0.003,0.003,0.028,0.028,0.003,0.003,0.028,0.003,0.028,0.028,0.003,0.003,0.028,0.003,0.028,0.003,0.028,0.028,0.003,0.028,0.003,0.028,0.003,0.003,0.028,0.003,0.028,0.003,0.028,0.003,0.028,0.028,0.003,0.028,0.003,0.003,0.028,0.003,0.028,0.003,0.028,0.028,0.003,0.028,0.003,0.028,0.003,0.028,0.003,0.028,0.003,0.028,0.003,0.028,0.003,0.028,0.003,0.003,0.028,0.028,0.003,0.028,0.003,0.003,0.028,0.028,0.003,0.003,0.028,0.028,0.003,0.003,0.028,0.003,0.028,0.003,0.028,0.003,0.028,0.003,0.028,0.003,0.028,0.003,0.028,0.028,0.003,0.028,0.003,0.028,0.003,0.028,0.003,0.028,0.003,0.003,0.028,0.028,0.003,0.028,0.003,0.028,0.003,0.003,0.028,0.003,0.028,0.028,0.003,0.003,0.028,0.003,0.028,0.003,0.028,0.003,0.028,0.003,0.028,0.028,0.003,0.028,0.003,0.028,0.003,0.003,0.028,0.028,0.003,0.028,0.003,0.028,0.003,0.003,0.028,0.028,0.003,0.028,0.003,0.003,0.028,0.003,0.028,0.028,0.003,0.003,0.028,0.028,0.003,0.003,0.028,0.003,0.028,0.028,0.003,0.028,0.003,0.003,0.028,0.003,0.028,0.003,0.028,0.028,0.003,0.028,0.003,0.003,0.028,0.003,0.028,0.003,0.028,0.028,0.003,0.028,0.003,0.003,0.028,0.003,0.028,0.028,0.003,0.028,0.003,0.003,0.028,0.003,0.028,0.003,0.028,0.028,0.003,0.028,0.003
PEL,HG01981,0.729347,0.270643,1e-05,HG01979,HG01980,2,0.685428564863832,0.292489015465045,0.022082419671123,0.465,0.024,0.511,0.151,0.023,0.825,0.937,0.063,0.982,0.018,0.99999,1,2,0.712616,0.749602,0.287374,0.240736,1e-05,0.009662,0.99999,0.990338,0.687367908197451,0.715578138280726,0.29905162110714,0.254453986635339,0.0135804706954085,0.0299678750839346,0.314,0.001,0.314,0.0449999999999999,0.045,1,0.036986,0.046638,0.009652,0.0096520000000001,0.0282102300832751,0.044597634471801,0.0163874043885261,0.308,0.0235,0.668,0.9595,0.0405,1.5,0.731109,0.264055,0.004836,0.995164,0.701473023239088,0.27675280387124,0.0217741728896715,0.063,0.018,0.018,0.063,0.018,0.063,0.018,0.063,0.018,0.063,0.018,0.063,0.018,0.063,0.063,0.018,0.018,0.063,0.063,0.018,0.018,0.063,0.063,0.018,0.018,0.063,0.063,0.018,0.063,0.018,0.063,0.018,0.018,0.063,0.063,0.018,0.063,0.018,0.063,0.018,0.063,0.018,0.063,0.018,0.063,0.018,0.018,0.063,0.018,0.063,0.018,0.063,0.063,0.018,0.063,0.018,0.018,0.063,0.018,0.063,0.018,0.063,0.018,0.063,0.063,0.018,0.063,0.018,0.063,0.018,0.063,0.018,0.063,0.018,0.063,0.018,0.018,0.063,0.063,0.018,0.018,0.063,0.063,0.018,0.018,0.063,0.063,0.018,0.063,0.018,0.063,0.018,0.063,0.018,0.018,0.063,0.063,0.018,0.063,0.018,0.018,0.063,0.018,0.063,0.018,0.063,0.063,0.018,0.018,0.063,0.018,0.063,0.063,0.018,0.063,0.018,0.063,0.018,0.063,0.018,0.063,0.018,0.018,0.063,0.063,0.018,0.063,0.018,0.018,0.063,0.063,0.018,0.018,0.063,0.018,0.063,0.018,0.063,0.018,0.063,0.063,0.018,0.018,0.063,0.063,0.018,0.018,0.063,0.063,0.018,0.018,0.063,0.018,0.063,0.018,0.063,0.063,0.018,0.063,0.018,0.018,0.063,0.063,0.018,0.018,0.063,0.018,0.063,0.018,0.063,0.018,0.063,0.063,0.018,0.063,0.018,0.018,0.063,0.018,0.063,0.018,0.063,0.018,0.063,0.063,0.018,0.018,0.063,0.063,0.018,0.018,0.063,0.063,0.018,0.063,0.018,0.063,0.018,0.018,0.063
PEL,HG01984,0.749567,0.250423,1e-05,HG01982,HG01983,1,0.705352999931917,0.288209315078289,0.006437684989794,0.238,0.002,0.76,0.311,0.021,0.668,0.796,0.204,1,0,0.99999,1,2,0.781818,0.709343,0.218172,0.290647,1e-05,1e-05,0.99999,0.99999,0.749780676425065,0.667851040933627,0.242075170236419,0.326891021435148,0.0081441533385158,0.0052579376312249,0.073,0.019,0.092,0.204,0.204,1,0.0724750000000001,0.072475,0,1.11022302462516e-16,0.0819296354914379,0.084815851198729,0.0028862157072909,0.2745,0.0115,0.714,0.898,0.102,1.5,0.7455805,0.2544095,1e-05,0.99999,0.708815858679346,0.284483095835783,0.00670104548487035,0.204,0,0.204,0,0.204,0,0.204,0,0,0.204,0,0.204,0,0.204,0.204,0,0,0.204,0.204,0,0,0.204,0,0.204,0.204,0,0,0.204,0.204,0,0.204,0,0,0.204,0,0.204,0.204,0,0,0.204,0,0.204,0.204,0,0.204,0,0.204,0,0.204,0,0,0.204,0,0.204,0.204,0,0.204,0,0,0.204,0.204,0,0.204,0,0,0.204,0,0.204,0,0.204,0.204,0,0,0.204,0.204,0,0.204,0,0.204,0,0,0.204,0.204,0,0,0.204,0,0.204,0,0.204,0.204,0,0.204,0,0.204,0,0,0.204,0,0.204,0,0.204,0,0.204,0,0.204,0,0.204,0.204,0,0.204,0,0.204,0,0,0.204,0.204,0,0,0.204,0,0.204,0.204,0,0.204,0,0,0.204,0.204,0,0.204,0,0.204,0,0,0.204,0,0.204,0.204,0,0.204,0,0.204,0,0,0.204,0.204,0,0.204,0,0,0.204,0.204,0,0,0.204,0.204,0,0.204,0,0,0.204,0.204,0,0,0.204,0,0.204,0,0.204,0,0.204,0,0.204,0,0.204,0.204,0,0,0.204,0.204,0,0.204,0,0,0.204,0.204,0,0.204,0,0.204,0,0,0.204,0,0.204,0,0.204,0,0.204
PEL,HG01993,0.854508,0.145482,1e-05,HG01991,HG01992,2,0.80263146703641,0.188386168098636,0.00898236486495464,0.115,0.005,0.88,0.296,0.012,0.692,0.982,0.018,0.988,0.012,0.99999,1,2,0.765858,0.92736,0.232176,0.07263,0.001965,1e-05,0.998034,0.99999,0.728126927967006,0.877276093414688,0.249321467723422,0.119694987738317,0.0225516043095722,0.00302891884699551,0.181,0.007,0.188,0.00600000000000001,0.006,1,0.161502,0.159546,0.001955,0.00195599999999985,0.149149165447682,0.129626479985105,0.0195226854625767,0.2055,0.0085,0.786,0.985,0.015,1.5,0.846609,0.152403,0.0009875,0.999012,0.802701510690847,0.18450822773087,0.0127902615782839,0.012,0.018,0.012,0.018,0.018,0.012,0.012,0.018,0.018,0.012,0.012,0.018,0.012,0.018,0.012,0.018,0.018,0.012,0.018,0.012,0.018,0.012,0.018,0.012,0.018,0.012,0.018,0.012,0.012,0.018,0.018,0.012,0.018,0.012,0.012,0.018,0.018,0.012,0.012,0.018,0.018,0.012,0.012,0.018,0.012,0.018,0.012,0.018,0.018,0.012,0.018,0.012,0.012,0.018,0.018,0.012,0.018,0.012,0.018,0.012,0.018,0.012,0.012,0.018,0.018,0.012,0.018,0.012,0.018,0.012,0.018,0.012,0.018,0.012,0.012,0.018,0.012,0.018,0.012,0.018,0.012,0.018,0.018,0.012,0.018,0.012,0.012,0.018,0.018,0.012,0.018,0.012,0.012,0.018,0.018,0.012,0.012,0.018,0.018,0.012,0.018,0.012,0.012,0.018,0.018,0.012,0.012,0.018,0.012,0.018,0.018,0.012,0.018,0.012,0.018,0.012,0.012,0.018,0.018,0.012,0.012,0.018,0.018,0.012,0.012,0.018,0.018,0.012,0.012,0.018,0.018,0.012,0.018,0.012,0.012,0.018,0.012,0.018,0.012,0.018,0.018,0.012,0.018,0.012,0.012,0.018,0.018,0.012,0.012,0.018,0.012,0.018,0.018,0.012,0.012,0.018,0.018,0.012,0.012,0.018,0.012,0.018,0.012,0.018,0.012,0.018,0.012,0.018,0.018,0.012,0.012,0.018,0.012,0.018,0.012,0.018,0.012,0.018,0.018,0.012,0.012,0.018,0.012,0.018,0.018,0.012,0.018,0.012,0.012,0.018,0.018,0.012,0.012,0.018,0.018,0.012,0.012,0.018,0.012,0.018
PEL,HG01998,0.90646,0.09353,1e-05,HG02008,HG01997,1,0.850586417222425,0.14072050583933,0.00869307693824541,0.097,0.024,0.879,0.192,0.015,0.793,0.948,0.052,0.967,0.033,0.99999,1,2,0.861048,0.908188,0.138942,0.091802,1e-05,1e-05,0.99999,0.99999,0.819155713643914,0.853790896144844,0.166641155714938,0.140460693226136,0.0142031306411473,0.00574841062902021,0.095,0.009,0.086,0.019,0.019,1,0.04714,0.04714,0,1.11022302462516e-16,0.03463518250093,0.026180462488802,0.00845472001212709,0.1445,0.0195,0.836,0.9575,0.0425,1.5,0.884618,0.115372,1e-05,0.99999,0.836473304894379,0.153550924470537,0.00997577063508375,0.033,0.052,0.033,0.052,0.052,0.033,0.033,0.052,0.033,0.052,0.052,0.033,0.033,0.052,0.052,0.033,0.033,0.052,0.052,0.033,0.033,0.052,0.033,0.052,0.052,0.033,0.052,0.033,0.033,0.052,0.052,0.033,0.033,0.052,0.052,0.033,0.052,0.033,0.052,0.033,0.033,0.052,0.033,0.052,0.052,0.033,0.052,0.033,0.033,0.052,0.033,0.052,0.033,0.052,0.033,0.052,0.033,0.052,0.033,0.052,0.033,0.052,0.033,0.052,0.052,0.033,0.052,0.033,0.052,0.033,0.052,0.033,0.033,0.052,0.052,0.033,0.052,0.033,0.033,0.052,0.052,0.033,0.033,0.052,0.033,0.052,0.033,0.052,0.033,0.052,0.033,0.052,0.052,0.033,0.033,0.052,0.052,0.033,0.033,0.052,0.033,0.052,0.033,0.052,0.052,0.033,0.033,0.052,0.033,0.052,0.033,0.052,0.052,0.033,0.052,0.033,0.033,0.052,0.033,0.052,0.052,0.033,0.033,0.052,0.033,0.052,0.033,0.052,0.052,0.033,0.033,0.052,0.033,0.052,0.052,0.033,0.033,0.052,0.052,0.033,0.052,0.033,0.052,0.033,0.033,0.052,0.052,0.033,0.052,0.033,0.033,0.052,0.033,0.052,0.033,0.052,0.033,0.052,0.052,0.033,0.052,0.033,0.052,0.033,0.033,0.052,0.033,0.052,0.033,0.052,0.052,0.033,0.033,0.052,0.052,0.033,0.052,0.033,0.052,0.033,0.033,0.052,0.033,0.052,0.052,0.033,0.033,0.052,0.052,0.033,0.052,0.033,0.052,0.033,0.033,0.052,0.033,0.052,0.052,0.033
PEL,HG02004,0.840549,0.159441,1e-05,HG02002,HG02003,2,0.777658383410523,0.215895600458853,0.00644601613062379,0.248,0.011,0.742,0.149,0.005,0.847,0.932,0.068,0.998,0.002,0.99999,1,2,0.794099,0.825801,0.205891,0.174189,1e-05,1e-05,0.99999,0.99999,0.745702525314218,0.77717147840954,0.24657296344926,0.215534937287198,0.00772451123652197,0.00729358430326228,0.099,0.006,0.105,0.0659999999999999,0.066,1,0.031702,0.031702,0,1.11022302462516e-16,0.031468953095322,0.031038026162062,0.00043092693325969,0.1985,0.008,0.7945,0.965,0.035,1.5,0.80995,0.19004,1e-05,0.99999,0.761437001861879,0.231053950368229,0.00750904776989213,0.068,0.002,0.002,0.068,0.068,0.002,0.068,0.002,0.002,0.068,0.002,0.068,0.068,0.002,0.068,0.002,0.002,0.068,0.002,0.068,0.002,0.068,0.002,0.068,0.002,0.068,0.068,0.002,0.002,0.068,0.002,0.068,0.068,0.002,0.002,0.068,0.068,0.002,0.068,0.002,0.068,0.002,0.002,0.068,0.068,0.002,0.068,0.002,0.002,0.068,0.068,0.002,0.068,0.002,0.002,0.068,0.068,0.002,0.068,0.002,0.068,0.002,0.068,0.002,0.002,0.068,0.002,0.068,0.002,0.068,0.002,0.068,0.068,0.002,0.068,0.002,0.068,0.002,0.068,0.002,0.002,0.068,0.068,0.002,0.002,0.068,0.002,0.068,0.068,0.002,0.002,0.068,0.002,0.068,0.002,0.068,0.068,0.002,0.068,0.002,0.002,0.068,0.002,0.068,0.068,0.002,0.002,0.068,0.068,0.002,0.068,0.002,0.068,0.002,0.068,0.002,0.002,0.068,0.002,0.068,0.002,0.068,0.002,0.068,0.068,0.002,0.068,0.002,0.068,0.002,0.068,0.002,0.068,0.002,0.068,0.002,0.068,0.002,0.002,0.068,0.068,0.002,0.002,0.068,0.002,0.068,0.068,0.002,0.002,0.068,0.068,0.002,0.068,0.002,0.002,0.068,0.068,0.002,0.068,0.002,0.002,0.068,0.002,0.068,0.002,0.068,0.068,0.002,0.002,0.068,0.002,0.068,0.002,0.068,0.068,0.002,0.002,0.068,0.068,0.002,0.002,0.068,0.068,0.002,0.002,0.068,0.002,0.068,0.002,0.068,0.002,0.068,0.002,0.068,0.068,0.002,0.002,0.068,0.002,0.068
PEL,HG02091,0.597718,0.329265,0.073018,HG02090,HG02089,2,0.578304126714922,0.341812455483971,0.0798834178011068,0.525,0.475,0,0.522,0.478,0,0.957,0.043,0.884,0.116,0.926983,1,2,0.564228,0.673904,0.31833,0.317354,0.117442,0.008742,0.882558,0.991258,0.54541273430067,0.649833845060216,0.334922358858502,0.326329953402446,0.119664906840828,0.023836201537338,0.003,0.003,0,0.073,0.073,1,0.109676,0.000975999999999977,0.1087,0.1087,0.104421110759546,0.008592405456056,0.09582870530349,0.5235,0.4765,0,0.9205,0.0795,1.5,0.619066,0.317842,0.063092,0.936908,0.597623289680443,0.330626156130474,0.071750554189083,0.043,0.116,0.116,0.043,0.116,0.043,0.116,0.043,0.043,0.116,0.043,0.116,0.043,0.116,0.116,0.043,0.043,0.116,0.116,0.043,0.043,0.116,0.043,0.116,0.116,0.043,0.043,0.116,0.043,0.116,0.116,0.043,0.043,0.116,0.116,0.043,0.116,0.043,0.116,0.043,0.116,0.043,0.116,0.043,0.043,0.116,0.116,0.043,0.043,0.116,0.043,0.116,0.116,0.043,0.116,0.043,0.043,0.116,0.116,0.043,0.043,0.116,0.116,0.043,0.043,0.116,0.116,0.043,0.116,0.043,0.043,0.116,0.043,0.116,0.116,0.043,0.043,0.116,0.116,0.043,0.043,0.116,0.116,0.043,0.043,0.116,0.043,0.116,0.043,0.116,0.116,0.043,0.116,0.043,0.043,0.116,0.043,0.116,0.043,0.116,0.116,0.043,0.043,0.116,0.043,0.116,0.116,0.043,0.116,0.043,0.116,0.043,0.043,0.116,0.043,0.116,0.043,0.116,0.043,0.116,0.043,0.116,0.116,0.043,0.116,0.043,0.116,0.043,0.116,0.043,0.043,0.116,0.116,0.043,0.116,0.043,0.043,0.116,0.043,0.116,0.043,0.116,0.116,0.043,0.116,0.043,0.043,0.116,0.116,0.043,0.043,0.116,0.116,0.043,0.043,0.116,0.043,0.116,0.116,0.043,0.116,0.043,0.116,0.043,0.116,0.043,0.116,0.043,0.116,0.043,0.116,0.043,0.116,0.043,0.116,0.043,0.043,0.116,0.116,0.043,0.116,0.043,0.043,0.116,0.116,0.043,0.116,0.043,0.116,0.043,0.043,0.116,0.116,0.043,0.116,0.043,0.116,0.043,0.043,0.116
PEL,HG02106,0.99998,1e-05,1e-05,HG02104,HG02105,2,0.896020578550847,0.0993627858527774,0.00461663559637574,0.089,0.002,0.909,0.141,0.003,0.857,0.964,0.036,0.997,0.003,0.99999,1,2,0.925968,0.998805,0.074022,0.001185,1e-05,1e-05,0.99999,0.99999,0.854068028068046,0.917615420349905,0.140240446144543,0.0785395769447755,0.00569152578741108,0.00384500270531912,0.052,0.001,0.052,0.033,0.033,1,0.072837,0.072837,0,0,0.0635473922818589,0.0617008691997675,0.00184652308209196,0.115,0.0025,0.883,0.9805,0.0195,1.5,0.9623865,0.0376035,1e-05,0.99999,0.885841724208976,0.109390011544659,0.0047682642463651,0.003,0.036,0.003,0.036,0.036,0.003,0.003,0.036,0.036,0.003,0.003,0.036,0.036,0.003,0.003,0.036,0.036,0.003,0.036,0.003,0.036,0.003,0.036,0.003,0.036,0.003,0.036,0.003,0.003,0.036,0.036,0.003,0.003,0.036,0.003,0.036,0.036,0.003,0.003,0.036,0.036,0.003,0.003,0.036,0.036,0.003,0.036,0.003,0.003,0.036,0.036,0.003,0.036,0.003,0.036,0.003,0.036,0.003,0.003,0.036,0.003,0.036,0.003,0.036,0.003,0.036,0.003,0.036,0.003,0.036,0.003,0.036,0.003,0.036,0.003,0.036,0.036,0.003,0.036,0.003,0.036,0.003,0.036,0.003,0.003,0.036,0.036,0.003,0.003,0.036,0.003,0.036,0.036,0.003,0.036,0.003,0.036,0.003,0.036,0.003,0.036,0.003,0.003,0.036,0.036,0.003,0.003,0.036,0.036,0.003,0.036,0.003,0.003,0.036,0.036,0.003,0.036,0.003,0.003,0.036,0.036,0.003,0.003,0.036,0.003,0.036,0.036,0.003,0.003,0.036,0.003,0.036,0.003,0.036,0.003,0.036,0.036,0.003,0.036,0.003,0.036,0.003,0.036,0.003,0.003,0.036,0.036,0.003,0.036,0.003,0.003,0.036,0.003,0.036,0.003,0.036,0.003,0.036,0.036,0.003,0.003,0.036,0.036,0.003,0.036,0.003,0.036,0.003,0.003,0.036,0.003,0.036,0.003,0.036,0.036,0.003,0.036,0.003,0.036,0.003,0.003,0.036,0.036,0.003,0.003,0.036,0.036,0.003,0.003,0.036,0.036,0.003,0.036,0.003,0.003,0.036,0.003,0.036,0.003,0.036
PEL,HG02148,0.938397,0.061593,1e-05,HG02146,HG02147,2,0.855172047346604,0.142158497558652,0.00266945509474364,0.101,0.004,0.895,0.191,0.001,0.808,0.942,0.058,1,0,0.99999,1,2,0.919448,0.944721,0.080542,0.055269,1e-05,1e-05,0.99999,0.99999,0.85297381081226,0.887746357274268,0.14330020669617,0.106570939915869,0.00372598249156978,0.0056827028098625,0.09,0.003,0.087,0.0580000000000001,0.058,1,0.025273,0.025273,0,0,0.034772546462008,0.036729266780301,0.00195672031829272,0.146,0.0025,0.8515,0.971,0.029,1.5,0.9320845,0.0679055,1e-05,0.99999,0.870360084043264,0.124935573306019,0.00470434265071614,0,0.058,0,0.058,0,0.058,0.058,0,0.058,0,0,0.058,0.058,0,0.058,0,0.058,0,0,0.058,0,0.058,0.058,0,0,0.058,0.058,0,0.058,0,0,0.058,0,0.058,0.058,0,0.058,0,0,0.058,0,0.058,0.058,0,0,0.058,0.058,0,0.058,0,0,0.058,0,0.058,0.058,0,0,0.058,0,0.058,0,0.058,0.058,0,0.058,0,0.058,0,0,0.058,0,0.058,0,0.058,0.058,0,0.058,0,0,0.058,0.058,0,0.058,0,0,0.058,0,0.058,0,0.058,0,0.058,0,0.058,0.058,0,0,0.058,0,0.058,0.058,0,0,0.058,0.058,0,0,0.058,0,0.058,0.058,0,0.058,0,0.058,0,0,0.058,0,0.058,0,0.058,0.058,0,0.058,0,0,0.058,0.058,0,0.058,0,0,0.058,0.058,0,0,0.058,0.058,0,0,0.058,0.058,0,0.058,0,0.058,0,0.058,0,0,0.058,0.058,0,0,0.058,0,0.058,0.058,0,0.058,0,0,0.058,0,0.058,0,0.058,0,0.058,0.058,0,0,0.058,0,0.058,0,0.058,0,0.058,0.058,0,0.058,0,0.058,0,0,0.058,0,0.058,0,0.058,0,0.058,0,0.058,0,0.058,0,0.058
PEL,HG02261,0.945221,0.054769,1e-05,HG02259,HG02260,1,0.868958485303996,0.119451373161338,0.0115901415346653,0.043,0.021,0.937,0.187,0.004,0.81,0.989,0.011,0.986,0.014,0.99999,1,2,0.999971,0.846945,1.9e-05,0.153045,1e-05,1e-05,0.99999,0.99999,0.94586126525029,0.792069369802887,0.0479965946756462,0.20021617571313,0.00614214007406364,0.00771445448398319,0.144,0.017,0.127,0.003,0.003,1,0.153026,0.153026,0,1.11022302462516e-16,0.153791895447403,0.152219581037484,0.00157231440991955,0.115,0.0125,0.8735,0.9875,0.0125,1.5,0.923458,0.076532,1e-05,0.99999,0.868965317526589,0.124106385194388,0.00692829727902342,0.014,0.011,0.011,0.014,0.011,0.014,0.011,0.014,0.011,0.014,0.011,0.014,0.011,0.014,0.011,0.014,0.014,0.011,0.014,0.011,0.014,0.011,0.014,0.011,0.014,0.011,0.011,0.014,0.014,0.011,0.011,0.014,0.011,0.014,0.014,0.011,0.011,0.014,0.014,0.011,0.014,0.011,0.014,0.011,0.011,0.014,0.014,0.011,0.014,0.011,0.014,0.011,0.014,0.011,0.014,0.011,0.011,0.014,0.014,0.011,0.014,0.011,0.011,0.014,0.014,0.011,0.011,0.014,0.011,0.014,0.014,0.011,0.014,0.011,0.014,0.011,0.014,0.011,0.011,0.014,0.014,0.011,0.011,0.014,0.014,0.011,0.011,0.014,0.011,0.014,0.011,0.014,0.011,0.014,0.011,0.014,0.011,0.014,0.014,0.011,0.014,0.011,0.014,0.011,0.014,0.011,0.011,0.014,0.014,0.011,0.014,0.011,0.014,0.011,0.014,0.011,0.011,0.014,0.014,0.011,0.011,0.014,0.011,0.014,0.011,0.014,0.014,0.011,0.014,0.011,0.014,0.011,0.011,0.014,0.011,0.014,0.014,0.011,0.014,0.011,0.014,0.011,0.011,0.014,0.011,0.014,0.011,0.014,0.011,0.014,0.014,0.011,0.011,0.014,0.014,0.011,0.011,0.014,0.014,0.011,0.011,0.014,0.014,0.011,0.011,0.014,0.014,0.011,0.011,0.014,0.014,0.011,0.014,0.011,0.014,0.011,0.011,0.014,0.011,0.014,0.014,0.011,0.014,0.011,0.011,0.014,0.014,0.011,0.011,0.014,0.014,0.011,0.014,0.011,0.014,0.011,0.011,0.014,0.014,0.011
PEL,HG02273,0.999971,1.9e-05,1e-05,HG02271,HG02272,2,0.971487780569315,0.0277660682386717,0.000746151192012908,0.013,0.001,0.986,0.041,0,0.959,0.995,0.005,1,0,0.99999,1,2,0.99998,0.999976,1e-05,1.4e-05,1e-05,1e-05,0.99999,0.99999,0.937507530904865,0.980297340748123,0.0490007751944796,0.0193264002458234,0.0134916939006549,0.000376259006053665,0.028,0.001,0.027,0.005,0.005,1,4.000000000004e-06,4e-06,0,0,0.042789809843258,0.0296743749486562,0.0131154348946012,0.027,5e-04,0.9725,0.9975,0.0025,1.5,0.999978,1.2e-05,1e-05,0.99999,0.958902435826494,0.0341635877201515,0.00693397645335428,0,0.005,0.005,0,0.005,0,0.005,0,0.005,0,0.005,0,0.005,0,0.005,0,0.005,0,0,0.005,0.005,0,0.005,0,0,0.005,0.005,0,0.005,0,0,0.005,0,0.005,0,0.005,0.005,0,0.005,0,0,0.005,0.005,0,0.005,0,0,0.005,0.005,0,0,0.005,0,0.005,0,0.005,0.005,0,0,0.005,0.005,0,0.005,0,0.005,0,0.005,0,0,0.005,0.005,0,0,0.005,0,0.005,0,0.005,0.005,0,0,0.005,0,0.005,0.005,0,0,0.005,0.005,0,0,0.005,0,0.005,0,0.005,0,0.005,0,0.005,0.005,0,0.005,0,0,0.005,0.005,0,0.005,0,0,0.005,0.005,0,0.005,0,0.005,0,0,0.005,0,0.005,0.005,0,0,0.005,0,0.005,0,0.005,0.005,0,0,0.005,0,0.005,0.005,0,0,0.005,0,0.005,0,0.005,0,0.005,0,0.005,0.005,0,0.005,0,0,0.005,0.005,0,0.005,0,0,0.005,0.005,0,0,0.005,0,0.005,0.005,0,0,0.005,0,0.005,0.005,0,0.005,0,0,0.005,0.005,0,0,0.005,0,0.005,0,0.005,0.005,0,0,0.005,0.005,0,0,0.005,0.005,0,0.005,0,0,0.005
PEL,HG02279,0.837253,0.162737,1e-05,HG02277,HG02278,1,0.780844818173451,0.20626197293095,0.0128932088955984,0.15,0.012,0.838,0.266,0.007,0.728,0.982,0.018,0.989,0.011,0.99999,1,2,0.708936,0.929992,0.291054,0.069998,1e-05,1e-05,0.99999,0.99999,0.677858668187223,0.879915444114858,0.318728817172829,0.104900810699715,0.00341251463994804,0.0151837451854276,0.116,0.005,0.11,0.00700000000000001,0.007,1,0.221056,0.221056,0,1.11022302462516e-16,0.202056775927635,0.213828006473114,0.0117712305454796,0.208,0.0095,0.783,0.9855,0.0145,1.5,0.819464,0.180526,1e-05,0.99999,0.77888705615104,0.211814813936272,0.00929812991268782,0.018,0.011,0.011,0.018,0.011,0.018,0.011,0.018,0.011,0.018,0.018,0.011,0.018,0.011,0.011,0.018,0.011,0.018,0.011,0.018,0.011,0.018,0.018,0.011,0.011,0.018,0.011,0.018,0.018,0.011,0.018,0.011,0.011,0.018,0.018,0.011,0.018,0.011,0.011,0.018,0.011,0.018,0.018,0.011,0.011,0.018,0.018,0.011,0.018,0.011,0.018,0.011,0.011,0.018,0.018,0.011,0.011,0.018,0.011,0.018,0.011,0.018,0.011,0.018,0.018,0.011,0.011,0.018,0.018,0.011,0.018,0.011,0.011,0.018,0.011,0.018,0.011,0.018,0.018,0.011,0.011,0.018,0.011,0.018,0.018,0.011,0.018,0.011,0.011,0.018,0.018,0.011,0.018,0.011,0.011,0.018,0.018,0.011,0.018,0.011,0.018,0.011,0.011,0.018,0.018,0.011,0.018,0.011,0.011,0.018,0.018,0.011,0.018,0.011,0.018,0.011,0.018,0.011,0.018,0.011,0.011,0.018,0.011,0.018,0.018,0.011,0.011,0.018,0.011,0.018,0.018,0.011,0.011,0.018,0.018,0.011,0.011,0.018,0.011,0.018,0.011,0.018,0.011,0.018,0.011,0.018,0.011,0.018,0.018,0.011,0.011,0.018,0.018,0.011,0.011,0.018,0.011,0.018,0.011,0.018,0.011,0.018,0.011,0.018,0.011,0.018,0.011,0.018,0.011,0.018,0.018,0.011,0.011,0.018,0.011,0.018,0.011,0.018,0.011,0.018,0.018,0.011,0.018,0.011,0.011,0.018,0.018,0.011,0.011,0.018,0.018,0.011,0.018,0.011,0.011,0.018,0.018,0.011,0.011,0.018
PEL,HG02287,0.798802,0.201188,1e-05,HG02285,HG02286,2,0.758989798666335,0.229441014036912,0.0115691872967528,0.194,0.006,0.801,0.246,0.023,0.731,0.991,0.009,0.926,0.074,0.99999,1,2,0.814629,0.76718,0.185361,0.23281,1e-05,1e-05,0.99999,0.99999,0.780376901487571,0.731735975433145,0.205032026007577,0.257086378460066,0.0145910725048524,0.0111776461067886,0.052,0.017,0.0700000000000001,0.0649999999999999,0.065,1,0.0474490000000001,0.047449,0,1.11022302462516e-16,0.048640926054426,0.052054352452489,0.0034134263980638,0.22,0.0145,0.766,0.9585,0.0415,1.5,0.7909045,0.2090855,1e-05,0.99999,0.756056438460358,0.231059202233821,0.0128843593058205,0.009,0.074,0.009,0.074,0.074,0.009,0.074,0.009,0.009,0.074,0.009,0.074,0.074,0.009,0.009,0.074,0.074,0.009,0.074,0.009,0.009,0.074,0.009,0.074,0.009,0.074,0.009,0.074,0.009,0.074,0.074,0.009,0.074,0.009,0.009,0.074,0.009,0.074,0.074,0.009,0.009,0.074,0.009,0.074,0.074,0.009,0.009,0.074,0.009,0.074,0.009,0.074,0.009,0.074,0.074,0.009,0.009,0.074,0.009,0.074,0.009,0.074,0.009,0.074,0.009,0.074,0.009,0.074,0.009,0.074,0.009,0.074,0.074,0.009,0.074,0.009,0.074,0.009,0.074,0.009,0.009,0.074,0.009,0.074,0.074,0.009,0.074,0.009,0.074,0.009,0.074,0.009,0.074,0.009,0.074,0.009,0.074,0.009,0.074,0.009,0.009,0.074,0.074,0.009,0.074,0.009,0.009,0.074,0.074,0.009,0.009,0.074,0.009,0.074,0.009,0.074,0.074,0.009,0.009,0.074,0.074,0.009,0.009,0.074,0.009,0.074,0.074,0.009,0.009,0.074,0.009,0.074,0.009,0.074,0.074,0.009,0.009,0.074,0.009,0.074,0.009,0.074,0.074,0.009,0.009,0.074,0.074,0.009,0.009,0.074,0.074,0.009,0.074,0.009,0.009,0.074,0.074,0.009,0.074,0.009,0.074,0.009,0.074,0.009,0.009,0.074,0.009,0.074,0.009,0.074,0.009,0.074,0.009,0.074,0.009,0.074,0.009,0.074,0.009,0.074,0.009,0.074,0.074,0.009,0.074,0.009,0.009,0.074,0.074,0.009,0.009,0.074,0.074,0.009,0.009,0.074,0.009,0.074,0.074,0.009
PEL,HG02293,0.956662,0.043328,1e-05,HG02291,HG02292,2,0.877912686064002,0.11849446094591,0.00359285299008806,0.162,0.002,0.835,0.063,0.011,0.926,0.99,0.009,0.987,0.013,0.99999,1,2,0.99998,0.886428,1e-05,0.113562,1e-05,1e-05,0.99999,0.99999,0.937331442145021,0.831468453212631,0.0608070874224427,0.166599462985079,0.0018614704325359,0.00193208380228947,0.099,0.009,0.0910000000000001,0.003,0.004,1,0.113552,0.113552,0,0,0.10586298893239,0.105792375562636,7.061336975357e-05,0.1125,0.0065,0.8805,0.9885,0.011,1.5,0.943204,0.056786,1e-05,0.99999,0.884399947678826,0.113703275203761,0.00189677711741268,0.009,0.013,0.009,0.013,0.009,0.013,0.009,0.013,0.013,0.009,0.013,0.009,0.013,0.009,0.013,0.009,0.013,0.009,0.009,0.013,0.009,0.013,0.013,0.009,0.013,0.009,0.013,0.009,0.013,0.009,0.013,0.009,0.009,0.013,0.009,0.013,0.013,0.009,0.013,0.009,0.009,0.013,0.013,0.009,0.013,0.009,0.009,0.013,0.013,0.009,0.009,0.013,0.009,0.013,0.013,0.009,0.009,0.013,0.013,0.009,0.013,0.009,0.009,0.013,0.013,0.009,0.009,0.013,0.013,0.009,0.009,0.013,0.013,0.009,0.009,0.013,0.009,0.013,0.009,0.013,0.009,0.013,0.009,0.013,0.013,0.009,0.013,0.009,0.013,0.009,0.013,0.009,0.009,0.013,0.013,0.009,0.009,0.013,0.013,0.009,0.009,0.013,0.013,0.009,0.009,0.013,0.013,0.009,0.009,0.013,0.009,0.013,0.013,0.009,0.009,0.013,0.013,0.009,0.013,0.009,0.009,0.013,0.013,0.009,0.009,0.013,0.009,0.013,0.009,0.013,0.013,0.009,0.013,0.009,0.013,0.009,0.013,0.009,0.013,0.009,0.013,0.009,0.009,0.013,0.009,0.013,0.009,0.013,0.013,0.009,0.009,0.013,0.013,0.009,0.013,0.009,0.009,0.013,0.009,0.013,0.013,0.009,0.013,0.009,0.013,0.009,0.013,0.009,0.009,0.013,0.013,0.009,0.009,0.013,0.009,0.013,0.009,0.013,0.013,0.009,0.013,0.009,0.009,0.013,0.009,0.013,0.009,0.013,0.013,0.009,0.013,0.009,0.009,0.013,0.009,0.013,0.013,0.009,0.013,0.009
PEL,HG02300,0.736719,0.263271,1e-05,HG02299,HG02298,2,0.703728455595407,0.293057934550401,0.00321360985419228,0.117,0.001,0.883,0.477,0.013,0.511,0.988,0.012,0.989,0.011,0.99999,1,2,0.874497,0.631672,0.125493,0.368318,1e-05,1e-05,0.99999,0.99999,0.819873580575428,0.604616553463382,0.178324255457504,0.380171841284286,0.00180216396706778,0.0152116052523323,0.36,0.012,0.372,0.001,0.001,1,0.242825,0.242825,0,0,0.215257027112046,0.201847585826782,0.0134094412852645,0.297,0.007,0.697,0.9885,0.0115,1.5,0.7530845,0.2469055,1e-05,0.99999,0.712245067019405,0.279248048370895,0.00850688460970004,0.012,0.011,0.011,0.012,0.011,0.012,0.011,0.012,0.011,0.012,0.011,0.012,0.012,0.011,0.011,0.012,0.011,0.012,0.012,0.011,0.012,0.011,0.012,0.011,0.012,0.011,0.012,0.011,0.012,0.011,0.011,0.012,0.011,0.012,0.012,0.011,0.012,0.011,0.012,0.011,0.012,0.011,0.011,0.012,0.012,0.011,0.011,0.012,0.011,0.012,0.011,0.012,0.012,0.011,0.011,0.012,0.012,0.011,0.011,0.012,0.011,0.012,0.012,0.011,0.012,0.011,0.012,0.011,0.011,0.012,0.012,0.011,0.012,0.011,0.012,0.011,0.011,0.012,0.011,0.012,0.012,0.011,0.011,0.012,0.012,0.011,0.011,0.012,0.012,0.011,0.011,0.012,0.011,0.012,0.011,0.012,0.011,0.012,0.012,0.011,0.012,0.011,0.012,0.011,0.011,0.012,0.011,0.012,0.011,0.012,0.011,0.012,0.012,0.011,0.012,0.011,0.012,0.011,0.011,0.012,0.012,0.011,0.011,0.012,0.011,0.012,0.012,0.011,0.011,0.012,0.012,0.011,0.011,0.012,0.011,0.012,0.012,0.011,0.012,0.011,0.011,0.012,0.011,0.012,0.012,0.011,0.011,0.012,0.012,0.011,0.012,0.011,0.011,0.012,0.012,0.011,0.011,0.012,0.011,0.012,0.011,0.012,0.011,0.012,0.012,0.011,0.012,0.011,0.011,0.012,0.011,0.012,0.012,0.011,0.011,0.012,0.011,0.012,0.012,0.011,0.011,0.012,0.012,0.011,0.011,0.012,0.012,0.011,0.011,0.012,0.011,0.012,0.012,0.011,0.011,0.012,0.012,0.011,0.012,0.011
PEL,HG02303,0.735863,0.264127,1e-05,HG02302,HG02301,2,0.681431713134344,0.30041956320875,0.0181487236569067,0.656,0.344,0,0.413,0.48,0.108,0.899,0.101,0.999,0.001,0.99999,1,2,0.641165,0.834608,0.358825,0.165382,1e-05,1e-05,0.99999,0.99999,0.591861588601514,0.786005133603338,0.387328284136748,0.205904182812007,0.0208101272617381,0.00809068358465548,0.243,0.136,0.108,0.1,0.1,1,0.193443,0.193443,0,1.11022302462516e-16,0.194143545001824,0.181424101324741,0.0127194436770826,0.5345,0.412,0.054,0.949,0.051,1.5,0.7378865,0.2621035,1e-05,0.99999,0.688933361102426,0.296616233474377,0.0144504054231968,0.101,0.001,0.001,0.101,0.001,0.101,0.101,0.001,0.001,0.101,0.101,0.001,0.001,0.101,0.001,0.101,0.101,0.001,0.101,0.001,0.001,0.101,0.101,0.001,0.101,0.001,0.001,0.101,0.101,0.001,0.001,0.101,0.101,0.001,0.101,0.001,0.101,0.001,0.001,0.101,0.101,0.001,0.101,0.001,0.001,0.101,0.001,0.101,0.101,0.001,0.001,0.101,0.101,0.001,0.001,0.101,0.101,0.001,0.101,0.001,0.101,0.001,0.001,0.101,0.101,0.001,0.101,0.001,0.101,0.001,0.001,0.101,0.001,0.101,0.001,0.101,0.001,0.101,0.001,0.101,0.001,0.101,0.101,0.001,0.101,0.001,0.001,0.101,0.001,0.101,0.001,0.101,0.101,0.001,0.001,0.101,0.101,0.001,0.001,0.101,0.101,0.001,0.001,0.101,0.101,0.001,0.001,0.101,0.001,0.101,0.001,0.101,0.101,0.001,0.001,0.101,0.001,0.101,0.001,0.101,0.001,0.101,0.001,0.101,0.101,0.001,0.101,0.001,0.001,0.101,0.101,0.001,0.001,0.101,0.101,0.001,0.001,0.101,0.101,0.001,0.101,0.001,0.001,0.101,0.101,0.001,0.001,0.101,0.001,0.101,0.101,0.001,0.001,0.101,0.001,0.101,0.001,0.101,0.101,0.001,0.101,0.001,0.101,0.001,0.001,0.101,0.001,0.101,0.101,0.001,0.101,0.001,0.101,0.001,0.001,0.101,0.001,0.101,0.001,0.101,0.101,0.001,0.001,0.101,0.001,0.101,0.101,0.001,0.001,0.101,0.101,0.001,0.001,0.101,0.101,0.001,0.001,0.101,0.001,0.101
PUR,HG00552,0.083077,0.852649,0.064274,HG01075,HG00551,1,0.090969380772893,0.835958969983361,0.0730716492437464,0.833,0.117,0.051,0.798,0.035,0.167,0.888,0.112,0.944,0.056,0.935726,1,2,0.051192,0.138277,0.863027,0.791307,0.085781,0.070416,0.914219,0.929584,0.0621734270940332,0.136429644337022,0.838837535787289,0.786296923435615,0.0989890371186776,0.0772734322273631,0.0349999999999999,0.082,0.116,0.0559999999999999,0.056,1,0.087085,0.07172,0.015365,0.015365,0.0742562172429888,0.0525406123516741,0.0217156048913145,0.8155,0.076,0.109,0.916,0.084,1.5,0.0947345,0.827167,0.0780985,0.9219015,0.0993015357155276,0.812567229611452,0.0881312346730204,0.112,0.056,0.056,0.112,0.056,0.112,0.112,0.056,0.056,0.112,0.056,0.112,0.112,0.056,0.056,0.112,0.056,0.112,0.112,0.056,0.056,0.112,0.056,0.112,0.056,0.112,0.056,0.112,0.112,0.056,0.112,0.056,0.112,0.056,0.056,0.112,0.112,0.056,0.112,0.056,0.112,0.056,0.112,0.056,0.112,0.056,0.056,0.112,0.112,0.056,0.112,0.056,0.112,0.056,0.056,0.112,0.056,0.112,0.056,0.112,0.112,0.056,0.056,0.112,0.056,0.112,0.112,0.056,0.056,0.112,0.056,0.112,0.112,0.056,0.112,0.056,0.056,0.112,0.056,0.112,0.056,0.112,0.112,0.056,0.056,0.112,0.112,0.056,0.056,0.112,0.112,0.056,0.056,0.112,0.056,0.112,0.112,0.056,0.112,0.056,0.056,0.112,0.112,0.056,0.056,0.112,0.112,0.056,0.112,0.056,0.056,0.112,0.056,0.112,0.112,0.056,0.056,0.112,0.056,0.112,0.112,0.056,0.056,0.112,0.056,0.112,0.112,0.056,0.112,0.056,0.056,0.112,0.112,0.056,0.112,0.056,0.056,0.112,0.112,0.056,0.112,0.056,0.056,0.112,0.112,0.056,0.056,0.112,0.112,0.056,0.112,0.056,0.056,0.112,0.056,0.112,0.056,0.112,0.112,0.056,0.112,0.056,0.112,0.056,0.112,0.056,0.056,0.112,0.056,0.112,0.056,0.112,0.056,0.112,0.056,0.112,0.056,0.112,0.112,0.056,0.056,0.112,0.056,0.112,0.112,0.056,0.056,0.112,0.112,0.056,0.056,0.112,0.056,0.112,0.112,0.056,0.056,0.112,0.112,0.056
PUR,HG00555,0.166495,0.707484,0.12602,HG00553,HG00554,2,0.175451117658304,0.697206766211305,0.127342116130391,0.661,0.044,0.295,0.704,0.247,0.049,0.865,0.135,0.874,0.126,0.873979,1,2,0.199922,0.117216,0.624977,0.812407,0.175101,0.070377,0.824899,0.929623,0.202468246740182,0.120712616244336,0.628307003114188,0.803309166412515,0.16922475014563,0.0759782173431494,0.0429999999999999,0.203,0.246,0.00900000000000001,0.00900000000000001,1,0.082706,0.18743,0.104724,0.104724,0.081755630495846,0.175002163298327,0.0932465328024806,0.6825,0.1455,0.172,0.8695,0.1305,1.5,0.158569,0.718692,0.122739,0.877261,0.161590431492259,0.715808084763351,0.12260148374439,0.135,0.126,0.135,0.126,0.126,0.135,0.135,0.126,0.135,0.126,0.135,0.126,0.135,0.126,0.126,0.135,0.135,0.126,0.126,0.135,0.126,0.135,0.135,0.126,0.126,0.135,0.126,0.135,0.126,0.135,0.126,0.135,0.126,0.135,0.135,0.126,0.126,0.135,0.135,0.126,0.135,0.126,0.126,0.135,0.126,0.135,0.135,0.126,0.135,0.126,0.135,0.126,0.126,0.135,0.135,0.126,0.135,0.126,0.126,0.135,0.135,0.126,0.126,0.135,0.135,0.126,0.135,0.126,0.135,0.126,0.126,0.135,0.135,0.126,0.126,0.135,0.135,0.126,0.135,0.126,0.135,0.126,0.126,0.135,0.126,0.135,0.135,0.126,0.126,0.135,0.126,0.135,0.126,0.135,0.126,0.135,0.126,0.135,0.126,0.135,0.135,0.126,0.135,0.126,0.135,0.126,0.135,0.126,0.126,0.135,0.126,0.135,0.126,0.135,0.126,0.135,0.135,0.126,0.126,0.135,0.126,0.135,0.135,0.126,0.135,0.126,0.126,0.135,0.135,0.126,0.135,0.126,0.135,0.126,0.135,0.126,0.126,0.135,0.126,0.135,0.135,0.126,0.126,0.135,0.135,0.126,0.126,0.135,0.126,0.135,0.135,0.126,0.135,0.126,0.126,0.135,0.126,0.135,0.135,0.126,0.135,0.126,0.135,0.126,0.126,0.135,0.126,0.135,0.135,0.126,0.126,0.135,0.135,0.126,0.135,0.126,0.126,0.135,0.126,0.135,0.135,0.126,0.126,0.135,0.126,0.135,0.126,0.135,0.126,0.135,0.135,0.126,0.135,0.126,0.126,0.135,0.126,0.135,0.135,0.126
PUR,HG00639,0.136135,0.726641,0.137224,HG00637,HG00638,2,0.138327066556233,0.727900601548598,0.133772331895169,0.817,0.089,0.094,0.644,0.198,0.158,0.769,0.231,0.941,0.059,0.862776,1,2,0.131949,0.151601,0.729331,0.684637,0.13872,0.163761,0.86128,0.836238,0.129440538470145,0.144728638839919,0.732742646287011,0.690609660973614,0.137816815242844,0.164661700186467,0.173,0.109,0.064,0.172,0.172,1,0.019652,0.0446939999999999,0.025041,0.0250419999999999,0.015288100369774,0.042132985313397,0.026844884943623,0.7305,0.1435,0.126,0.855,0.145,1.5,0.141775,0.706984,0.1512405,0.848759,0.137084588655032,0.711676153630312,0.151239257714656,0.231,0.059,0.059,0.231,0.231,0.059,0.231,0.059,0.059,0.231,0.231,0.059,0.059,0.231,0.059,0.231,0.059,0.231,0.231,0.059,0.059,0.231,0.059,0.231,0.059,0.231,0.231,0.059,0.059,0.231,0.231,0.059,0.059,0.231,0.231,0.059,0.231,0.059,0.231,0.059,0.231,0.059,0.059,0.231,0.231,0.059,0.231,0.059,0.231,0.059,0.231,0.059,0.059,0.231,0.231,0.059,0.059,0.231,0.231,0.059,0.059,0.231,0.231,0.059,0.231,0.059,0.059,0.231,0.059,0.231,0.231,0.059,0.059,0.231,0.059,0.231,0.059,0.231,0.231,0.059,0.059,0.231,0.059,0.231,0.059,0.231,0.231,0.059,0.231,0.059,0.231,0.059,0.059,0.231,0.231,0.059,0.059,0.231,0.059,0.231,0.231,0.059,0.231,0.059,0.059,0.231,0.231,0.059,0.059,0.231,0.059,0.231,0.059,0.231,0.231,0.059,0.231,0.059,0.231,0.059,0.059,0.231,0.231,0.059,0.231,0.059,0.231,0.059,0.059,0.231,0.059,0.231,0.231,0.059,0.059,0.231,0.231,0.059,0.231,0.059,0.059,0.231,0.231,0.059,0.231,0.059,0.059,0.231,0.231,0.059,0.059,0.231,0.059,0.231,0.059,0.231,0.059,0.231,0.231,0.059,0.059,0.231,0.059,0.231,0.059,0.231,0.059,0.231,0.059,0.231,0.231,0.059,0.231,0.059,0.059,0.231,0.059,0.231,0.231,0.059,0.231,0.059,0.231,0.059,0.231,0.059,0.059,0.231,0.059,0.231,0.231,0.059,0.059,0.231,0.059,0.231,0.059,0.231,0.059,0.231
PUR,HG00642,0.126726,0.823059,0.050215,HG00640,HG00641,1,0.136829595703467,0.801978138232023,0.0611922660645098,0.82,0.094,0.087,0.78,0.015,0.205,0.962,0.038,0.899,0.101,0.949785,1,2,0.112123,0.161419,0.835179,0.772859,0.052698,0.065722,0.947302,0.934278,0.124962260832763,0.165282731890995,0.811369938029485,0.755203890240683,0.0636678011377525,0.0795133778683229,0.0399999999999999,0.079,0.118,0.0629999999999999,0.063,1,0.049296,0.06232,0.013024,0.013024,0.040320471058232,0.056166047788802,0.0158455767305704,0.8,0.0545,0.146,0.9305,0.0695,1.5,0.136771,0.804019,0.05921,0.94079,0.145122496361879,0.783286914135084,0.0715905895030377,0.101,0.038,0.038,0.101,0.101,0.038,0.038,0.101,0.101,0.038,0.038,0.101,0.038,0.101,0.101,0.038,0.038,0.101,0.038,0.101,0.038,0.101,0.038,0.101,0.101,0.038,0.101,0.038,0.101,0.038,0.101,0.038,0.038,0.101,0.101,0.038,0.038,0.101,0.101,0.038,0.038,0.101,0.038,0.101,0.038,0.101,0.038,0.101,0.038,0.101,0.038,0.101,0.038,0.101,0.101,0.038,0.038,0.101,0.038,0.101,0.038,0.101,0.038,0.101,0.101,0.038,0.101,0.038,0.038,0.101,0.038,0.101,0.038,0.101,0.038,0.101,0.101,0.038,0.038,0.101,0.038,0.101,0.101,0.038,0.038,0.101,0.038,0.101,0.101,0.038,0.101,0.038,0.038,0.101,0.038,0.101,0.038,0.101,0.101,0.038,0.101,0.038,0.038,0.101,0.038,0.101,0.101,0.038,0.101,0.038,0.101,0.038,0.038,0.101,0.038,0.101,0.038,0.101,0.038,0.101,0.038,0.101,0.038,0.101,0.038,0.101,0.101,0.038,0.038,0.101,0.101,0.038,0.101,0.038,0.038,0.101,0.101,0.038,0.038,0.101,0.101,0.038,0.038,0.101,0.101,0.038,0.038,0.101,0.101,0.038,0.101,0.038,0.038,0.101,0.101,0.038,0.038,0.101,0.101,0.038,0.038,0.101,0.101,0.038,0.038,0.101,0.038,0.101,0.101,0.038,0.101,0.038,0.101,0.038,0.101,0.038,0.038,0.101,0.038,0.101,0.038,0.101,0.101,0.038,0.038,0.101,0.101,0.038,0.038,0.101,0.101,0.038,0.038,0.101,0.101,0.038,0.038,0.101,0.038,0.101
PUR,HG00733,0.111609,0.882318,0.006072,HG00731,HG00732,2,0.114940344681138,0.85460834568225,0.030451309636612,0.874,0.028,0.098,0.875,0.039,0.086,0.953,0.047,0.951,0.049,0.993927,1,2,0.080575,0.130263,0.919415,0.842789,1e-05,0.026948,0.99999,0.973052,0.0804924547775771,0.131746838990151,0.897677764789143,0.825263451136863,0.0218297804332801,0.0429897098729853,0.001,0.011,0.012,0.002,0.002,1,0.049688,0.076626,0.026938,0.0269379999999999,0.0512543842125739,0.07241431365228,0.0211599294397052,0.8745,0.0335,0.092,0.952,0.048,1.5,0.105419,0.881102,0.013479,0.986521,0.106119646883864,0.861470607963003,0.0324097451531327,0.047,0.049,0.047,0.049,0.047,0.049,0.049,0.047,0.049,0.047,0.047,0.049,0.049,0.047,0.049,0.047,0.047,0.049,0.047,0.049,0.049,0.047,0.049,0.047,0.047,0.049,0.049,0.047,0.047,0.049,0.047,0.049,0.049,0.047,0.047,0.049,0.047,0.049,0.049,0.047,0.047,0.049,0.047,0.049,0.047,0.049,0.047,0.049,0.049,0.047,0.049,0.047,0.049,0.047,0.049,0.047,0.049,0.047,0.047,0.049,0.047,0.049,0.047,0.049,0.049,0.047,0.049,0.047,0.047,0.049,0.049,0.047,0.047,0.049,0.047,0.049,0.049,0.047,0.049,0.047,0.047,0.049,0.049,0.047,0.049,0.047,0.049,0.047,0.047,0.049,0.047,0.049,0.049,0.047,0.047,0.049,0.049,0.047,0.047,0.049,0.049,0.047,0.049,0.047,0.047,0.049,0.047,0.049,0.049,0.047,0.049,0.047,0.049,0.047,0.049,0.047,0.049,0.047,0.047,0.049,0.049,0.047,0.047,0.049,0.049,0.047,0.049,0.047,0.049,0.047,0.049,0.047,0.047,0.049,0.049,0.047,0.049,0.047,0.047,0.049,0.047,0.049,0.049,0.047,0.049,0.047,0.049,0.047,0.049,0.047,0.047,0.049,0.049,0.047,0.049,0.047,0.049,0.047,0.049,0.047,0.049,0.047,0.049,0.047,0.047,0.049,0.047,0.049,0.049,0.047,0.049,0.047,0.047,0.049,0.049,0.047,0.047,0.049,0.047,0.049,0.047,0.049,0.047,0.049,0.047,0.049,0.049,0.047,0.049,0.047,0.049,0.047,0.047,0.049,0.049,0.047,0.047,0.049,0.049,0.047
PUR,HG00735,0.145827,0.773111,0.081062,HG01047,HG00734,2,0.140994328945692,0.770671133991399,0.088334537062909,0.746,0.141,0.113,0.808,0.04,0.152,0.95,0.05,0.864,0.136,0.918938,1,2,0.098389,0.203635,0.833372,0.700711,0.068239,0.095654,0.931761,0.904346,0.0951684717381607,0.196901512905127,0.82485717941047,0.700302675604709,0.0799743488513691,0.102795811490164,0.0620000000000001,0.101,0.039,0.086,0.086,1,0.105246,0.132661,0.027415,0.0274150000000001,0.101733041166966,0.124554503805761,0.0228214626387949,0.777,0.0905,0.1325,0.907,0.093,1.5,0.151012,0.7670415,0.0819465,0.9180535,0.146034992321644,0.76257992750759,0.0913850801707665,0.136,0.05,0.136,0.05,0.136,0.05,0.05,0.136,0.05,0.136,0.05,0.136,0.05,0.136,0.05,0.136,0.136,0.05,0.05,0.136,0.136,0.05,0.05,0.136,0.136,0.05,0.136,0.05,0.05,0.136,0.136,0.05,0.136,0.05,0.136,0.05,0.136,0.05,0.05,0.136,0.136,0.05,0.05,0.136,0.05,0.136,0.136,0.05,0.136,0.05,0.136,0.05,0.05,0.136,0.136,0.05,0.136,0.05,0.136,0.05,0.05,0.136,0.136,0.05,0.05,0.136,0.136,0.05,0.136,0.05,0.136,0.05,0.05,0.136,0.05,0.136,0.136,0.05,0.05,0.136,0.136,0.05,0.05,0.136,0.05,0.136,0.136,0.05,0.136,0.05,0.136,0.05,0.136,0.05,0.05,0.136,0.136,0.05,0.05,0.136,0.05,0.136,0.136,0.05,0.136,0.05,0.05,0.136,0.136,0.05,0.05,0.136,0.136,0.05,0.136,0.05,0.05,0.136,0.05,0.136,0.05,0.136,0.05,0.136,0.05,0.136,0.136,0.05,0.05,0.136,0.136,0.05,0.136,0.05,0.05,0.136,0.05,0.136,0.136,0.05,0.05,0.136,0.136,0.05,0.05,0.136,0.136,0.05,0.136,0.05,0.05,0.136,0.136,0.05,0.136,0.05,0.05,0.136,0.136,0.05,0.05,0.136,0.136,0.05,0.05,0.136,0.136,0.05,0.136,0.05,0.05,0.136,0.05,0.136,0.05,0.136,0.05,0.136,0.05,0.136,0.136,0.05,0.136,0.05,0.05,0.136,0.05,0.136,0.136,0.05,0.136,0.05,0.05,0.136,0.136,0.05,0.05,0.136,0.136,0.05
PUR,HG00738,0.11631,0.833614,0.050076,HG00736,HG00737,1,0.126540592276619,0.810897804150805,0.0625616035725755,0.746,0.124,0.131,0.893,0.027,0.08,0.9,0.1,0.97,0.03,0.949924,1,2,0.112968,0.107879,0.839125,0.822376,0.047908,0.069744,0.952093,0.930255,0.118698806018962,0.10867842874842,0.823040227588326,0.810178939305196,0.0582609663927126,0.0811426319463841,0.147,0.097,0.051,0.07,0.07,1,0.005089,0.016749,0.021836,0.0218379999999999,0.010020377270542,0.0128612882831299,0.0228816655536715,0.8195,0.0755,0.1055,0.935,0.065,1.5,0.1104235,0.8307505,0.058826,0.941174,0.113688617383691,0.816609583446761,0.0697017991695484,0.1,0.03,0.03,0.1,0.03,0.1,0.03,0.1,0.03,0.1,0.03,0.1,0.1,0.03,0.1,0.03,0.03,0.1,0.03,0.1,0.03,0.1,0.1,0.03,0.03,0.1,0.03,0.1,0.1,0.03,0.1,0.03,0.1,0.03,0.03,0.1,0.03,0.1,0.1,0.03,0.03,0.1,0.1,0.03,0.1,0.03,0.03,0.1,0.1,0.03,0.03,0.1,0.03,0.1,0.03,0.1,0.03,0.1,0.03,0.1,0.03,0.1,0.03,0.1,0.03,0.1,0.1,0.03,0.03,0.1,0.1,0.03,0.03,0.1,0.03,0.1,0.03,0.1,0.1,0.03,0.03,0.1,0.1,0.03,0.03,0.1,0.03,0.1,0.1,0.03,0.1,0.03,0.1,0.03,0.03,0.1,0.03,0.1,0.1,0.03,0.1,0.03,0.1,0.03,0.03,0.1,0.03,0.1,0.03,0.1,0.1,0.03,0.1,0.03,0.1,0.03,0.03,0.1,0.03,0.1,0.03,0.1,0.1,0.03,0.1,0.03,0.03,0.1,0.03,0.1,0.1,0.03,0.1,0.03,0.1,0.03,0.1,0.03,0.03,0.1,0.1,0.03,0.1,0.03,0.1,0.03,0.03,0.1,0.03,0.1,0.03,0.1,0.03,0.1,0.1,0.03,0.03,0.1,0.1,0.03,0.1,0.03,0.1,0.03,0.1,0.03,0.03,0.1,0.1,0.03,0.1,0.03,0.03,0.1,0.03,0.1,0.1,0.03,0.03,0.1,0.03,0.1,0.03,0.1,0.03,0.1,0.03,0.1,0.03,0.1,0.1,0.03,0.1,0.03,0.03,0.1,0.03,0.1,0.03,0.1
PUR,HG00741,0.115778,0.801065,0.083157,HG00739,HG00740,2,0.120537820714228,0.79012006370507,0.0893421155807018,0.712,0.137,0.15,0.863,0.065,0.072,0.886,0.114,0.925,0.075,0.916843,1,2,0.069958,0.146347,0.895011,0.735803,0.035031,0.11785,0.964969,0.88215,0.0629097912159644,0.150320475394512,0.891142906534748,0.723598297499739,0.0459473022492878,0.126081227105748,0.151,0.072,0.078,0.039,0.039,1,0.076389,0.159208,0.082819,0.082819,0.0874106841785476,0.167544609035009,0.0801339248564602,0.7875,0.101,0.111,0.9055,0.0945,1.5,0.1081525,0.815407,0.0764405,0.9235595,0.106615133305238,0.807370602017244,0.0860142646775179,0.075,0.114,0.114,0.075,0.114,0.075,0.075,0.114,0.075,0.114,0.114,0.075,0.075,0.114,0.075,0.114,0.075,0.114,0.114,0.075,0.075,0.114,0.114,0.075,0.114,0.075,0.075,0.114,0.114,0.075,0.075,0.114,0.114,0.075,0.114,0.075,0.075,0.114,0.075,0.114,0.114,0.075,0.075,0.114,0.075,0.114,0.075,0.114,0.114,0.075,0.114,0.075,0.075,0.114,0.075,0.114,0.114,0.075,0.075,0.114,0.075,0.114,0.075,0.114,0.114,0.075,0.114,0.075,0.075,0.114,0.075,0.114,0.114,0.075,0.114,0.075,0.075,0.114,0.075,0.114,0.114,0.075,0.114,0.075,0.114,0.075,0.114,0.075,0.114,0.075,0.114,0.075,0.075,0.114,0.114,0.075,0.075,0.114,0.075,0.114,0.114,0.075,0.114,0.075,0.114,0.075,0.075,0.114,0.114,0.075,0.075,0.114,0.075,0.114,0.075,0.114,0.114,0.075,0.075,0.114,0.114,0.075,0.075,0.114,0.075,0.114,0.114,0.075,0.114,0.075,0.114,0.075,0.114,0.075,0.075,0.114,0.075,0.114,0.075,0.114,0.075,0.114,0.114,0.075,0.075,0.114,0.114,0.075,0.114,0.075,0.075,0.114,0.075,0.114,0.075,0.114,0.075,0.114,0.114,0.075,0.114,0.075,0.114,0.075,0.114,0.075,0.114,0.075,0.114,0.075,0.075,0.114,0.114,0.075,0.114,0.075,0.114,0.075,0.075,0.114,0.075,0.114,0.075,0.114,0.075,0.114,0.114,0.075,0.075,0.114,0.075,0.114,0.075,0.114,0.075,0.114,0.114,0.075,0.114,0.075
PUR,HG01050,0.157266,0.68065,0.162084,HG01048,HG01049,2,0.153603754818862,0.681081795073024,0.165314450108114,0.827,0.131,0.041,0.529,0.192,0.279,0.914,0.086,0.76,0.24,0.837916,1,2,0.141643,0.130026,0.760934,0.643343,0.097423,0.226631,0.902577,0.773369,0.134227505328416,0.138742018675589,0.767782980664606,0.634602379430499,0.0979895140069779,0.226655601893912,0.298,0.061,0.238,0.154,0.154,1,0.011617,0.117591,0.129208,0.129208,0.00451451334717298,0.133180601234107,0.128666087886934,0.678,0.1615,0.16,0.837,0.163,1.5,0.1358345,0.7021385,0.162027,0.837973,0.136484762002002,0.701192680047553,0.162322557950445,0.24,0.086,0.24,0.086,0.24,0.086,0.24,0.086,0.086,0.24,0.086,0.24,0.086,0.24,0.24,0.086,0.086,0.24,0.24,0.086,0.086,0.24,0.086,0.24,0.24,0.086,0.24,0.086,0.24,0.086,0.086,0.24,0.24,0.086,0.24,0.086,0.086,0.24,0.24,0.086,0.24,0.086,0.24,0.086,0.24,0.086,0.24,0.086,0.24,0.086,0.24,0.086,0.086,0.24,0.24,0.086,0.24,0.086,0.24,0.086,0.086,0.24,0.24,0.086,0.086,0.24,0.086,0.24,0.24,0.086,0.24,0.086,0.24,0.086,0.086,0.24,0.24,0.086,0.24,0.086,0.24,0.086,0.086,0.24,0.24,0.086,0.086,0.24,0.24,0.086,0.24,0.086,0.24,0.086,0.086,0.24,0.086,0.24,0.24,0.086,0.24,0.086,0.086,0.24,0.24,0.086,0.086,0.24,0.24,0.086,0.24,0.086,0.086,0.24,0.086,0.24,0.086,0.24,0.086,0.24,0.24,0.086,0.086,0.24,0.24,0.086,0.24,0.086,0.24,0.086,0.086,0.24,0.24,0.086,0.24,0.086,0.24,0.086,0.086,0.24,0.24,0.086,0.086,0.24,0.24,0.086,0.086,0.24,0.086,0.24,0.086,0.24,0.24,0.086,0.086,0.24,0.24,0.086,0.24,0.086,0.24,0.086,0.24,0.086,0.24,0.086,0.086,0.24,0.086,0.24,0.086,0.24,0.24,0.086,0.24,0.086,0.086,0.24,0.24,0.086,0.086,0.24,0.24,0.086,0.24,0.086,0.086,0.24,0.24,0.086,0.24,0.086,0.24,0.086,0.086,0.24,0.24,0.086,0.24,0.086
PUR,HG01053,0.188859,0.637325,0.173816,HG01051,HG01052,2,0.181506627538769,0.641835799090652,0.176657573370578,0.792,0.208,0,0.457,0.273,0.27,0.625,0.375,0.933,0.067,0.826184,1,2,0.18581,0.179856,0.611379,0.609755,0.202811,0.210389,0.797189,0.789611,0.179025714125092,0.17865304714696,0.615185356266646,0.611186778213416,0.205788929608262,0.210160174639623,0.335,0.065,0.27,0.308,0.308,1,0.00595400000000001,0.00162399999999996,0.007578,0.00757799999999997,0.000372666978131986,0.00399857805323001,0.00437124503136099,0.6245,0.2405,0.135,0.779,0.221,1.5,0.182833,0.610567,0.2066,0.7934,0.178839380636026,0.613186067240031,0.207974552123943,0.067,0.375,0.375,0.067,0.375,0.067,0.067,0.375,0.067,0.375,0.067,0.375,0.375,0.067,0.067,0.375,0.375,0.067,0.067,0.375,0.067,0.375,0.067,0.375,0.067,0.375,0.067,0.375,0.375,0.067,0.067,0.375,0.375,0.067,0.375,0.067,0.375,0.067,0.067,0.375,0.067,0.375,0.067,0.375,0.375,0.067,0.067,0.375,0.375,0.067,0.375,0.067,0.067,0.375,0.375,0.067,0.067,0.375,0.375,0.067,0.375,0.067,0.375,0.067,0.067,0.375,0.067,0.375,0.067,0.375,0.067,0.375,0.375,0.067,0.067,0.375,0.375,0.067,0.067,0.375,0.375,0.067,0.375,0.067,0.375,0.067,0.375,0.067,0.375,0.067,0.375,0.067,0.067,0.375,0.067,0.375,0.067,0.375,0.375,0.067,0.067,0.375,0.067,0.375,0.375,0.067,0.067,0.375,0.375,0.067,0.067,0.375,0.375,0.067,0.067,0.375,0.375,0.067,0.067,0.375,0.375,0.067,0.067,0.375,0.375,0.067,0.375,0.067,0.375,0.067,0.375,0.067,0.067,0.375,0.375,0.067,0.067,0.375,0.067,0.375,0.067,0.375,0.375,0.067,0.375,0.067,0.375,0.067,0.375,0.067,0.375,0.067,0.375,0.067,0.375,0.067,0.067,0.375,0.067,0.375,0.067,0.375,0.067,0.375,0.067,0.375,0.067,0.375,0.067,0.375,0.067,0.375,0.067,0.375,0.375,0.067,0.375,0.067,0.375,0.067,0.067,0.375,0.375,0.067,0.375,0.067,0.067,0.375,0.375,0.067,0.375,0.067,0.067,0.375,0.067,0.375,0.067,0.375,0.375,0.067
PUR,HG01056,0.126135,0.795557,0.078308,HG01054,HG01055,1,0.128942577022445,0.787922029210058,0.0831353937674961,0.819,0.122,0.059,0.555,0.105,0.34,0.917,0.083,0.893,0.107,0.921692,1,2,0.157072,0.108487,0.793097,0.777373,0.049831,0.114141,0.950169,0.88586,0.159504462696756,0.107873539293185,0.77990649019446,0.770514341322874,0.0605890471087838,0.12161211938394,0.264,0.017,0.281,0.024,0.024,1,0.048585,0.0157240000000001,0.06431,0.0643090000000001,0.051630923403571,0.00939214887158601,0.0610230722751562,0.687,0.1135,0.1995,0.905,0.095,1.5,0.1327795,0.785235,0.081986,0.9180145,0.13368900099497,0.775210415758667,0.0911005832463619,0.107,0.083,0.107,0.083,0.107,0.083,0.107,0.083,0.083,0.107,0.083,0.107,0.107,0.083,0.083,0.107,0.083,0.107,0.083,0.107,0.107,0.083,0.107,0.083,0.083,0.107,0.083,0.107,0.107,0.083,0.107,0.083,0.083,0.107,0.083,0.107,0.083,0.107,0.107,0.083,0.083,0.107,0.107,0.083,0.107,0.083,0.107,0.083,0.107,0.083,0.083,0.107,0.107,0.083,0.107,0.083,0.083,0.107,0.107,0.083,0.107,0.083,0.107,0.083,0.107,0.083,0.107,0.083,0.107,0.083,0.107,0.083,0.083,0.107,0.083,0.107,0.083,0.107,0.083,0.107,0.083,0.107,0.083,0.107,0.083,0.107,0.107,0.083,0.107,0.083,0.083,0.107,0.107,0.083,0.083,0.107,0.083,0.107,0.107,0.083,0.107,0.083,0.083,0.107,0.107,0.083,0.083,0.107,0.107,0.083,0.107,0.083,0.083,0.107,0.107,0.083,0.107,0.083,0.083,0.107,0.083,0.107,0.107,0.083,0.107,0.083,0.083,0.107,0.083,0.107,0.107,0.083,0.107,0.083,0.107,0.083,0.083,0.107,0.083,0.107,0.107,0.083,0.107,0.083,0.083,0.107,0.107,0.083,0.107,0.083,0.083,0.107,0.083,0.107,0.083,0.107,0.107,0.083,0.083,0.107,0.083,0.107,0.107,0.083,0.083,0.107,0.083,0.107,0.083,0.107,0.107,0.083,0.107,0.083,0.107,0.083,0.107,0.083,0.107,0.083,0.083,0.107,0.083,0.107,0.083,0.107,0.107,0.083,0.107,0.083,0.107,0.083,0.083,0.107,0.107,0.083,0.083,0.107,0.107,0.083
PUR,HG01062,0.117623,0.822992,0.059385,HG01060,HG01061,2,0.12106976037144,0.809438717745083,0.0694915218834772,0.827,0.071,0.102,0.788,0.075,0.137,0.841,0.159,0.955,0.045,0.940615,1,2,0.106818,0.129345,0.813984,0.81091,0.079198,0.059744,0.920802,0.940255,0.100738748648877,0.129796093517847,0.807091047580141,0.799529063547031,0.0921702037709823,0.0706748429351213,0.0389999999999999,0.004,0.035,0.114,0.114,1,0.022527,0.00307400000000002,0.019454,0.0194530000000001,0.02905734486897,0.00756198403311004,0.021495360835861,0.8075,0.073,0.1195,0.898,0.102,1.5,0.1180815,0.812447,0.069471,0.9305285,0.115267421083362,0.803310055563586,0.0814225233530518,0.159,0.045,0.159,0.045,0.045,0.159,0.159,0.045,0.045,0.159,0.159,0.045,0.045,0.159,0.159,0.045,0.159,0.045,0.045,0.159,0.159,0.045,0.159,0.045,0.159,0.045,0.045,0.159,0.159,0.045,0.159,0.045,0.159,0.045,0.159,0.045,0.045,0.159,0.045,0.159,0.159,0.045,0.159,0.045,0.045,0.159,0.045,0.159,0.159,0.045,0.159,0.045,0.159,0.045,0.045,0.159,0.159,0.045,0.045,0.159,0.159,0.045,0.045,0.159,0.045,0.159,0.045,0.159,0.045,0.159,0.159,0.045,0.045,0.159,0.159,0.045,0.159,0.045,0.159,0.045,0.045,0.159,0.159,0.045,0.159,0.045,0.159,0.045,0.045,0.159,0.159,0.045,0.045,0.159,0.045,0.159,0.045,0.159,0.045,0.159,0.045,0.159,0.045,0.159,0.159,0.045,0.159,0.045,0.045,0.159,0.045,0.159,0.045,0.159,0.045,0.159,0.045,0.159,0.159,0.045,0.045,0.159,0.159,0.045,0.159,0.045,0.045,0.159,0.045,0.159,0.045,0.159,0.045,0.159,0.159,0.045,0.045,0.159,0.159,0.045,0.045,0.159,0.159,0.045,0.045,0.159,0.045,0.159,0.045,0.159,0.045,0.159,0.159,0.045,0.045,0.159,0.159,0.045,0.159,0.045,0.045,0.159,0.159,0.045,0.159,0.045,0.045,0.159,0.159,0.045,0.045,0.159,0.159,0.045,0.159,0.045,0.159,0.045,0.045,0.159,0.159,0.045,0.159,0.045,0.159,0.045,0.045,0.159,0.045,0.159,0.159,0.045,0.159,0.045,0.159,0.045,0.045,0.159,0.045,0.159
PUR,HG01068,0.129166,0.817995,0.052839,HG01066,HG01067,2,0.129356903442899,0.801156595751556,0.0694865008055449,0.8,0.063,0.137,0.834,0.062,0.104,0.918,0.082,0.952,0.048,0.947161,1,2,0.128407,0.131236,0.815325,0.803823,0.056267,0.06494,0.943732,0.935059,0.12048623143923,0.124692374378241,0.81311673770118,0.795195900526744,0.0663970308595895,0.0801117250950152,0.0339999999999999,0.001,0.033,0.0339999999999999,0.034,1,0.002829,0.011502,0.008673,0.00867300000000004,0.004206142939011,0.0179208371744359,0.0137146942354257,0.817,0.0625,0.1205,0.935,0.065,1.5,0.1298215,0.809574,0.0606035,0.9393955,0.122589302908736,0.804156319113962,0.0732543779773024,0.048,0.082,0.048,0.082,0.082,0.048,0.048,0.082,0.048,0.082,0.048,0.082,0.082,0.048,0.082,0.048,0.082,0.048,0.048,0.082,0.082,0.048,0.082,0.048,0.082,0.048,0.082,0.048,0.048,0.082,0.082,0.048,0.082,0.048,0.048,0.082,0.082,0.048,0.048,0.082,0.048,0.082,0.082,0.048,0.082,0.048,0.048,0.082,0.082,0.048,0.082,0.048,0.048,0.082,0.048,0.082,0.082,0.048,0.048,0.082,0.048,0.082,0.048,0.082,0.082,0.048,0.048,0.082,0.048,0.082,0.082,0.048,0.082,0.048,0.048,0.082,0.082,0.048,0.082,0.048,0.048,0.082,0.048,0.082,0.048,0.082,0.082,0.048,0.048,0.082,0.082,0.048,0.048,0.082,0.048,0.082,0.048,0.082,0.082,0.048,0.048,0.082,0.048,0.082,0.048,0.082,0.048,0.082,0.082,0.048,0.082,0.048,0.082,0.048,0.082,0.048,0.048,0.082,0.082,0.048,0.048,0.082,0.082,0.048,0.048,0.082,0.082,0.048,0.048,0.082,0.048,0.082,0.048,0.082,0.048,0.082,0.048,0.082,0.048,0.082,0.082,0.048,0.082,0.048,0.082,0.048,0.048,0.082,0.048,0.082,0.048,0.082,0.082,0.048,0.082,0.048,0.082,0.048,0.082,0.048,0.082,0.048,0.048,0.082,0.082,0.048,0.048,0.082,0.048,0.082,0.082,0.048,0.048,0.082,0.082,0.048,0.082,0.048,0.082,0.048,0.048,0.082,0.048,0.082,0.048,0.082,0.082,0.048,0.082,0.048,0.048,0.082,0.048,0.082,0.082,0.048,0.048,0.082,0.082,0.048
PUR,HG01071,0.14898,0.800782,0.050239,HG01069,HG01070,2,0.160790734803887,0.779479963268445,0.0597293019276683,0.801,0.055,0.144,0.816,0.06,0.124,0.805,0.195,0.987,0.013,0.949762,1,2,0.157852,0.149809,0.769339,0.813554,0.072809,0.036637,0.927191,0.963363,0.16556437507658,0.159222971352184,0.753510808110293,0.796998871049068,0.0809248168131267,0.0437781575987481,0.0149999999999999,0.005,0.02,0.182,0.182,1,0.00804299999999999,0.044215,0.036172,0.036172,0.00634140372439601,0.0434880629387749,0.0371466592143786,0.8085,0.0575,0.134,0.896,0.104,1.5,0.1538305,0.7914465,0.054723,0.945277,0.162393673214382,0.775254839579681,0.0623514872059374,0.195,0.013,0.195,0.013,0.195,0.013,0.195,0.013,0.013,0.195,0.013,0.195,0.013,0.195,0.013,0.195,0.195,0.013,0.013,0.195,0.013,0.195,0.195,0.013,0.195,0.013,0.013,0.195,0.195,0.013,0.013,0.195,0.195,0.013,0.195,0.013,0.013,0.195,0.013,0.195,0.195,0.013,0.195,0.013,0.195,0.013,0.013,0.195,0.013,0.195,0.195,0.013,0.195,0.013,0.013,0.195,0.195,0.013,0.195,0.013,0.195,0.013,0.195,0.013,0.013,0.195,0.013,0.195,0.013,0.195,0.195,0.013,0.013,0.195,0.013,0.195,0.013,0.195,0.195,0.013,0.195,0.013,0.195,0.013,0.013,0.195,0.195,0.013,0.195,0.013,0.195,0.013,0.013,0.195,0.013,0.195,0.013,0.195,0.013,0.195,0.013,0.195,0.013,0.195,0.013,0.195,0.195,0.013,0.195,0.013,0.013,0.195,0.013,0.195,0.195,0.013,0.013,0.195,0.195,0.013,0.013,0.195,0.013,0.195,0.013,0.195,0.013,0.195,0.013,0.195,0.195,0.013,0.195,0.013,0.195,0.013,0.195,0.013,0.195,0.013,0.013,0.195,0.195,0.013,0.013,0.195,0.195,0.013,0.013,0.195,0.195,0.013,0.195,0.013,0.195,0.013,0.013,0.195,0.195,0.013,0.195,0.013,0.013,0.195,0.195,0.013,0.195,0.013,0.195,0.013,0.195,0.013,0.195,0.013,0.013,0.195,0.195,0.013,0.195,0.013,0.195,0.013,0.013,0.195,0.013,0.195,0.195,0.013,0.013,0.195,0.013,0.195,0.195,0.013,0.013,0.195,0.013,0.195,0.195,0.013
PUR,HG01074,0.144276,0.797303,0.058421,HG01072,HG01073,1,0.144035293431097,0.786432627114002,0.0695320794549015,0.666,0.088,0.245,0.827,0.059,0.114,0.977,0.023,0.88,0.12,0.941579,1,2,0.13371,0.148462,0.800562,0.781031,0.065729,0.070507,0.934272,0.929493,0.138468882146941,0.143402695108287,0.789159665198603,0.779177713316997,0.072371452654456,0.0774195915747159,0.161,0.029,0.131,0.097,0.097,1,0.014752,0.019531,0.004778,0.00477899999999998,0.00493381296134598,0.009981951881606,0.00504813892025989,0.7465,0.0735,0.1795,0.9285,0.0715,1.5,0.141086,0.7907965,0.068118,0.9318825,0.140935788627614,0.7841686892578,0.0748955221145859,0.12,0.023,0.12,0.023,0.023,0.12,0.023,0.12,0.12,0.023,0.023,0.12,0.12,0.023,0.12,0.023,0.023,0.12,0.023,0.12,0.12,0.023,0.023,0.12,0.023,0.12,0.023,0.12,0.12,0.023,0.12,0.023,0.023,0.12,0.12,0.023,0.12,0.023,0.12,0.023,0.12,0.023,0.12,0.023,0.023,0.12,0.023,0.12,0.023,0.12,0.12,0.023,0.023,0.12,0.023,0.12,0.023,0.12,0.12,0.023,0.12,0.023,0.023,0.12,0.023,0.12,0.12,0.023,0.023,0.12,0.023,0.12,0.023,0.12,0.023,0.12,0.12,0.023,0.12,0.023,0.12,0.023,0.12,0.023,0.023,0.12,0.12,0.023,0.12,0.023,0.023,0.12,0.023,0.12,0.023,0.12,0.12,0.023,0.12,0.023,0.023,0.12,0.12,0.023,0.023,0.12,0.023,0.12,0.023,0.12,0.12,0.023,0.12,0.023,0.023,0.12,0.023,0.12,0.023,0.12,0.12,0.023,0.12,0.023,0.023,0.12,0.12,0.023,0.12,0.023,0.12,0.023,0.12,0.023,0.023,0.12,0.023,0.12,0.12,0.023,0.12,0.023,0.12,0.023,0.12,0.023,0.12,0.023,0.023,0.12,0.12,0.023,0.023,0.12,0.023,0.12,0.023,0.12,0.12,0.023,0.12,0.023,0.023,0.12,0.12,0.023,0.023,0.12,0.12,0.023,0.12,0.023,0.12,0.023,0.12,0.023,0.12,0.023,0.12,0.023,0.023,0.12,0.12,0.023,0.12,0.023,0.12,0.023,0.12,0.023,0.023,0.12,0.023,0.12,0.023,0.12,0.023,0.12,0.023,0.12
PUR,HG01081,0.165049,0.725193,0.109758,HG01079,HG01080,2,0.174799604003763,0.712581278536596,0.112619117459641,0.785,0.084,0.13,0.579,0.235,0.186,0.78,0.22,0.961,0.039,0.890242,1,2,0.13362,0.198235,0.71171,0.722594,0.15467,0.079171,0.84533,0.920829,0.132245592218425,0.18921463492095,0.709627645775195,0.716631764143525,0.15812676200638,0.0941536009355246,0.206,0.151,0.056,0.181,0.181,1,0.064615,0.010884,0.075499,0.075499,0.056969042702525,0.00700411836833004,0.0639731610708554,0.682,0.1595,0.158,0.8705,0.1295,1.5,0.1659275,0.717152,0.1169205,0.8830795,0.160730113569687,0.71312970495936,0.126140181470952,0.039,0.22,0.22,0.039,0.22,0.039,0.22,0.039,0.22,0.039,0.22,0.039,0.039,0.22,0.039,0.22,0.039,0.22,0.039,0.22,0.22,0.039,0.22,0.039,0.22,0.039,0.22,0.039,0.22,0.039,0.22,0.039,0.039,0.22,0.039,0.22,0.039,0.22,0.039,0.22,0.039,0.22,0.039,0.22,0.039,0.22,0.22,0.039,0.22,0.039,0.039,0.22,0.22,0.039,0.039,0.22,0.22,0.039,0.039,0.22,0.22,0.039,0.22,0.039,0.22,0.039,0.22,0.039,0.22,0.039,0.22,0.039,0.22,0.039,0.039,0.22,0.039,0.22,0.22,0.039,0.22,0.039,0.039,0.22,0.039,0.22,0.039,0.22,0.22,0.039,0.22,0.039,0.22,0.039,0.22,0.039,0.22,0.039,0.22,0.039,0.039,0.22,0.22,0.039,0.039,0.22,0.22,0.039,0.039,0.22,0.039,0.22,0.039,0.22,0.22,0.039,0.22,0.039,0.039,0.22,0.22,0.039,0.039,0.22,0.22,0.039,0.22,0.039,0.039,0.22,0.039,0.22,0.039,0.22,0.039,0.22,0.039,0.22,0.22,0.039,0.039,0.22,0.039,0.22,0.22,0.039,0.22,0.039,0.039,0.22,0.039,0.22,0.039,0.22,0.039,0.22,0.22,0.039,0.039,0.22,0.22,0.039,0.22,0.039,0.22,0.039,0.22,0.039,0.039,0.22,0.22,0.039,0.22,0.039,0.039,0.22,0.039,0.22,0.22,0.039,0.22,0.039,0.22,0.039,0.22,0.039,0.039,0.22,0.22,0.039,0.039,0.22,0.039,0.22,0.22,0.039,0.039,0.22,0.039,0.22
PUR,HG01084,0.143412,0.69834,0.158248,HG01082,HG01083,2,0.155766588899906,0.684865806643057,0.159367604457037,0.732,0.21,0.058,0.566,0.155,0.279,0.868,0.132,0.824,0.176,0.841752,1,2,0.153066,0.155254,0.65314,0.763333,0.193793,0.081412,0.806206,0.918587,0.153917940933662,0.171538342594463,0.656833797324107,0.738100521472524,0.189248261742231,0.0903611359330128,0.166,0.055,0.221,0.044,0.044,1,0.002188,0.110193,0.112381,0.112381,0.017620401660801,0.0812667241484171,0.0988871258092182,0.649,0.1825,0.1685,0.846,0.154,1.5,0.15416,0.7082365,0.1376025,0.8623965,0.162728141764063,0.697467159398315,0.139804698837622,0.176,0.132,0.132,0.176,0.132,0.176,0.176,0.132,0.176,0.132,0.176,0.132,0.132,0.176,0.132,0.176,0.176,0.132,0.176,0.132,0.176,0.132,0.132,0.176,0.176,0.132,0.132,0.176,0.132,0.176,0.132,0.176,0.176,0.132,0.176,0.132,0.132,0.176,0.176,0.132,0.176,0.132,0.132,0.176,0.176,0.132,0.132,0.176,0.132,0.176,0.132,0.176,0.132,0.176,0.176,0.132,0.132,0.176,0.176,0.132,0.132,0.176,0.132,0.176,0.176,0.132,0.132,0.176,0.176,0.132,0.132,0.176,0.176,0.132,0.132,0.176,0.176,0.132,0.176,0.132,0.132,0.176,0.132,0.176,0.132,0.176,0.132,0.176,0.176,0.132,0.176,0.132,0.132,0.176,0.132,0.176,0.132,0.176,0.176,0.132,0.176,0.132,0.176,0.132,0.132,0.176,0.176,0.132,0.176,0.132,0.176,0.132,0.176,0.132,0.132,0.176,0.132,0.176,0.132,0.176,0.132,0.176,0.176,0.132,0.132,0.176,0.176,0.132,0.176,0.132,0.132,0.176,0.176,0.132,0.176,0.132,0.132,0.176,0.132,0.176,0.132,0.176,0.132,0.176,0.176,0.132,0.132,0.176,0.132,0.176,0.132,0.176,0.132,0.176,0.132,0.176,0.176,0.132,0.132,0.176,0.132,0.176,0.176,0.132,0.132,0.176,0.176,0.132,0.132,0.176,0.132,0.176,0.132,0.176,0.176,0.132,0.176,0.132,0.132,0.176,0.132,0.176,0.132,0.176,0.176,0.132,0.176,0.132,0.176,0.132,0.176,0.132,0.132,0.176,0.176,0.132,0.176,0.132,0.176,0.132
PUR,HG01087,0.147019,0.720018,0.132963,HG01085,HG01086,2,0.149260850832623,0.718445922660642,0.132293226506735,0.547,0.233,0.22,0.897,0.056,0.046,0.778,0.222,0.946,0.054,0.867037,1,2,0.125362,0.185536,0.763172,0.686261,0.111467,0.128203,0.888534,0.871797,0.124587046734975,0.180421232726508,0.761399352143774,0.689677576099003,0.114013601121251,0.12990119117449,0.35,0.177,0.174,0.168,0.168,1,0.060174,0.076911,0.016736,0.0167369999999999,0.055834185991533,0.0717217760447709,0.015887590053239,0.722,0.1445,0.133,0.862,0.138,1.5,0.155449,0.7247165,0.119835,0.8801655,0.152504139730742,0.725538464121388,0.121957396147871,0.054,0.222,0.054,0.222,0.222,0.054,0.054,0.222,0.222,0.054,0.054,0.222,0.222,0.054,0.054,0.222,0.222,0.054,0.054,0.222,0.222,0.054,0.222,0.054,0.222,0.054,0.054,0.222,0.222,0.054,0.054,0.222,0.054,0.222,0.222,0.054,0.222,0.054,0.054,0.222,0.222,0.054,0.222,0.054,0.054,0.222,0.222,0.054,0.054,0.222,0.054,0.222,0.054,0.222,0.054,0.222,0.054,0.222,0.222,0.054,0.222,0.054,0.222,0.054,0.222,0.054,0.054,0.222,0.222,0.054,0.222,0.054,0.054,0.222,0.054,0.222,0.054,0.222,0.222,0.054,0.054,0.222,0.054,0.222,0.222,0.054,0.222,0.054,0.054,0.222,0.222,0.054,0.222,0.054,0.222,0.054,0.054,0.222,0.054,0.222,0.222,0.054,0.054,0.222,0.222,0.054,0.222,0.054,0.222,0.054,0.054,0.222,0.054,0.222,0.222,0.054,0.054,0.222,0.054,0.222,0.054,0.222,0.222,0.054,0.054,0.222,0.054,0.222,0.222,0.054,0.222,0.054,0.222,0.054,0.222,0.054,0.222,0.054,0.054,0.222,0.222,0.054,0.054,0.222,0.054,0.222,0.054,0.222,0.054,0.222,0.054,0.222,0.054,0.222,0.222,0.054,0.222,0.054,0.054,0.222,0.054,0.222,0.054,0.222,0.222,0.054,0.054,0.222,0.222,0.054,0.054,0.222,0.054,0.222,0.054,0.222,0.222,0.054,0.054,0.222,0.054,0.222,0.054,0.222,0.054,0.222,0.054,0.222,0.222,0.054,0.054,0.222,0.054,0.222,0.222,0.054,0.054,0.222,0.054,0.222
PUR,HG01096,0.098293,0.77445,0.127256,HG01094,HG01095,1,0.0967653544869343,0.772670732396304,0.130563913116761,0.792,0.083,0.125,0.759,0.176,0.065,0.77,0.23,0.954,0.046,0.872743,1,2,0.122761,0.127793,0.764122,0.767947,0.113117,0.10426,0.886883,0.89574,0.120325700064009,0.127532090777648,0.764292354592556,0.763407351112716,0.115381945343435,0.109060558109636,0.033,0.093,0.06,0.184,0.184,1,0.00503199999999999,0.00382500000000008,0.00885699999999999,0.008857,0.00720639071363899,0.000885003479839996,0.00632138723379901,0.7755,0.1295,0.095,0.862,0.138,1.5,0.125277,0.7660345,0.1086885,0.8913115,0.123928895420828,0.763849852852636,0.112221251726535,0.046,0.23,0.23,0.046,0.046,0.23,0.23,0.046,0.23,0.046,0.23,0.046,0.046,0.23,0.23,0.046,0.046,0.23,0.23,0.046,0.23,0.046,0.046,0.23,0.23,0.046,0.046,0.23,0.046,0.23,0.23,0.046,0.046,0.23,0.046,0.23,0.046,0.23,0.23,0.046,0.23,0.046,0.046,0.23,0.046,0.23,0.23,0.046,0.23,0.046,0.23,0.046,0.046,0.23,0.046,0.23,0.046,0.23,0.046,0.23,0.046,0.23,0.23,0.046,0.23,0.046,0.046,0.23,0.23,0.046,0.23,0.046,0.23,0.046,0.23,0.046,0.046,0.23,0.23,0.046,0.23,0.046,0.046,0.23,0.23,0.046,0.046,0.23,0.046,0.23,0.23,0.046,0.23,0.046,0.23,0.046,0.046,0.23,0.23,0.046,0.23,0.046,0.23,0.046,0.046,0.23,0.046,0.23,0.23,0.046,0.23,0.046,0.23,0.046,0.046,0.23,0.046,0.23,0.23,0.046,0.23,0.046,0.046,0.23,0.23,0.046,0.046,0.23,0.046,0.23,0.046,0.23,0.23,0.046,0.046,0.23,0.23,0.046,0.046,0.23,0.23,0.046,0.046,0.23,0.046,0.23,0.23,0.046,0.046,0.23,0.046,0.23,0.23,0.046,0.046,0.23,0.046,0.23,0.046,0.23,0.23,0.046,0.046,0.23,0.046,0.23,0.046,0.23,0.046,0.23,0.046,0.23,0.046,0.23,0.23,0.046,0.046,0.23,0.23,0.046,0.23,0.046,0.23,0.046,0.23,0.046,0.046,0.23,0.23,0.046,0.046,0.23,0.046,0.23,0.23,0.046,0.046,0.23,0.046,0.23
PUR,HG01099,0.159966,0.761418,0.078616,HG01097,HG01098,1,0.157502297413281,0.758965711483706,0.0835319911030123,0.769,0.138,0.094,0.725,0.048,0.227,0.805,0.195,0.979,0.021,0.921384,1,2,0.147948,0.145303,0.776341,0.768895,0.075711,0.085803,0.924289,0.914198,0.149164867552989,0.135038332959946,0.772700344598143,0.774155327380312,0.0781347878488677,0.0908063396597422,0.044,0.09,0.133,0.174,0.174,1,0.00264500000000001,0.00744599999999995,0.010092,0.010091,0.014126534593043,0.00145498278216905,0.0126715518108745,0.747,0.093,0.1605,0.892,0.108,1.5,0.1466255,0.772618,0.080757,0.9192435,0.142101600256468,0.773427835989227,0.084470563754305,0.021,0.195,0.021,0.195,0.021,0.195,0.021,0.195,0.195,0.021,0.021,0.195,0.195,0.021,0.021,0.195,0.021,0.195,0.195,0.021,0.021,0.195,0.195,0.021,0.195,0.021,0.021,0.195,0.021,0.195,0.021,0.195,0.195,0.021,0.195,0.021,0.195,0.021,0.021,0.195,0.195,0.021,0.195,0.021,0.021,0.195,0.195,0.021,0.021,0.195,0.195,0.021,0.021,0.195,0.021,0.195,0.195,0.021,0.195,0.021,0.195,0.021,0.021,0.195,0.195,0.021,0.195,0.021,0.195,0.021,0.195,0.021,0.195,0.021,0.021,0.195,0.021,0.195,0.195,0.021,0.021,0.195,0.021,0.195,0.195,0.021,0.195,0.021,0.021,0.195,0.021,0.195,0.021,0.195,0.021,0.195,0.195,0.021,0.195,0.021,0.195,0.021,0.021,0.195,0.021,0.195,0.195,0.021,0.195,0.021,0.021,0.195,0.195,0.021,0.021,0.195,0.021,0.195,0.195,0.021,0.195,0.021,0.021,0.195,0.195,0.021,0.021,0.195,0.195,0.021,0.021,0.195,0.021,0.195,0.021,0.195,0.021,0.195,0.021,0.195,0.021,0.195,0.021,0.195,0.021,0.195,0.021,0.195,0.195,0.021,0.021,0.195,0.021,0.195,0.195,0.021,0.195,0.021,0.195,0.021,0.195,0.021,0.021,0.195,0.195,0.021,0.021,0.195,0.021,0.195,0.195,0.021,0.021,0.195,0.195,0.021,0.195,0.021,0.021,0.195,0.021,0.195,0.021,0.195,0.021,0.195,0.021,0.195,0.195,0.021,0.195,0.021,0.195,0.021,0.021,0.195,0.195,0.021,0.021,0.195
PUR,HG01100,0.143055,0.720375,0.13657,HG01247,HG01248,2,0.150371738558446,0.716375476449154,0.1332527849924,0.729,0.145,0.126,0.72,0.134,0.146,0.903,0.097,0.806,0.194,0.86343,1,2,0.167368,0.117406,0.634664,0.776976,0.197969,0.105618,0.802032,0.894382,0.159880004863697,0.125695332870627,0.647598086884683,0.768244009500324,0.19252190825162,0.106060657629049,0.00900000000000001,0.011,0.02,0.097,0.097,1,0.049962,0.142312,0.092351,0.09235,0.03418467199307,0.120645922615641,0.086461250622571,0.7245,0.1395,0.136,0.8545,0.1455,1.5,0.142387,0.70582,0.1517935,0.848207,0.142787668867162,0.707921048192504,0.149291282940335,0.194,0.097,0.097,0.194,0.097,0.194,0.194,0.097,0.194,0.097,0.097,0.194,0.194,0.097,0.097,0.194,0.097,0.194,0.194,0.097,0.194,0.097,0.097,0.194,0.097,0.194,0.097,0.194,0.194,0.097,0.097,0.194,0.194,0.097,0.194,0.097,0.194,0.097,0.097,0.194,0.097,0.194,0.194,0.097,0.097,0.194,0.097,0.194,0.097,0.194,0.097,0.194,0.097,0.194,0.194,0.097,0.097,0.194,0.097,0.194,0.097,0.194,0.194,0.097,0.194,0.097,0.097,0.194,0.097,0.194,0.194,0.097,0.194,0.097,0.097,0.194,0.097,0.194,0.194,0.097,0.097,0.194,0.097,0.194,0.097,0.194,0.097,0.194,0.097,0.194,0.097,0.194,0.097,0.194,0.097,0.194,0.194,0.097,0.194,0.097,0.194,0.097,0.194,0.097,0.097,0.194,0.194,0.097,0.097,0.194,0.194,0.097,0.097,0.194,0.097,0.194,0.194,0.097,0.097,0.194,0.097,0.194,0.194,0.097,0.194,0.097,0.097,0.194,0.194,0.097,0.097,0.194,0.194,0.097,0.097,0.194,0.194,0.097,0.194,0.097,0.097,0.194,0.097,0.194,0.097,0.194,0.194,0.097,0.097,0.194,0.194,0.097,0.194,0.097,0.097,0.194,0.194,0.097,0.194,0.097,0.097,0.194,0.097,0.194,0.097,0.194,0.194,0.097,0.097,0.194,0.194,0.097,0.097,0.194,0.097,0.194,0.194,0.097,0.097,0.194,0.194,0.097,0.097,0.194,0.097,0.194,0.194,0.097,0.194,0.097,0.194,0.097,0.097,0.194,0.097,0.194,0.194,0.097,0.097,0.194
PUR,HG01103,0.129388,0.720243,0.150368,HG01101,HG01102,2,0.142583126561,0.706723189565344,0.150693683873657,0.696,0.106,0.198,0.638,0.291,0.071,0.704,0.296,0.975,0.025,0.849631,1,2,0.165356,0.126093,0.69424,0.706251,0.140403,0.167655,0.859596,0.832344,0.165428140577673,0.133584350227971,0.692891301836548,0.70317426402034,0.141680557585779,0.163241385751689,0.0579999999999999,0.185,0.127,0.271,0.271,1,0.039263,0.012011,0.027252,0.0272520000000001,0.031843790349702,0.010282962183792,0.02156082816591,0.667,0.1985,0.1345,0.8395,0.1605,1.5,0.1457245,0.7002455,0.154029,0.84597,0.149506245402822,0.698032782928444,0.152460971668734,0.025,0.296,0.296,0.025,0.025,0.296,0.025,0.296,0.025,0.296,0.296,0.025,0.296,0.025,0.296,0.025,0.025,0.296,0.025,0.296,0.025,0.296,0.025,0.296,0.025,0.296,0.296,0.025,0.296,0.025,0.296,0.025,0.025,0.296,0.296,0.025,0.025,0.296,0.296,0.025,0.296,0.025,0.296,0.025,0.025,0.296,0.025,0.296,0.296,0.025,0.025,0.296,0.025,0.296,0.296,0.025,0.025,0.296,0.296,0.025,0.025,0.296,0.025,0.296,0.025,0.296,0.025,0.296,0.296,0.025,0.025,0.296,0.296,0.025,0.025,0.296,0.296,0.025,0.025,0.296,0.025,0.296,0.025,0.296,0.025,0.296,0.296,0.025,0.296,0.025,0.025,0.296,0.296,0.025,0.025,0.296,0.296,0.025,0.025,0.296,0.296,0.025,0.025,0.296,0.025,0.296,0.296,0.025,0.025,0.296,0.296,0.025,0.296,0.025,0.025,0.296,0.296,0.025,0.025,0.296,0.296,0.025,0.296,0.025,0.296,0.025,0.296,0.025,0.025,0.296,0.025,0.296,0.025,0.296,0.025,0.296,0.296,0.025,0.296,0.025,0.025,0.296,0.296,0.025,0.025,0.296,0.296,0.025,0.025,0.296,0.025,0.296,0.296,0.025,0.296,0.025,0.296,0.025,0.296,0.025,0.296,0.025,0.025,0.296,0.025,0.296,0.296,0.025,0.296,0.025,0.296,0.025,0.296,0.025,0.025,0.296,0.296,0.025,0.025,0.296,0.296,0.025,0.025,0.296,0.025,0.296,0.025,0.296,0.025,0.296,0.025,0.296,0.025,0.296,0.025,0.296,0.025,0.296,0.025,0.296
PUR,HG01106,0.109738,0.822718,0.067544,HG01104,HG01105,1,0.108125243275827,0.81851213185776,0.0733626248664132,0.766,0.096,0.138,0.846,0.079,0.075,0.907,0.093,0.933,0.067,0.932456,1,2,0.123489,0.080656,0.807598,0.851578,0.068913,0.067766,0.931087,0.932234,0.127303406106308,0.0755745351023692,0.801778449498055,0.84671915672498,0.0709181443956362,0.077706308172651,0.08,0.017,0.063,0.026,0.026,1,0.042833,0.0439799999999999,0.001147,0.00114700000000001,0.0517288710039388,0.044940707226925,0.0067881637770148,0.806,0.0875,0.1065,0.92,0.08,1.5,0.1020725,0.829588,0.0683395,0.9316605,0.101438970604339,0.824248803111517,0.0743122262841436,0.093,0.067,0.093,0.067,0.067,0.093,0.093,0.067,0.067,0.093,0.067,0.093,0.067,0.093,0.093,0.067,0.067,0.093,0.067,0.093,0.067,0.093,0.093,0.067,0.067,0.093,0.067,0.093,0.093,0.067,0.067,0.093,0.067,0.093,0.093,0.067,0.093,0.067,0.067,0.093,0.093,0.067,0.093,0.067,0.067,0.093,0.067,0.093,0.067,0.093,0.093,0.067,0.067,0.093,0.067,0.093,0.093,0.067,0.067,0.093,0.093,0.067,0.093,0.067,0.067,0.093,0.067,0.093,0.067,0.093,0.067,0.093,0.093,0.067,0.093,0.067,0.067,0.093,0.067,0.093,0.067,0.093,0.067,0.093,0.067,0.093,0.067,0.093,0.067,0.093,0.093,0.067,0.093,0.067,0.067,0.093,0.067,0.093,0.067,0.093,0.067,0.093,0.067,0.093,0.067,0.093,0.093,0.067,0.093,0.067,0.093,0.067,0.067,0.093,0.067,0.093,0.093,0.067,0.093,0.067,0.093,0.067,0.067,0.093,0.067,0.093,0.093,0.067,0.093,0.067,0.093,0.067,0.093,0.067,0.093,0.067,0.093,0.067,0.093,0.067,0.093,0.067,0.093,0.067,0.093,0.067,0.067,0.093,0.093,0.067,0.093,0.067,0.093,0.067,0.067,0.093,0.067,0.093,0.067,0.093,0.093,0.067,0.067,0.093,0.093,0.067,0.067,0.093,0.067,0.093,0.093,0.067,0.067,0.093,0.067,0.093,0.067,0.093,0.093,0.067,0.093,0.067,0.067,0.093,0.067,0.093,0.093,0.067,0.093,0.067,0.067,0.093,0.067,0.093,0.067,0.093,0.093,0.067,0.067,0.093
PUR,HG01109,0.09035,0.471794,0.437856,HG01107,HG01108,1,0.0963053881822959,0.490178640906452,0.413515970911252,0.55,0.45,0,0.496,0.504,0,0.813,0.187,0.335,0.665,0.562144,1,2,0.113005,0.064775,0.663838,0.303851,0.223157,0.631374,0.776843,0.368626,0.112891850977674,0.0700305451998956,0.655381723018286,0.326092279849894,0.23172642600404,0.603877174950211,0.054,0.054,0,0.478,0.478,1,0.04823,0.359987,0.408217,0.408217,0.0428613057777784,0.329289443168392,0.372150748946171,0.523,0.477,0,0.574,0.426,1.5,0.08889,0.4838445,0.4272655,0.5727345,0.0914611980887848,0.49073700143409,0.417801800477126,0.187,0.665,0.187,0.665,0.665,0.187,0.187,0.665,0.665,0.187,0.665,0.187,0.187,0.665,0.665,0.187,0.187,0.665,0.187,0.665,0.187,0.665,0.665,0.187,0.187,0.665,0.665,0.187,0.665,0.187,0.665,0.187,0.665,0.187,0.187,0.665,0.665,0.187,0.187,0.665,0.665,0.187,0.665,0.187,0.665,0.187,0.665,0.187,0.665,0.187,0.665,0.187,0.187,0.665,0.187,0.665,0.187,0.665,0.187,0.665,0.665,0.187,0.665,0.187,0.187,0.665,0.187,0.665,0.665,0.187,0.665,0.187,0.665,0.187,0.187,0.665,0.665,0.187,0.187,0.665,0.665,0.187,0.187,0.665,0.665,0.187,0.187,0.665,0.187,0.665,0.665,0.187,0.187,0.665,0.665,0.187,0.665,0.187,0.665,0.187,0.665,0.187,0.187,0.665,0.665,0.187,0.187,0.665,0.665,0.187,0.665,0.187,0.665,0.187,0.665,0.187,0.665,0.187,0.187,0.665,0.665,0.187,0.665,0.187,0.187,0.665,0.665,0.187,0.187,0.665,0.665,0.187,0.187,0.665,0.665,0.187,0.665,0.187,0.665,0.187,0.187,0.665,0.187,0.665,0.187,0.665,0.187,0.665,0.187,0.665,0.665,0.187,0.665,0.187,0.665,0.187,0.187,0.665,0.187,0.665,0.187,0.665,0.187,0.665,0.187,0.665,0.187,0.665,0.665,0.187,0.665,0.187,0.187,0.665,0.187,0.665,0.187,0.665,0.665,0.187,0.187,0.665,0.187,0.665,0.665,0.187,0.665,0.187,0.187,0.665,0.187,0.665,0.187,0.665,0.187,0.665,0.187,0.665,0.187,0.665
PUR,HG01169,0.094585,0.796657,0.108758,HG01167,HG01168,2,0.0966025307218232,0.791552247906133,0.111845221372044,0.703,0.175,0.122,0.923,0.048,0.029,0.76,0.24,0.975,0.025,0.891242,1,2,0.143641,0.060024,0.631024,0.926886,0.225335,0.01309,0.774665,0.98691,0.144615113027966,0.0578396394428928,0.629292029236247,0.917056917059673,0.226092857735787,0.0251034434974339,0.22,0.127,0.093,0.215,0.215,1,0.083617,0.295862,0.212245,0.212245,0.0867754735850732,0.287764887823426,0.200989414238353,0.813,0.1115,0.0755,0.8675,0.1325,1.5,0.1018325,0.778955,0.1192125,0.8807875,0.101227376235429,0.77317447314796,0.12559815061661,0.025,0.24,0.025,0.24,0.025,0.24,0.025,0.24,0.025,0.24,0.025,0.24,0.025,0.24,0.24,0.025,0.24,0.025,0.025,0.24,0.025,0.24,0.24,0.025,0.025,0.24,0.025,0.24,0.025,0.24,0.24,0.025,0.025,0.24,0.24,0.025,0.025,0.24,0.025,0.24,0.24,0.025,0.24,0.025,0.24,0.025,0.24,0.025,0.025,0.24,0.025,0.24,0.24,0.025,0.025,0.24,0.025,0.24,0.24,0.025,0.025,0.24,0.24,0.025,0.24,0.025,0.025,0.24,0.025,0.24,0.025,0.24,0.24,0.025,0.025,0.24,0.24,0.025,0.24,0.025,0.24,0.025,0.24,0.025,0.025,0.24,0.24,0.025,0.025,0.24,0.025,0.24,0.025,0.24,0.24,0.025,0.24,0.025,0.24,0.025,0.24,0.025,0.24,0.025,0.24,0.025,0.24,0.025,0.025,0.24,0.025,0.24,0.24,0.025,0.24,0.025,0.24,0.025,0.24,0.025,0.24,0.025,0.025,0.24,0.025,0.24,0.24,0.025,0.025,0.24,0.025,0.24,0.24,0.025,0.025,0.24,0.24,0.025,0.025,0.24,0.025,0.24,0.025,0.24,0.025,0.24,0.025,0.24,0.24,0.025,0.24,0.025,0.24,0.025,0.025,0.24,0.24,0.025,0.24,0.025,0.24,0.025,0.025,0.24,0.025,0.24,0.025,0.24,0.24,0.025,0.025,0.24,0.24,0.025,0.025,0.24,0.025,0.24,0.24,0.025,0.24,0.025,0.025,0.24,0.24,0.025,0.025,0.24,0.24,0.025,0.24,0.025,0.24,0.025,0.025,0.24,0.025,0.24,0.025,0.24
PUR,HG01172,0.145137,0.708472,0.146392,HG01170,HG01171,1,0.146048195636528,0.718139266649671,0.135812537713801,0.603,0.144,0.253,0.74,0.198,0.061,0.71,0.29,0.965,0.035,0.853609,1,2,0.153071,0.142469,0.740688,0.677478,0.106241,0.180053,0.893759,0.819947,0.154923388693031,0.138127613149136,0.746022794147989,0.682741228843137,0.0990538171589796,0.179131158007727,0.137,0.054,0.192,0.255,0.255,1,0.010602,0.06321,0.073812,0.073812,0.016795775543895,0.063281565304852,0.0800773408487474,0.6715,0.171,0.157,0.8375,0.1625,1.5,0.14777,0.709083,0.143147,0.856853,0.146525500921083,0.714382011495563,0.139092487583353,0.035,0.29,0.035,0.29,0.035,0.29,0.035,0.29,0.035,0.29,0.29,0.035,0.035,0.29,0.29,0.035,0.29,0.035,0.035,0.29,0.035,0.29,0.035,0.29,0.29,0.035,0.035,0.29,0.035,0.29,0.035,0.29,0.035,0.29,0.035,0.29,0.035,0.29,0.035,0.29,0.035,0.29,0.29,0.035,0.035,0.29,0.035,0.29,0.035,0.29,0.035,0.29,0.29,0.035,0.035,0.29,0.29,0.035,0.035,0.29,0.035,0.29,0.29,0.035,0.29,0.035,0.29,0.035,0.29,0.035,0.29,0.035,0.29,0.035,0.035,0.29,0.035,0.29,0.29,0.035,0.035,0.29,0.29,0.035,0.29,0.035,0.29,0.035,0.29,0.035,0.035,0.29,0.29,0.035,0.035,0.29,0.035,0.29,0.035,0.29,0.035,0.29,0.035,0.29,0.29,0.035,0.29,0.035,0.29,0.035,0.29,0.035,0.29,0.035,0.035,0.29,0.29,0.035,0.29,0.035,0.035,0.29,0.29,0.035,0.29,0.035,0.035,0.29,0.035,0.29,0.035,0.29,0.035,0.29,0.035,0.29,0.29,0.035,0.29,0.035,0.035,0.29,0.035,0.29,0.035,0.29,0.29,0.035,0.035,0.29,0.29,0.035,0.035,0.29,0.29,0.035,0.29,0.035,0.035,0.29,0.29,0.035,0.29,0.035,0.29,0.035,0.035,0.29,0.035,0.29,0.035,0.29,0.035,0.29,0.035,0.29,0.035,0.29,0.29,0.035,0.29,0.035,0.035,0.29,0.035,0.29,0.29,0.035,0.035,0.29,0.29,0.035,0.29,0.035,0.29,0.035,0.035,0.29,0.29,0.035
PUR,HG01175,0.091314,0.862556,0.04613,HG01173,HG01174,2,0.0996192079433569,0.834739389902849,0.0656414021537938,0.925,0.029,0.046,0.812,0.079,0.109,0.959,0.041,0.915,0.085,0.95387,1,2,0.055974,0.1252,0.895853,0.825674,0.048173,0.049126,0.951827,0.950874,0.0544876057666649,0.130761647320446,0.893640280012744,0.798556543214637,0.0518721142205909,0.0706818094649174,0.113,0.05,0.063,0.0439999999999999,0.044,1,0.069226,0.070179,0.000953000000000002,0.000952999999999982,0.0762740415537811,0.095083736798107,0.0188096952443265,0.8685,0.054,0.0775,0.937,0.063,1.5,0.090587,0.8607635,0.0486495,0.9513505,0.0926246265435555,0.84609841161369,0.0612769618427541,0.085,0.041,0.085,0.041,0.085,0.041,0.085,0.041,0.041,0.085,0.085,0.041,0.041,0.085,0.085,0.041,0.041,0.085,0.085,0.041,0.085,0.041,0.041,0.085,0.041,0.085,0.085,0.041,0.085,0.041,0.085,0.041,0.085,0.041,0.085,0.041,0.085,0.041,0.041,0.085,0.085,0.041,0.041,0.085,0.041,0.085,0.085,0.041,0.085,0.041,0.085,0.041,0.085,0.041,0.085,0.041,0.041,0.085,0.041,0.085,0.041,0.085,0.085,0.041,0.041,0.085,0.085,0.041,0.085,0.041,0.041,0.085,0.085,0.041,0.041,0.085,0.041,0.085,0.041,0.085,0.085,0.041,0.041,0.085,0.041,0.085,0.041,0.085,0.041,0.085,0.085,0.041,0.041,0.085,0.041,0.085,0.041,0.085,0.085,0.041,0.041,0.085,0.041,0.085,0.085,0.041,0.085,0.041,0.085,0.041,0.085,0.041,0.085,0.041,0.085,0.041,0.085,0.041,0.041,0.085,0.085,0.041,0.085,0.041,0.041,0.085,0.085,0.041,0.041,0.085,0.085,0.041,0.085,0.041,0.041,0.085,0.085,0.041,0.085,0.041,0.085,0.041,0.041,0.085,0.041,0.085,0.041,0.085,0.085,0.041,0.085,0.041,0.085,0.041,0.041,0.085,0.085,0.041,0.041,0.085,0.085,0.041,0.085,0.041,0.085,0.041,0.041,0.085,0.041,0.085,0.041,0.085,0.041,0.085,0.085,0.041,0.085,0.041,0.041,0.085,0.041,0.085,0.041,0.085,0.041,0.085,0.085,0.041,0.041,0.085,0.041,0.085,0.085,0.041,0.085,0.041,0.085,0.041,0.085,0.041
PUR,HG01178,0.126431,0.79613,0.07744,HG01176,HG01177,1,0.132347607662695,0.783503072100794,0.0841493202365118,0.794,0.098,0.108,0.82,0.073,0.108,0.873,0.127,0.958,0.042,0.922561,1,2,0.175375,0.188796,0.744683,0.750289,0.079942,0.060915,0.920058,0.939085,0.181584816760465,0.193299768048308,0.731347317798377,0.738555922044264,0.087067865441158,0.068144309907428,0.0259999999999999,0.025,0,0.085,0.085,1,0.013421,0.005606,0.019027,0.0190269999999999,0.011714951287843,0.00720860424588698,0.01892355553373,0.807,0.0855,0.108,0.9155,0.0845,1.5,0.1820855,0.747486,0.0704285,0.9295715,0.187442292404387,0.734951619921321,0.077606087674293,0.042,0.127,0.042,0.127,0.042,0.127,0.127,0.042,0.042,0.127,0.042,0.127,0.127,0.042,0.127,0.042,0.042,0.127,0.127,0.042,0.127,0.042,0.127,0.042,0.042,0.127,0.127,0.042,0.127,0.042,0.042,0.127,0.042,0.127,0.042,0.127,0.042,0.127,0.042,0.127,0.127,0.042,0.127,0.042,0.127,0.042,0.127,0.042,0.042,0.127,0.127,0.042,0.042,0.127,0.127,0.042,0.042,0.127,0.127,0.042,0.042,0.127,0.042,0.127,0.042,0.127,0.127,0.042,0.042,0.127,0.042,0.127,0.042,0.127,0.042,0.127,0.042,0.127,0.127,0.042,0.042,0.127,0.042,0.127,0.042,0.127,0.042,0.127,0.042,0.127,0.127,0.042,0.042,0.127,0.042,0.127,0.127,0.042,0.042,0.127,0.127,0.042,0.127,0.042,0.042,0.127,0.127,0.042,0.042,0.127,0.042,0.127,0.042,0.127,0.042,0.127,0.127,0.042,0.127,0.042,0.042,0.127,0.127,0.042,0.127,0.042,0.127,0.042,0.127,0.042,0.042,0.127,0.127,0.042,0.042,0.127,0.042,0.127,0.042,0.127,0.127,0.042,0.127,0.042,0.127,0.042,0.042,0.127,0.127,0.042,0.127,0.042,0.127,0.042,0.127,0.042,0.042,0.127,0.042,0.127,0.042,0.127,0.042,0.127,0.042,0.127,0.042,0.127,0.042,0.127,0.127,0.042,0.127,0.042,0.127,0.042,0.042,0.127,0.127,0.042,0.042,0.127,0.127,0.042,0.042,0.127,0.127,0.042,0.042,0.127,0.042,0.127,0.127,0.042,0.042,0.127,0.042,0.127,0.042,0.127
PUR,HG01184,0.165167,0.712614,0.122219,HG01182,HG01183,2,0.161128558274537,0.71293284459804,0.125938597127423,0.552,0.448,0,0.468,0.532,0,0.893,0.107,0.848,0.152,0.877781,1,2,0.161089,0.162224,0.713522,0.726509,0.125389,0.111268,0.874611,0.888733,0.152849871839705,0.158589533898613,0.716726256960312,0.724807583008727,0.130423871199983,0.11660288309266,0.084,0.084,0,0.045,0.045,1,0.001135,0.012987,0.014121,0.014122,0.005739662058908,0.00808132604841505,0.013820988107323,0.51,0.49,0,0.8705,0.1295,1.5,0.1616565,0.7200155,0.1183285,0.881672,0.155719702869159,0.720766919984519,0.123513377146321,0.152,0.107,0.152,0.107,0.107,0.152,0.107,0.152,0.152,0.107,0.107,0.152,0.152,0.107,0.152,0.107,0.107,0.152,0.107,0.152,0.152,0.107,0.152,0.107,0.107,0.152,0.152,0.107,0.107,0.152,0.152,0.107,0.107,0.152,0.152,0.107,0.152,0.107,0.152,0.107,0.152,0.107,0.152,0.107,0.152,0.107,0.152,0.107,0.107,0.152,0.107,0.152,0.152,0.107,0.152,0.107,0.152,0.107,0.107,0.152,0.152,0.107,0.152,0.107,0.152,0.107,0.107,0.152,0.107,0.152,0.107,0.152,0.107,0.152,0.107,0.152,0.107,0.152,0.107,0.152,0.152,0.107,0.152,0.107,0.107,0.152,0.152,0.107,0.152,0.107,0.107,0.152,0.107,0.152,0.152,0.107,0.152,0.107,0.152,0.107,0.152,0.107,0.152,0.107,0.152,0.107,0.107,0.152,0.152,0.107,0.107,0.152,0.152,0.107,0.152,0.107,0.152,0.107,0.152,0.107,0.152,0.107,0.107,0.152,0.152,0.107,0.152,0.107,0.107,0.152,0.152,0.107,0.107,0.152,0.107,0.152,0.107,0.152,0.107,0.152,0.107,0.152,0.107,0.152,0.152,0.107,0.152,0.107,0.152,0.107,0.152,0.107,0.107,0.152,0.107,0.152,0.152,0.107,0.152,0.107,0.152,0.107,0.152,0.107,0.152,0.107,0.107,0.152,0.107,0.152,0.107,0.152,0.152,0.107,0.107,0.152,0.107,0.152,0.107,0.152,0.152,0.107,0.107,0.152,0.107,0.152,0.152,0.107,0.107,0.152,0.107,0.152,0.152,0.107,0.152,0.107,0.107,0.152,0.107,0.152
PUR,HG01189,0.231916,0.56107,0.207014,HG01187,HG01188,1,0.230826584826822,0.566407148668949,0.20276626650423,0.669,0.217,0.113,0.34,0.264,0.397,0.687,0.313,0.922,0.078,0.792986,1,2,0.253396,0.209856,0.567246,0.577019,0.179358,0.213126,0.820642,0.786875,0.257312612492207,0.203075469812865,0.568000648371453,0.584387777737276,0.174686739136339,0.212536752449859,0.329,0.047,0.284,0.235,0.235,1,0.04354,0.00977299999999992,0.033768,0.0337670000000001,0.054237142679342,0.016387129365823,0.03785001331352,0.5045,0.2405,0.255,0.8045,0.1955,1.5,0.231626,0.5721325,0.196242,0.8037585,0.230194041152536,0.576194213054364,0.193611745793099,0.313,0.078,0.078,0.313,0.078,0.313,0.313,0.078,0.313,0.078,0.078,0.313,0.078,0.313,0.078,0.313,0.313,0.078,0.078,0.313,0.313,0.078,0.078,0.313,0.078,0.313,0.313,0.078,0.078,0.313,0.313,0.078,0.313,0.078,0.078,0.313,0.078,0.313,0.313,0.078,0.078,0.313,0.313,0.078,0.313,0.078,0.078,0.313,0.313,0.078,0.078,0.313,0.078,0.313,0.078,0.313,0.313,0.078,0.313,0.078,0.078,0.313,0.078,0.313,0.078,0.313,0.078,0.313,0.313,0.078,0.313,0.078,0.313,0.078,0.313,0.078,0.313,0.078,0.078,0.313,0.078,0.313,0.078,0.313,0.078,0.313,0.313,0.078,0.078,0.313,0.078,0.313,0.313,0.078,0.078,0.313,0.078,0.313,0.078,0.313,0.078,0.313,0.078,0.313,0.313,0.078,0.078,0.313,0.078,0.313,0.078,0.313,0.078,0.313,0.078,0.313,0.313,0.078,0.078,0.313,0.313,0.078,0.313,0.078,0.313,0.078,0.078,0.313,0.078,0.313,0.313,0.078,0.078,0.313,0.078,0.313,0.313,0.078,0.078,0.313,0.313,0.078,0.078,0.313,0.313,0.078,0.078,0.313,0.078,0.313,0.078,0.313,0.313,0.078,0.078,0.313,0.078,0.313,0.078,0.313,0.313,0.078,0.313,0.078,0.078,0.313,0.313,0.078,0.078,0.313,0.078,0.313,0.078,0.313,0.078,0.313,0.078,0.313,0.078,0.313,0.078,0.313,0.078,0.313,0.078,0.313,0.313,0.078,0.078,0.313,0.078,0.313,0.078,0.313,0.078,0.313,0.078,0.313,0.313,0.078
PUR,HG01192,0.213558,0.675047,0.111395,HG01190,HG01191,1,0.227733610076973,0.656863577031683,0.115402812891344,0.621,0.22,0.158,0.693,0.094,0.213,0.793,0.207,0.971,0.029,0.888605,1,2,0.223505,0.193487,0.621393,0.71866,0.155102,0.087853,0.844898,0.912147,0.222411180066734,0.208318185604967,0.62616825550374,0.699656557379392,0.151420564429526,0.0920252570156412,0.072,0.126,0.055,0.178,0.178,1,0.030018,0.097267,0.067249,0.067249,0.014092994461767,0.073488301875652,0.0593953074138848,0.657,0.157,0.1855,0.882,0.118,1.5,0.208496,0.6700265,0.1214775,0.8785225,0.215364682835851,0.662912406441566,0.121722910722584,0.029,0.207,0.029,0.207,0.029,0.207,0.029,0.207,0.207,0.029,0.029,0.207,0.029,0.207,0.029,0.207,0.207,0.029,0.207,0.029,0.029,0.207,0.029,0.207,0.207,0.029,0.029,0.207,0.207,0.029,0.207,0.029,0.207,0.029,0.207,0.029,0.029,0.207,0.207,0.029,0.207,0.029,0.207,0.029,0.207,0.029,0.207,0.029,0.029,0.207,0.207,0.029,0.029,0.207,0.029,0.207,0.029,0.207,0.029,0.207,0.029,0.207,0.029,0.207,0.029,0.207,0.207,0.029,0.207,0.029,0.029,0.207,0.029,0.207,0.207,0.029,0.029,0.207,0.029,0.207,0.207,0.029,0.029,0.207,0.207,0.029,0.029,0.207,0.029,0.207,0.207,0.029,0.029,0.207,0.207,0.029,0.207,0.029,0.029,0.207,0.207,0.029,0.029,0.207,0.207,0.029,0.207,0.029,0.207,0.029,0.207,0.029,0.207,0.029,0.029,0.207,0.207,0.029,0.029,0.207,0.029,0.207,0.207,0.029,0.029,0.207,0.029,0.207,0.029,0.207,0.207,0.029,0.029,0.207,0.029,0.207,0.029,0.207,0.029,0.207,0.207,0.029,0.029,0.207,0.207,0.029,0.207,0.029,0.207,0.029,0.029,0.207,0.029,0.207,0.029,0.207,0.029,0.207,0.029,0.207,0.207,0.029,0.029,0.207,0.029,0.207,0.207,0.029,0.207,0.029,0.029,0.207,0.029,0.207,0.029,0.207,0.029,0.207,0.207,0.029,0.029,0.207,0.029,0.207,0.029,0.207,0.029,0.207,0.029,0.207,0.207,0.029,0.029,0.207,0.029,0.207,0.207,0.029,0.029,0.207
PUR,HG01199,0.123965,0.764707,0.111328,HG01197,HG01198,1,0.128551334886295,0.754637153892151,0.116811511221554,0.822,0.061,0.116,0.636,0.216,0.148,0.793,0.207,0.955,0.045,0.888672,1,2,0.145654,0.144507,0.802182,0.683885,0.052164,0.171608,0.947836,0.828392,0.149240483665828,0.150110717091414,0.787432487373275,0.673463735601693,0.0633270289608968,0.176425547306893,0.186,0.155,0.032,0.162,0.162,1,0.00114700000000001,0.118297,0.119444,0.119444,0.000870233425585981,0.113968751771582,0.113098518345996,0.729,0.1385,0.132,0.874,0.126,1.5,0.1450805,0.7430335,0.111886,0.888114,0.149675600378621,0.730448111487484,0.119876288133895,0.045,0.207,0.045,0.207,0.207,0.045,0.045,0.207,0.045,0.207,0.045,0.207,0.207,0.045,0.207,0.045,0.045,0.207,0.045,0.207,0.207,0.045,0.207,0.045,0.207,0.045,0.207,0.045,0.045,0.207,0.045,0.207,0.207,0.045,0.207,0.045,0.045,0.207,0.045,0.207,0.045,0.207,0.045,0.207,0.045,0.207,0.045,0.207,0.045,0.207,0.207,0.045,0.045,0.207,0.045,0.207,0.207,0.045,0.045,0.207,0.207,0.045,0.045,0.207,0.045,0.207,0.045,0.207,0.045,0.207,0.045,0.207,0.045,0.207,0.207,0.045,0.045,0.207,0.045,0.207,0.207,0.045,0.045,0.207,0.207,0.045,0.207,0.045,0.045,0.207,0.207,0.045,0.207,0.045,0.207,0.045,0.207,0.045,0.045,0.207,0.045,0.207,0.045,0.207,0.207,0.045,0.045,0.207,0.207,0.045,0.207,0.045,0.207,0.045,0.207,0.045,0.207,0.045,0.207,0.045,0.207,0.045,0.045,0.207,0.045,0.207,0.207,0.045,0.207,0.045,0.207,0.045,0.207,0.045,0.207,0.045,0.207,0.045,0.207,0.045,0.045,0.207,0.045,0.207,0.207,0.045,0.207,0.045,0.045,0.207,0.207,0.045,0.045,0.207,0.045,0.207,0.207,0.045,0.207,0.045,0.045,0.207,0.045,0.207,0.207,0.045,0.045,0.207,0.207,0.045,0.045,0.207,0.207,0.045,0.045,0.207,0.045,0.207,0.207,0.045,0.045,0.207,0.207,0.045,0.045,0.207,0.207,0.045,0.207,0.045,0.207,0.045,0.045,0.207,0.207,0.045,0.045,0.207,0.045,0.207
PUR,HG01206,0.119125,0.772548,0.108328,HG01204,HG01205,1,0.121782884985898,0.768397155314394,0.109819959699707,0.691,0.148,0.161,0.827,0.056,0.117,0.847,0.153,0.934,0.066,0.891673,1,2,0.133822,0.119472,0.777289,0.772483,0.088888,0.108045,0.911111,0.891955,0.141931066777231,0.11974917824747,0.768513098121993,0.764177161021566,0.0895558351007758,0.116073660730964,0.136,0.092,0.044,0.0870000000000001,0.087,1,0.01435,0.00480599999999998,0.019157,0.019156,0.022181888529761,0.00433593710042701,0.0265178256301882,0.759,0.102,0.139,0.8905,0.1095,1.5,0.126647,0.774886,0.0984665,0.901533,0.13084012251235,0.766345129571779,0.10281474791587,0.066,0.153,0.066,0.153,0.066,0.153,0.066,0.153,0.066,0.153,0.153,0.066,0.153,0.066,0.153,0.066,0.153,0.066,0.066,0.153,0.066,0.153,0.153,0.066,0.153,0.066,0.153,0.066,0.066,0.153,0.153,0.066,0.066,0.153,0.153,0.066,0.066,0.153,0.153,0.066,0.066,0.153,0.153,0.066,0.066,0.153,0.153,0.066,0.153,0.066,0.066,0.153,0.153,0.066,0.153,0.066,0.153,0.066,0.066,0.153,0.066,0.153,0.066,0.153,0.066,0.153,0.153,0.066,0.153,0.066,0.153,0.066,0.153,0.066,0.153,0.066,0.153,0.066,0.066,0.153,0.153,0.066,0.066,0.153,0.153,0.066,0.153,0.066,0.153,0.066,0.153,0.066,0.066,0.153,0.066,0.153,0.153,0.066,0.153,0.066,0.066,0.153,0.153,0.066,0.066,0.153,0.066,0.153,0.066,0.153,0.153,0.066,0.153,0.066,0.153,0.066,0.066,0.153,0.066,0.153,0.066,0.153,0.066,0.153,0.153,0.066,0.153,0.066,0.066,0.153,0.153,0.066,0.153,0.066,0.066,0.153,0.066,0.153,0.066,0.153,0.066,0.153,0.066,0.153,0.066,0.153,0.153,0.066,0.153,0.066,0.066,0.153,0.153,0.066,0.153,0.066,0.153,0.066,0.066,0.153,0.153,0.066,0.066,0.153,0.153,0.066,0.153,0.066,0.153,0.066,0.066,0.153,0.153,0.066,0.066,0.153,0.066,0.153,0.066,0.153,0.153,0.066,0.153,0.066,0.153,0.066,0.066,0.153,0.066,0.153,0.066,0.153,0.153,0.066,0.066,0.153,0.153,0.066,0.153,0.066
PUR,HG01243,0.060827,0.322507,0.616667,HG01241,HG01242,1,0.0617751208795808,0.350613723149733,0.587611155970686,0.429,0.544,0.027,0.237,0.67,0.093,0.559,0.441,0.215,0.785,0.383334,1,2,0.070331,0.057405,0.240654,0.439793,0.689015,0.502803,0.310985,0.497198,0.0700971626410703,0.0573711814340078,0.25565932107382,0.451915036524446,0.67424351628511,0.490713782041546,0.192,0.126,0.066,0.344,0.344,1,0.012926,0.199139,0.186212,0.186213,0.0127259812070625,0.196255715450626,0.183529734243564,0.333,0.607,0.06,0.387,0.613,1.5,0.063868,0.3402235,0.595909,0.4040915,0.063734172037539,0.353787178799133,0.582478649163328,0.441,0.785,0.785,0.441,0.441,0.785,0.785,0.441,0.785,0.441,0.785,0.441,0.785,0.441,0.785,0.441,0.785,0.441,0.441,0.785,0.441,0.785,0.441,0.785,0.785,0.441,0.785,0.441,0.441,0.785,0.441,0.785,0.441,0.785,0.441,0.785,0.441,0.785,0.785,0.441,0.441,0.785,0.441,0.785,0.785,0.441,0.441,0.785,0.785,0.441,0.441,0.785,0.441,0.785,0.441,0.785,0.785,0.441,0.785,0.441,0.785,0.441,0.785,0.441,0.441,0.785,0.785,0.441,0.441,0.785,0.441,0.785,0.441,0.785,0.441,0.785,0.441,0.785,0.441,0.785,0.785,0.441,0.441,0.785,0.785,0.441,0.785,0.441,0.441,0.785,0.441,0.785,0.441,0.785,0.441,0.785,0.441,0.785,0.441,0.785,0.785,0.441,0.441,0.785,0.441,0.785,0.785,0.441,0.785,0.441,0.441,0.785,0.441,0.785,0.785,0.441,0.785,0.441,0.785,0.441,0.785,0.441,0.785,0.441,0.785,0.441,0.441,0.785,0.441,0.785,0.785,0.441,0.441,0.785,0.785,0.441,0.441,0.785,0.441,0.785,0.785,0.441,0.785,0.441,0.441,0.785,0.441,0.785,0.785,0.441,0.441,0.785,0.441,0.785,0.441,0.785,0.441,0.785,0.785,0.441,0.785,0.441,0.785,0.441,0.785,0.441,0.441,0.785,0.441,0.785,0.785,0.441,0.441,0.785,0.785,0.441,0.785,0.441,0.441,0.785,0.785,0.441,0.785,0.441,0.785,0.441,0.441,0.785,0.441,0.785,0.441,0.785,0.441,0.785,0.785,0.441,0.785,0.441,0.441,0.785
PUR,HG01249,0.162189,0.727096,0.110714,HG01110,HG01111,2,0.171486160196068,0.716509727580446,0.112004112223487,0.652,0.153,0.194,0.706,0.144,0.15,0.893,0.107,0.85,0.15,0.889285,1,2,0.14527,0.146173,0.736283,0.74897,0.118448,0.104857,0.881553,0.895143,0.14368870892976,0.153721671203624,0.742560639067063,0.739290532607195,0.113750652003177,0.106987796189181,0.0539999999999999,0.00900000000000001,0.044,0.043,0.043,1,0.000902999999999987,0.012687,0.013591,0.01359,0.010032962273864,0.00327010645986803,0.00676285581399599,0.679,0.1485,0.172,0.8715,0.1285,1.5,0.1457215,0.7426265,0.1116525,0.888348,0.148705190066692,0.740925585837129,0.110369224096179,0.15,0.107,0.107,0.15,0.15,0.107,0.15,0.107,0.15,0.107,0.107,0.15,0.107,0.15,0.15,0.107,0.107,0.15,0.107,0.15,0.107,0.15,0.107,0.15,0.15,0.107,0.15,0.107,0.107,0.15,0.107,0.15,0.107,0.15,0.15,0.107,0.107,0.15,0.15,0.107,0.15,0.107,0.107,0.15,0.15,0.107,0.15,0.107,0.107,0.15,0.107,0.15,0.15,0.107,0.107,0.15,0.15,0.107,0.15,0.107,0.15,0.107,0.15,0.107,0.15,0.107,0.15,0.107,0.15,0.107,0.107,0.15,0.15,0.107,0.107,0.15,0.107,0.15,0.107,0.15,0.107,0.15,0.15,0.107,0.15,0.107,0.107,0.15,0.107,0.15,0.15,0.107,0.107,0.15,0.107,0.15,0.15,0.107,0.15,0.107,0.15,0.107,0.15,0.107,0.15,0.107,0.15,0.107,0.15,0.107,0.107,0.15,0.107,0.15,0.15,0.107,0.107,0.15,0.107,0.15,0.15,0.107,0.15,0.107,0.107,0.15,0.15,0.107,0.107,0.15,0.107,0.15,0.107,0.15,0.15,0.107,0.107,0.15,0.107,0.15,0.15,0.107,0.15,0.107,0.107,0.15,0.107,0.15,0.15,0.107,0.15,0.107,0.107,0.15,0.107,0.15,0.107,0.15,0.15,0.107,0.15,0.107,0.107,0.15,0.15,0.107,0.107,0.15,0.15,0.107,0.107,0.15,0.107,0.15,0.15,0.107,0.15,0.107,0.107,0.15,0.15,0.107,0.15,0.107,0.15,0.107,0.15,0.107,0.107,0.15,0.107,0.15,0.15,0.107,0.15,0.107,0.15,0.107,0.15,0.107
